{
    "id": "FM__r",
    "name": "FM__r",
    "features": {
        "__r_1_26_27": {
            "name": "__r_1_26_27",
            "optional": false,
            "type": "FEATURE",
            "note": ""
        },
        "__r_1_26_28": {
            "name": "__r_1_26_28",
            "optional": false,
            "type": "FEATURE",
            "note": ""
        },
        "_r": {
            "name": "_r",
            "optional": true,
            "type": "OR",
            "note": ""
        },
        "_r_1_14": {
            "name": "_r_1_14",
            "optional": true,
            "type": "FEATURE",
            "note": ""
        },
        "_r_1_14_20": {
            "name": "_r_1_14_20",
            "optional": false,
            "type": "FEATURE",
            "note": ""
        },
        "_r_1_23": {
            "name": "_r_1_23",
            "optional": true,
            "type": "FEATURE",
            "note": ""
        },
        "_r_1_23_24": {
            "name": "_r_1_23_24",
            "optional": false,
            "type": "FEATURE",
            "note": ""
        },
        "_r_1_24": {
            "name": "_r_1_24",
            "optional": true,
            "type": "FEATURE",
            "note": ""
        },
        "_r_1_24_21": {
            "name": "_r_1_24_21",
            "optional": false,
            "type": "FEATURE",
            "note": ""
        },
        "_r_1_26": {
            "name": "_r_1_26",
            "optional": true,
            "type": "FEATURE",
            "note": ""
        },
        "_r_1_26_22": {
            "name": "_r_1_26_22",
            "optional": false,
            "type": "FEATURE",
            "note": ""
        },
        "_r_1_26_25": {
            "name": "_r_1_26_25",
            "optional": false,
            "type": "FEATURE",
            "note": ""
        },
        "_r_1_26_26": {
            "name": "_r_1_26_26",
            "optional": false,
            "type": "FEATURE",
            "note": ""
        },
        "_r_1_26_27": {
            "name": "_r_1_26_27",
            "optional": false,
            "type": "FEATURE",
            "note": ""
        },
        "_r_1_26_28": {
            "name": "_r_1_26_28",
            "optional": false,
            "type": "FEATURE",
            "note": ""
        }
    },
    "tree": {
        "id": "_r",
        "children": [
            {
                "id": "_r_1_14",
                "children": [
                    {
                        "id": "_r_1_14_20"
                    }
                ]
            },
            {
                "id": "_r_1_23",
                "children": [
                    {
                        "id": "_r_1_23_24"
                    }
                ]
            },
            {
                "id": "_r_1_24",
                "children": [
                    {
                        "id": "_r_1_24_21"
                    }
                ]
            },
            {
                "id": "_r_1_26",
                "children": [
                    {
                        "id": "__r_1_26_27"
                    },
                    {
                        "id": "__r_1_26_28"
                    },
                    {
                        "id": "_r_1_26_22"
                    },
                    {
                        "id": "_r_1_26_25"
                    },
                    {
                        "id": "_r_1_26_26"
                    },
                    {
                        "id": "_r_1_26_27"
                    },
                    {
                        "id": "_r_1_26_28"
                    }
                ]
            }
        ]
    },
    "constraints": {
        "Constraint 0": {
            "type": "ImpliesTerm",
            "operands": [
                {
                    "type": "FeatureTerm",
                    "operands": [
                        "_r_1_24"
                    ]
                },
                {
                    "type": "FeatureTerm",
                    "operands": [
                        "_r_1_26"
                    ]
                }
            ]
        }
    }
}