{
    "id": "FM__r",
    "name": "FM__r",
    "features": {
        "_r": {
            "name": "_r",
            "optional": true,
            "type": "OR",
            "note": ""
        },
        "_r_10": {
            "name": "_r_10",
            "optional": true,
            "type": "FEATURE",
            "note": ""
        },
        "_r_11": {
            "name": "_r_11",
            "optional": false,
            "type": "FEATURE",
            "note": ""
        },
        "_r_12": {
            "name": "_r_12",
            "optional": true,
            "type": "FEATURE",
            "note": ""
        },
        "_r_15": {
            "name": "_r_15",
            "optional": true,
            "type": "FEATURE",
            "note": ""
        },
        "_r_1_2": {
            "name": "_r_1_2",
            "optional": true,
            "type": "FEATURE",
            "note": ""
        },
        "_r_1_5": {
            "name": "_r_1_5",
            "optional": true,
            "type": "FEATURE",
            "note": ""
        },
        "_r_1_6": {
            "name": "_r_1_6",
            "optional": true,
            "type": "FEATURE",
            "note": ""
        },
        "_r_7": {
            "name": "_r_7",
            "optional": true,
            "type": "FEATURE",
            "note": ""
        },
        "_r_8": {
            "name": "_r_8",
            "optional": true,
            "type": "OR",
            "note": ""
        },
        "_r_8_11_12": {
            "name": "_r_8_11_12",
            "optional": true,
            "type": "FEATURE",
            "note": ""
        },
        "_r_8_11_13": {
            "name": "_r_8_11_13",
            "optional": true,
            "type": "FEATURE",
            "note": ""
        },
        "_r_8_11_14": {
            "name": "_r_8_11_14",
            "optional": true,
            "type": "FEATURE",
            "note": ""
        },
        "_r_9": {
            "name": "_r_9",
            "optional": true,
            "type": "FEATURE",
            "note": ""
        }
    },
    "tree": {
        "id": "_r",
        "children": [
            {
                "id": "_r_10"
            },
            {
                "id": "_r_11"
            },
            {
                "id": "_r_12"
            },
            {
                "id": "_r_15"
            },
            {
                "id": "_r_1_2"
            },
            {
                "id": "_r_1_5"
            },
            {
                "id": "_r_1_6"
            },
            {
                "id": "_r_7"
            },
            {
                "id": "_r_8",
                "children": [
                    {
                        "id": "_r_8_11_12"
                    },
                    {
                        "id": "_r_8_11_13"
                    },
                    {
                        "id": "_r_8_11_14"
                    }
                ]
            },
            {
                "id": "_r_9"
            }
        ]
    },
    "constraints": {
        "Constraint 0": {
            "type": "ImpliesTerm",
            "operands": [
                {
                    "type": "FeatureTerm",
                    "operands": [
                        "_r_1_2"
                    ]
                },
                {
                    "type": "FeatureTerm",
                    "operands": [
                        "_r_7"
                    ]
                }
            ]
        },
        "Constraint 1": {
            "type": "ImpliesTerm",
            "operands": [
                {
                    "type": "FeatureTerm",
                    "operands": [
                        "_r_8_11_13"
                    ]
                },
                {
                    "type": "FeatureTerm",
                    "operands": [
                        "_r_15"
                    ]
                }
            ]
        },
        "Constraint 2": {
            "type": "ImpliesTerm",
            "operands": [
                {
                    "type": "FeatureTerm",
                    "operands": [
                        "_r_1_5"
                    ]
                },
                {
                    "type": "FeatureTerm",
                    "operands": [
                        "_r_7"
                    ]
                }
            ]
        },
        "Constraint 3": {
            "type": "ImpliesTerm",
            "operands": [
                {
                    "type": "FeatureTerm",
                    "operands": [
                        "_r_8_11_12"
                    ]
                },
                {
                    "type": "FeatureTerm",
                    "operands": [
                        "_r_15"
                    ]
                }
            ]
        }
    }
}