{
    "id": "FM__r",
    "name": "FM__r",
    "features": {
        "_r": {
            "name": "_r",
            "optional": true,
            "type": "FEATURE",
            "note": ""
        },
        "_r_22": {
            "name": "_r_22",
            "optional": true,
            "type": "FEATURE",
            "note": ""
        },
        "_r_4": {
            "name": "_r_4",
            "optional": false,
            "type": "FEATURE",
            "note": ""
        },
        "_r_4_5": {
            "name": "_r_4_5",
            "optional": false,
            "type": "FEATURE",
            "note": ""
        },
        "_r_4_5_26": {
            "name": "_r_4_5_26",
            "optional": false,
            "type": "FEATURE",
            "note": ""
        },
        "_r_4_5_26_27": {
            "name": "_r_4_5_26_27",
            "optional": false,
            "type": "XOR",
            "note": ""
        },
        "_r_4_5_26_27_28_29": {
            "name": "_r_4_5_26_27_28_29",
            "optional": true,
            "type": "FEATURE",
            "note": ""
        },
        "_r_4_5_26_27_28_31": {
            "name": "_r_4_5_26_27_28_31",
            "optional": true,
            "type": "FEATURE",
            "note": ""
        },
        "_r_4_5_26_32": {
            "name": "_r_4_5_26_32",
            "optional": false,
            "type": "FEATURE",
            "note": ""
        },
        "_r_4_5_26_42": {
            "name": "_r_4_5_26_42",
            "optional": false,
            "type": "FEATURE",
            "note": ""
        },
        "_r_4_5_26_42_25": {
            "name": "_r_4_5_26_42_25",
            "optional": false,
            "type": "FEATURE",
            "note": ""
        },
        "_r_4_5_26_42_26": {
            "name": "_r_4_5_26_42_26",
            "optional": true,
            "type": "FEATURE",
            "note": ""
        },
        "_r_4_5_26_42_27": {
            "name": "_r_4_5_26_42_27",
            "optional": true,
            "type": "FEATURE",
            "note": ""
        },
        "_r_4_6": {
            "name": "_r_4_6",
            "optional": false,
            "type": "FEATURE",
            "note": ""
        },
        "_r_4_6_11": {
            "name": "_r_4_6_11",
            "optional": false,
            "type": "FEATURE",
            "note": ""
        },
        "_r_4_6_12": {
            "name": "_r_4_6_12",
            "optional": false,
            "type": "FEATURE",
            "note": ""
        },
        "_r_4_6_13": {
            "name": "_r_4_6_13",
            "optional": true,
            "type": "FEATURE",
            "note": ""
        },
        "_r_7": {
            "name": "_r_7",
            "optional": false,
            "type": "FEATURE",
            "note": ""
        },
        "_r_7_37": {
            "name": "_r_7_37",
            "optional": true,
            "type": "FEATURE",
            "note": ""
        },
        "_r_8": {
            "name": "_r_8",
            "optional": false,
            "type": "FEATURE",
            "note": ""
        },
        "_r_8_40": {
            "name": "_r_8_40",
            "optional": false,
            "type": "FEATURE",
            "note": ""
        },
        "_r_8_9": {
            "name": "_r_8_9",
            "optional": true,
            "type": "FEATURE",
            "note": ""
        }
    },
    "tree": {
        "id": "_r",
        "children": [
            {
                "id": "_r_22"
            },
            {
                "id": "_r_4",
                "children": [
                    {
                        "id": "_r_4_5",
                        "children": [
                            {
                                "id": "_r_4_5_26",
                                "children": [
                                    {
                                        "id": "_r_4_5_26_27",
                                        "children": [
                                            {
                                                "id": "_r_4_5_26_27_28_29"
                                            },
                                            {
                                                "id": "_r_4_5_26_27_28_31"
                                            }
                                        ]
                                    },
                                    {
                                        "id": "_r_4_5_26_32"
                                    },
                                    {
                                        "id": "_r_4_5_26_42",
                                        "children": [
                                            {
                                                "id": "_r_4_5_26_42_25"
                                            },
                                            {
                                                "id": "_r_4_5_26_42_26"
                                            },
                                            {
                                                "id": "_r_4_5_26_42_27"
                                            }
                                        ]
                                    }
                                ]
                            }
                        ]
                    },
                    {
                        "id": "_r_4_6",
                        "children": [
                            {
                                "id": "_r_4_6_11"
                            },
                            {
                                "id": "_r_4_6_12"
                            },
                            {
                                "id": "_r_4_6_13"
                            }
                        ]
                    }
                ]
            },
            {
                "id": "_r_7",
                "children": [
                    {
                        "id": "_r_7_37"
                    }
                ]
            },
            {
                "id": "_r_8",
                "children": [
                    {
                        "id": "_r_8_40"
                    },
                    {
                        "id": "_r_8_9"
                    }
                ]
            }
        ]
    },
    "constraints": {}
}