{
    "id": "FM__r",
    "name": "FM__r",
    "features": {
        "_r": {
            "name": "_r",
            "optional": true,
            "type": "FEATURE",
            "note": ""
        },
        "_r_1": {
            "name": "_r_1",
            "optional": false,
            "type": "FEATURE",
            "note": ""
        },
        "_r_1_17": {
            "name": "_r_1_17",
            "optional": true,
            "type": "FEATURE",
            "note": ""
        },
        "_r_1_18": {
            "name": "_r_1_18",
            "optional": true,
            "type": "FEATURE",
            "note": ""
        },
        "_r_1_19": {
            "name": "_r_1_19",
            "optional": true,
            "type": "FEATURE",
            "note": ""
        },
        "_r_1_2": {
            "name": "_r_1_2",
            "optional": false,
            "type": "FEATURE",
            "note": ""
        },
        "_r_1_2_3": {
            "name": "_r_1_2_3",
            "optional": true,
            "type": "FEATURE",
            "note": ""
        },
        "_r_1_2_4": {
            "name": "_r_1_2_4",
            "optional": false,
            "type": "FEATURE",
            "note": ""
        },
        "_r_1_2_5": {
            "name": "_r_1_2_5",
            "optional": false,
            "type": "FEATURE",
            "note": ""
        },
        "_r_1_2_6": {
            "name": "_r_1_2_6",
            "optional": false,
            "type": "FEATURE",
            "note": ""
        },
        "_r_20": {
            "name": "_r_20",
            "optional": false,
            "type": "FEATURE",
            "note": ""
        },
        "_r_20_21": {
            "name": "_r_20_21",
            "optional": false,
            "type": "FEATURE",
            "note": ""
        },
        "_r_20_21_22": {
            "name": "_r_20_21_22",
            "optional": false,
            "type": "FEATURE",
            "note": ""
        },
        "_r_20_21_23": {
            "name": "_r_20_21_23",
            "optional": false,
            "type": "FEATURE",
            "note": ""
        },
        "_r_20_24": {
            "name": "_r_20_24",
            "optional": false,
            "type": "FEATURE",
            "note": ""
        },
        "_r_25": {
            "name": "_r_25",
            "optional": false,
            "type": "FEATURE",
            "note": ""
        },
        "_r_25_26": {
            "name": "_r_25_26",
            "optional": false,
            "type": "FEATURE",
            "note": ""
        },
        "_r_25_26_27": {
            "name": "_r_25_26_27",
            "optional": false,
            "type": "FEATURE",
            "note": ""
        },
        "_r_25_26_28": {
            "name": "_r_25_26_28",
            "optional": false,
            "type": "FEATURE",
            "note": ""
        },
        "_r_25_29": {
            "name": "_r_25_29",
            "optional": true,
            "type": "FEATURE",
            "note": ""
        },
        "_r_25_30": {
            "name": "_r_25_30",
            "optional": true,
            "type": "FEATURE",
            "note": ""
        },
        "_r_25_31": {
            "name": "_r_25_31",
            "optional": true,
            "type": "FEATURE",
            "note": ""
        },
        "_r_25_32": {
            "name": "_r_25_32",
            "optional": true,
            "type": "FEATURE",
            "note": ""
        },
        "_r_25_33": {
            "name": "_r_25_33",
            "optional": true,
            "type": "FEATURE",
            "note": ""
        },
        "_r_25_34": {
            "name": "_r_25_34",
            "optional": true,
            "type": "FEATURE",
            "note": ""
        },
        "_r_25_35": {
            "name": "_r_25_35",
            "optional": true,
            "type": "FEATURE",
            "note": ""
        },
        "_r_25_36": {
            "name": "_r_25_36",
            "optional": true,
            "type": "FEATURE",
            "note": ""
        },
        "_r_25_38": {
            "name": "_r_25_38",
            "optional": false,
            "type": "FEATURE",
            "note": ""
        },
        "_r_39": {
            "name": "_r_39",
            "optional": false,
            "type": "FEATURE",
            "note": ""
        },
        "_r_39_40": {
            "name": "_r_39_40",
            "optional": false,
            "type": "FEATURE",
            "note": ""
        },
        "_r_39_41": {
            "name": "_r_39_41",
            "optional": false,
            "type": "FEATURE",
            "note": ""
        },
        "_r_39_42": {
            "name": "_r_39_42",
            "optional": false,
            "type": "FEATURE",
            "note": ""
        },
        "_r_39_43": {
            "name": "_r_39_43",
            "optional": false,
            "type": "FEATURE",
            "note": ""
        },
        "_r_44": {
            "name": "_r_44",
            "optional": true,
            "type": "FEATURE",
            "note": ""
        },
        "_r_44_45": {
            "name": "_r_44_45",
            "optional": true,
            "type": "FEATURE",
            "note": ""
        },
        "_r_44_46": {
            "name": "_r_44_46",
            "optional": true,
            "type": "FEATURE",
            "note": ""
        },
        "_r_44_47": {
            "name": "_r_44_47",
            "optional": true,
            "type": "FEATURE",
            "note": ""
        },
        "_r_48": {
            "name": "_r_48",
            "optional": false,
            "type": "FEATURE",
            "note": ""
        },
        "_r_48_49": {
            "name": "_r_48_49",
            "optional": true,
            "type": "FEATURE",
            "note": ""
        },
        "_r_48_50": {
            "name": "_r_48_50",
            "optional": false,
            "type": "FEATURE",
            "note": ""
        },
        "_r_48_51": {
            "name": "_r_48_51",
            "optional": true,
            "type": "FEATURE",
            "note": ""
        },
        "_r_48_52": {
            "name": "_r_48_52",
            "optional": true,
            "type": "FEATURE",
            "note": ""
        },
        "_r_53": {
            "name": "_r_53",
            "optional": true,
            "type": "FEATURE",
            "note": ""
        },
        "_r_54": {
            "name": "_r_54",
            "optional": true,
            "type": "FEATURE",
            "note": ""
        },
        "_r_55": {
            "name": "_r_55",
            "optional": true,
            "type": "FEATURE",
            "note": ""
        },
        "_r_56": {
            "name": "_r_56",
            "optional": false,
            "type": "FEATURE",
            "note": ""
        },
        "_r_56_57": {
            "name": "_r_56_57",
            "optional": false,
            "type": "FEATURE",
            "note": ""
        },
        "_r_56_57_58": {
            "name": "_r_56_57_58",
            "optional": true,
            "type": "FEATURE",
            "note": ""
        },
        "_r_56_57_59": {
            "name": "_r_56_57_59",
            "optional": true,
            "type": "FEATURE",
            "note": ""
        },
        "_r_56_57_60": {
            "name": "_r_56_57_60",
            "optional": true,
            "type": "FEATURE",
            "note": ""
        }
    },
    "tree": {
        "id": "_r",
        "children": [
            {
                "id": "_r_1",
                "children": [
                    {
                        "id": "_r_1_17"
                    },
                    {
                        "id": "_r_1_18"
                    },
                    {
                        "id": "_r_1_19"
                    },
                    {
                        "id": "_r_1_2",
                        "children": [
                            {
                                "id": "_r_1_2_3"
                            },
                            {
                                "id": "_r_1_2_4"
                            },
                            {
                                "id": "_r_1_2_5"
                            },
                            {
                                "id": "_r_1_2_6"
                            }
                        ]
                    }
                ]
            },
            {
                "id": "_r_20",
                "children": [
                    {
                        "id": "_r_20_21",
                        "children": [
                            {
                                "id": "_r_20_21_22"
                            },
                            {
                                "id": "_r_20_21_23"
                            }
                        ]
                    },
                    {
                        "id": "_r_20_24"
                    }
                ]
            },
            {
                "id": "_r_25",
                "children": [
                    {
                        "id": "_r_25_26",
                        "children": [
                            {
                                "id": "_r_25_26_27"
                            },
                            {
                                "id": "_r_25_26_28"
                            }
                        ]
                    },
                    {
                        "id": "_r_25_29"
                    },
                    {
                        "id": "_r_25_30"
                    },
                    {
                        "id": "_r_25_31"
                    },
                    {
                        "id": "_r_25_32"
                    },
                    {
                        "id": "_r_25_33"
                    },
                    {
                        "id": "_r_25_34"
                    },
                    {
                        "id": "_r_25_35"
                    },
                    {
                        "id": "_r_25_36"
                    },
                    {
                        "id": "_r_25_38"
                    }
                ]
            },
            {
                "id": "_r_39",
                "children": [
                    {
                        "id": "_r_39_40"
                    },
                    {
                        "id": "_r_39_41"
                    },
                    {
                        "id": "_r_39_42"
                    },
                    {
                        "id": "_r_39_43"
                    }
                ]
            },
            {
                "id": "_r_44",
                "children": [
                    {
                        "id": "_r_44_45"
                    },
                    {
                        "id": "_r_44_46"
                    },
                    {
                        "id": "_r_44_47"
                    }
                ]
            },
            {
                "id": "_r_48",
                "children": [
                    {
                        "id": "_r_48_49"
                    },
                    {
                        "id": "_r_48_50"
                    },
                    {
                        "id": "_r_48_51"
                    },
                    {
                        "id": "_r_48_52"
                    }
                ]
            },
            {
                "id": "_r_53"
            },
            {
                "id": "_r_54"
            },
            {
                "id": "_r_55"
            },
            {
                "id": "_r_56",
                "children": [
                    {
                        "id": "_r_56_57",
                        "children": [
                            {
                                "id": "_r_56_57_58"
                            },
                            {
                                "id": "_r_56_57_59"
                            },
                            {
                                "id": "_r_56_57_60"
                            }
                        ]
                    }
                ]
            }
        ]
    },
    "constraints": {}
}