{
    "id": "FM__r",
    "name": "FM__r",
    "features": {
        "_r": {
            "name": "_r",
            "optional": true,
            "type": "FEATURE",
            "note": ""
        },
        "_r_1": {
            "name": "_r_1",
            "optional": false,
            "type": "FEATURE",
            "note": ""
        },
        "_r_1_4": {
            "name": "_r_1_4",
            "optional": false,
            "type": "FEATURE",
            "note": ""
        },
        "_r_1_5": {
            "name": "_r_1_5",
            "optional": false,
            "type": "FEATURE",
            "note": ""
        },
        "_r_2": {
            "name": "_r_2",
            "optional": false,
            "type": "FEATURE",
            "note": ""
        },
        "_r_2_10": {
            "name": "_r_2_10",
            "optional": true,
            "type": "FEATURE",
            "note": ""
        },
        "_r_2_10_16": {
            "name": "_r_2_10_16",
            "optional": false,
            "type": "FEATURE",
            "note": ""
        },
        "_r_2_10_17": {
            "name": "_r_2_10_17",
            "optional": false,
            "type": "FEATURE",
            "note": ""
        },
        "_r_2_6": {
            "name": "_r_2_6",
            "optional": true,
            "type": "FEATURE",
            "note": ""
        },
        "_r_2_6_11": {
            "name": "_r_2_6_11",
            "optional": false,
            "type": "FEATURE",
            "note": ""
        },
        "_r_2_6_12": {
            "name": "_r_2_6_12",
            "optional": false,
            "type": "FEATURE",
            "note": ""
        },
        "_r_2_7": {
            "name": "_r_2_7",
            "optional": true,
            "type": "FEATURE",
            "note": ""
        },
        "_r_2_8": {
            "name": "_r_2_8",
            "optional": false,
            "type": "FEATURE",
            "note": ""
        },
        "_r_2_8_13": {
            "name": "_r_2_8_13",
            "optional": false,
            "type": "FEATURE",
            "note": ""
        },
        "_r_2_8_14": {
            "name": "_r_2_8_14",
            "optional": false,
            "type": "FEATURE",
            "note": ""
        },
        "_r_2_8_15": {
            "name": "_r_2_8_15",
            "optional": false,
            "type": "FEATURE",
            "note": ""
        },
        "_r_2_9": {
            "name": "_r_2_9",
            "optional": true,
            "type": "FEATURE",
            "note": ""
        },
        "_r_3": {
            "name": "_r_3",
            "optional": false,
            "type": "OR",
            "note": ""
        },
        "_r_3_18_19": {
            "name": "_r_3_18_19",
            "optional": true,
            "type": "FEATURE",
            "note": ""
        },
        "_r_3_18_19_22": {
            "name": "_r_3_18_19_22",
            "optional": false,
            "type": "FEATURE",
            "note": ""
        },
        "_r_3_18_19_23": {
            "name": "_r_3_18_19_23",
            "optional": true,
            "type": "FEATURE",
            "note": ""
        },
        "_r_3_18_20": {
            "name": "_r_3_18_20",
            "optional": true,
            "type": "FEATURE",
            "note": ""
        },
        "_r_3_18_20_24": {
            "name": "_r_3_18_20_24",
            "optional": false,
            "type": "FEATURE",
            "note": ""
        },
        "_r_3_18_21": {
            "name": "_r_3_18_21",
            "optional": true,
            "type": "FEATURE",
            "note": ""
        },
        "_r_3_18_21_25": {
            "name": "_r_3_18_21_25",
            "optional": false,
            "type": "FEATURE",
            "note": ""
        },
        "_r_3_18_21_26": {
            "name": "_r_3_18_21_26",
            "optional": true,
            "type": "FEATURE",
            "note": ""
        }
    },
    "tree": {
        "id": "_r",
        "children": [
            {
                "id": "_r_1",
                "children": [
                    {
                        "id": "_r_1_4"
                    },
                    {
                        "id": "_r_1_5"
                    }
                ]
            },
            {
                "id": "_r_2",
                "children": [
                    {
                        "id": "_r_2_10",
                        "children": [
                            {
                                "id": "_r_2_10_16"
                            },
                            {
                                "id": "_r_2_10_17"
                            }
                        ]
                    },
                    {
                        "id": "_r_2_6",
                        "children": [
                            {
                                "id": "_r_2_6_11"
                            },
                            {
                                "id": "_r_2_6_12"
                            }
                        ]
                    },
                    {
                        "id": "_r_2_7"
                    },
                    {
                        "id": "_r_2_8",
                        "children": [
                            {
                                "id": "_r_2_8_13"
                            },
                            {
                                "id": "_r_2_8_14"
                            },
                            {
                                "id": "_r_2_8_15"
                            }
                        ]
                    },
                    {
                        "id": "_r_2_9"
                    }
                ]
            },
            {
                "id": "_r_3",
                "children": [
                    {
                        "id": "_r_3_18_19",
                        "children": [
                            {
                                "id": "_r_3_18_19_22"
                            },
                            {
                                "id": "_r_3_18_19_23"
                            }
                        ]
                    },
                    {
                        "id": "_r_3_18_20",
                        "children": [
                            {
                                "id": "_r_3_18_20_24"
                            }
                        ]
                    },
                    {
                        "id": "_r_3_18_21",
                        "children": [
                            {
                                "id": "_r_3_18_21_25"
                            },
                            {
                                "id": "_r_3_18_21_26"
                            }
                        ]
                    }
                ]
            }
        ]
    },
    "constraints": {}
}