{
    "id": "FM__r",
    "name": "FM__r",
    "features": {
        "_r": {
            "name": "_r",
            "optional": true,
            "type": "FEATURE",
            "note": ""
        },
        "_r_1": {
            "name": "_r_1",
            "optional": false,
            "type": "FEATURE",
            "note": ""
        },
        "_r_11": {
            "name": "_r_11",
            "optional": true,
            "type": "FEATURE",
            "note": ""
        },
        "_r_11_11": {
            "name": "_r_11_11",
            "optional": true,
            "type": "FEATURE",
            "note": ""
        },
        "_r_11_11_12": {
            "name": "_r_11_11_12",
            "optional": true,
            "type": "FEATURE",
            "note": ""
        },
        "_r_1_4_5": {
            "name": "_r_1_4_5",
            "optional": false,
            "type": "FEATURE",
            "note": ""
        },
        "_r_2": {
            "name": "_r_2",
            "optional": false,
            "type": "FEATURE",
            "note": ""
        },
        "_r_3": {
            "name": "_r_3",
            "optional": true,
            "type": "FEATURE",
            "note": ""
        },
        "_r_7": {
            "name": "_r_7",
            "optional": false,
            "type": "OR",
            "note": ""
        },
        "_r_7_8_10": {
            "name": "_r_7_8_10",
            "optional": true,
            "type": "FEATURE",
            "note": ""
        },
        "_r_7_8_9": {
            "name": "_r_7_8_9",
            "optional": true,
            "type": "FEATURE",
            "note": ""
        }
    },
    "tree": {
        "id": "_r",
        "children": [
            {
                "id": "_r_1",
                "children": [
                    {
                        "id": "_r_1_4_5"
                    }
                ]
            },
            {
                "id": "_r_11",
                "children": [
                    {
                        "id": "_r_11_11",
                        "children": [
                            {
                                "id": "_r_11_11_12"
                            }
                        ]
                    }
                ]
            },
            {
                "id": "_r_2"
            },
            {
                "id": "_r_3"
            },
            {
                "id": "_r_7",
                "children": [
                    {
                        "id": "_r_7_8_10"
                    },
                    {
                        "id": "_r_7_8_9"
                    }
                ]
            }
        ]
    },
    "constraints": {}
}