{
    "id": "FM__r",
    "name": "FM__r",
    "features": {
        "_r": {
            "name": "_r",
            "optional": true,
            "type": "FEATURE",
            "note": ""
        },
        "_r_1": {
            "name": "_r_1",
            "optional": false,
            "type": "FEATURE",
            "note": ""
        },
        "_r_1_3": {
            "name": "_r_1_3",
            "optional": false,
            "type": "FEATURE",
            "note": ""
        },
        "_r_1_3_15": {
            "name": "_r_1_3_15",
            "optional": false,
            "type": "FEATURE",
            "note": ""
        },
        "_r_1_3_15_16": {
            "name": "_r_1_3_15_16",
            "optional": false,
            "type": "FEATURE",
            "note": ""
        },
        "_r_1_3_15_17": {
            "name": "_r_1_3_15_17",
            "optional": false,
            "type": "FEATURE",
            "note": ""
        },
        "_r_1_3_15_18": {
            "name": "_r_1_3_15_18",
            "optional": false,
            "type": "FEATURE",
            "note": ""
        },
        "_r_1_3_15_19": {
            "name": "_r_1_3_15_19",
            "optional": true,
            "type": "FEATURE",
            "note": ""
        },
        "_r_1_3_20": {
            "name": "_r_1_3_20",
            "optional": false,
            "type": "FEATURE",
            "note": ""
        },
        "_r_1_3_20_21": {
            "name": "_r_1_3_20_21",
            "optional": true,
            "type": "FEATURE",
            "note": ""
        },
        "_r_1_3_20_22": {
            "name": "_r_1_3_20_22",
            "optional": true,
            "type": "FEATURE",
            "note": ""
        },
        "_r_1_3_20_23": {
            "name": "_r_1_3_20_23",
            "optional": true,
            "type": "FEATURE",
            "note": ""
        },
        "_r_1_3_4": {
            "name": "_r_1_3_4",
            "optional": false,
            "type": "FEATURE",
            "note": ""
        },
        "_r_1_3_4_11": {
            "name": "_r_1_3_4_11",
            "optional": false,
            "type": "FEATURE",
            "note": ""
        },
        "_r_1_3_4_11_12": {
            "name": "_r_1_3_4_11_12",
            "optional": false,
            "type": "FEATURE",
            "note": ""
        },
        "_r_1_3_4_11_13": {
            "name": "_r_1_3_4_11_13",
            "optional": false,
            "type": "FEATURE",
            "note": ""
        },
        "_r_1_3_4_5": {
            "name": "_r_1_3_4_5",
            "optional": false,
            "type": "FEATURE",
            "note": ""
        },
        "_r_1_3_4_5_7": {
            "name": "_r_1_3_4_5_7",
            "optional": false,
            "type": "FEATURE",
            "note": ""
        },
        "_r_1_3_4_5_7_14": {
            "name": "_r_1_3_4_5_7_14",
            "optional": false,
            "type": "FEATURE",
            "note": ""
        },
        "_r_1_3_4_6": {
            "name": "_r_1_3_4_6",
            "optional": false,
            "type": "FEATURE",
            "note": ""
        },
        "_r_1_3_4_6_8": {
            "name": "_r_1_3_4_6_8",
            "optional": false,
            "type": "FEATURE",
            "note": ""
        },
        "_r_1_3_4_6_8_10": {
            "name": "_r_1_3_4_6_8_10",
            "optional": false,
            "type": "FEATURE",
            "note": ""
        },
        "_r_1_3_4_6_8_9": {
            "name": "_r_1_3_4_6_8_9",
            "optional": false,
            "type": "FEATURE",
            "note": ""
        },
        "_r_2": {
            "name": "_r_2",
            "optional": false,
            "type": "FEATURE",
            "note": ""
        }
    },
    "tree": {
        "id": "_r",
        "children": [
            {
                "id": "_r_1",
                "children": [
                    {
                        "id": "_r_1_3",
                        "children": [
                            {
                                "id": "_r_1_3_15",
                                "children": [
                                    {
                                        "id": "_r_1_3_15_16"
                                    },
                                    {
                                        "id": "_r_1_3_15_17"
                                    },
                                    {
                                        "id": "_r_1_3_15_18"
                                    },
                                    {
                                        "id": "_r_1_3_15_19"
                                    }
                                ]
                            },
                            {
                                "id": "_r_1_3_20",
                                "children": [
                                    {
                                        "id": "_r_1_3_20_21"
                                    },
                                    {
                                        "id": "_r_1_3_20_22"
                                    },
                                    {
                                        "id": "_r_1_3_20_23"
                                    }
                                ]
                            },
                            {
                                "id": "_r_1_3_4",
                                "children": [
                                    {
                                        "id": "_r_1_3_4_11",
                                        "children": [
                                            {
                                                "id": "_r_1_3_4_11_12"
                                            },
                                            {
                                                "id": "_r_1_3_4_11_13"
                                            }
                                        ]
                                    },
                                    {
                                        "id": "_r_1_3_4_5",
                                        "children": [
                                            {
                                                "id": "_r_1_3_4_5_7",
                                                "children": [
                                                    {
                                                        "id": "_r_1_3_4_5_7_14"
                                                    }
                                                ]
                                            }
                                        ]
                                    },
                                    {
                                        "id": "_r_1_3_4_6",
                                        "children": [
                                            {
                                                "id": "_r_1_3_4_6_8",
                                                "children": [
                                                    {
                                                        "id": "_r_1_3_4_6_8_10"
                                                    },
                                                    {
                                                        "id": "_r_1_3_4_6_8_9"
                                                    }
                                                ]
                                            }
                                        ]
                                    }
                                ]
                            }
                        ]
                    }
                ]
            },
            {
                "id": "_r_2"
            }
        ]
    },
    "constraints": {}
}