{
    "id": "FM__r",
    "name": "FM__r",
    "features": {
        "_r": {
            "name": "_r",
            "optional": true,
            "type": "FEATURE",
            "note": ""
        },
        "_r_1": {
            "name": "_r_1",
            "optional": false,
            "type": "OR",
            "note": ""
        },
        "_r_12": {
            "name": "_r_12",
            "optional": true,
            "type": "FEATURE",
            "note": ""
        },
        "_r_12_13": {
            "name": "_r_12_13",
            "optional": true,
            "type": "FEATURE",
            "note": ""
        },
        "_r_12_14": {
            "name": "_r_12_14",
            "optional": true,
            "type": "FEATURE",
            "note": ""
        },
        "_r_12_15": {
            "name": "_r_12_15",
            "optional": true,
            "type": "FEATURE",
            "note": ""
        },
        "_r_1_2_3": {
            "name": "_r_1_2_3",
            "optional": true,
            "type": "FEATURE",
            "note": ""
        },
        "_r_1_2_4": {
            "name": "_r_1_2_4",
            "optional": true,
            "type": "FEATURE",
            "note": ""
        },
        "_r_1_2_5": {
            "name": "_r_1_2_5",
            "optional": true,
            "type": "FEATURE",
            "note": ""
        },
        "_r_6": {
            "name": "_r_6",
            "optional": false,
            "type": "FEATURE",
            "note": ""
        },
        "_r_6_7": {
            "name": "_r_6_7",
            "optional": true,
            "type": "FEATURE",
            "note": ""
        },
        "_r_6_8": {
            "name": "_r_6_8",
            "optional": false,
            "type": "XOR",
            "note": ""
        },
        "_r_6_8_9_10": {
            "name": "_r_6_8_9_10",
            "optional": true,
            "type": "FEATURE",
            "note": ""
        },
        "_r_6_8_9_11": {
            "name": "_r_6_8_9_11",
            "optional": true,
            "type": "FEATURE",
            "note": ""
        }
    },
    "tree": {
        "id": "_r",
        "children": [
            {
                "id": "_r_1",
                "children": [
                    {
                        "id": "_r_1_2_3"
                    },
                    {
                        "id": "_r_1_2_4"
                    },
                    {
                        "id": "_r_1_2_5"
                    }
                ]
            },
            {
                "id": "_r_12",
                "children": [
                    {
                        "id": "_r_12_13"
                    },
                    {
                        "id": "_r_12_14"
                    },
                    {
                        "id": "_r_12_15"
                    }
                ]
            },
            {
                "id": "_r_6",
                "children": [
                    {
                        "id": "_r_6_7"
                    },
                    {
                        "id": "_r_6_8",
                        "children": [
                            {
                                "id": "_r_6_8_9_10"
                            },
                            {
                                "id": "_r_6_8_9_11"
                            }
                        ]
                    }
                ]
            }
        ]
    },
    "constraints": {
        "Constraint 0": {
            "type": "ImpliesTerm",
            "operands": [
                {
                    "type": "FeatureTerm",
                    "operands": [
                        "_r_12_14"
                    ]
                },
                {
                    "type": "NotTerm",
                    "operands": [
                        {
                            "type": "FeatureTerm",
                            "operands": [
                                "_r_12_15"
                            ]
                        }
                    ]
                }
            ]
        },
        "Constraint 1": {
            "type": "ImpliesTerm",
            "operands": [
                {
                    "type": "FeatureTerm",
                    "operands": [
                        "_r_1_2_3"
                    ]
                },
                {
                    "type": "FeatureTerm",
                    "operands": [
                        "_r_6_7"
                    ]
                }
            ]
        }
    }
}