{
    "id": "FM__r",
    "name": "FM__r",
    "features": {
        "_r": {
            "name": "_r",
            "optional": true,
            "type": "FEATURE",
            "note": ""
        },
        "_r_2": {
            "name": "_r_2",
            "optional": false,
            "type": "FEATURE",
            "note": ""
        },
        "_r_2_10": {
            "name": "_r_2_10",
            "optional": true,
            "type": "FEATURE",
            "note": ""
        },
        "_r_2_7": {
            "name": "_r_2_7",
            "optional": true,
            "type": "FEATURE",
            "note": ""
        },
        "_r_2_8": {
            "name": "_r_2_8",
            "optional": false,
            "type": "FEATURE",
            "note": ""
        },
        "_r_2_9": {
            "name": "_r_2_9",
            "optional": true,
            "type": "FEATURE",
            "note": ""
        },
        "_r_3": {
            "name": "_r_3",
            "optional": false,
            "type": "FEATURE",
            "note": ""
        },
        "_r_3_11": {
            "name": "_r_3_11",
            "optional": true,
            "type": "FEATURE",
            "note": ""
        },
        "_r_3_12": {
            "name": "_r_3_12",
            "optional": false,
            "type": "FEATURE",
            "note": ""
        },
        "_r_4": {
            "name": "_r_4",
            "optional": true,
            "type": "FEATURE",
            "note": ""
        },
        "_r_5": {
            "name": "_r_5",
            "optional": false,
            "type": "FEATURE",
            "note": ""
        },
        "_r_5_15": {
            "name": "_r_5_15",
            "optional": true,
            "type": "FEATURE",
            "note": ""
        },
        "_r_5_15_17": {
            "name": "_r_5_15_17",
            "optional": true,
            "type": "FEATURE",
            "note": ""
        },
        "_r_5_16": {
            "name": "_r_5_16",
            "optional": false,
            "type": "FEATURE",
            "note": ""
        },
        "_r_6": {
            "name": "_r_6",
            "optional": false,
            "type": "FEATURE",
            "note": ""
        },
        "_r_6_13": {
            "name": "_r_6_13",
            "optional": true,
            "type": "FEATURE",
            "note": ""
        },
        "_r_6_14": {
            "name": "_r_6_14",
            "optional": true,
            "type": "FEATURE",
            "note": ""
        }
    },
    "tree": {
        "id": "_r",
        "children": [
            {
                "id": "_r_2",
                "children": [
                    {
                        "id": "_r_2_10"
                    },
                    {
                        "id": "_r_2_7"
                    },
                    {
                        "id": "_r_2_8"
                    },
                    {
                        "id": "_r_2_9"
                    }
                ]
            },
            {
                "id": "_r_3",
                "children": [
                    {
                        "id": "_r_3_11"
                    },
                    {
                        "id": "_r_3_12"
                    }
                ]
            },
            {
                "id": "_r_4"
            },
            {
                "id": "_r_5",
                "children": [
                    {
                        "id": "_r_5_15",
                        "children": [
                            {
                                "id": "_r_5_15_17"
                            }
                        ]
                    },
                    {
                        "id": "_r_5_16"
                    }
                ]
            },
            {
                "id": "_r_6",
                "children": [
                    {
                        "id": "_r_6_13"
                    },
                    {
                        "id": "_r_6_14"
                    }
                ]
            }
        ]
    },
    "constraints": {
        "Constraint 0": {
            "type": "ImpliesTerm",
            "operands": [
                {
                    "type": "FeatureTerm",
                    "operands": [
                        "_r_2_9"
                    ]
                },
                {
                    "type": "FeatureTerm",
                    "operands": [
                        "_r_3_11"
                    ]
                }
            ]
        },
        "Constraint 1": {
            "type": "ImpliesTerm",
            "operands": [
                {
                    "type": "FeatureTerm",
                    "operands": [
                        "_r_2_7"
                    ]
                },
                {
                    "type": "NotTerm",
                    "operands": [
                        {
                            "type": "FeatureTerm",
                            "operands": [
                                "_r_6_13"
                            ]
                        }
                    ]
                }
            ]
        },
        "Constraint 2": {
            "type": "ImpliesTerm",
            "operands": [
                {
                    "type": "FeatureTerm",
                    "operands": [
                        "_r_4"
                    ]
                },
                {
                    "type": "NotTerm",
                    "operands": [
                        {
                            "type": "FeatureTerm",
                            "operands": [
                                "_r_6_13"
                            ]
                        }
                    ]
                }
            ]
        },
        "Constraint 3": {
            "type": "ImpliesTerm",
            "operands": [
                {
                    "type": "FeatureTerm",
                    "operands": [
                        "_r_2_10"
                    ]
                },
                {
                    "type": "NotTerm",
                    "operands": [
                        {
                            "type": "FeatureTerm",
                            "operands": [
                                "_r_6_13"
                            ]
                        }
                    ]
                }
            ]
        },
        "Constraint 4": {
            "type": "ImpliesTerm",
            "operands": [
                {
                    "type": "FeatureTerm",
                    "operands": [
                        "_r_3_11"
                    ]
                },
                {
                    "type": "NotTerm",
                    "operands": [
                        {
                            "type": "FeatureTerm",
                            "operands": [
                                "_r_6_13"
                            ]
                        }
                    ]
                }
            ]
        },
        "Constraint 5": {
            "type": "ImpliesTerm",
            "operands": [
                {
                    "type": "FeatureTerm",
                    "operands": [
                        "_r_2_9"
                    ]
                },
                {
                    "type": "FeatureTerm",
                    "operands": [
                        "_r_5_15_17"
                    ]
                }
            ]
        },
        "Constraint 6": {
            "type": "ImpliesTerm",
            "operands": [
                {
                    "type": "FeatureTerm",
                    "operands": [
                        "_r_2_9"
                    ]
                },
                {
                    "type": "FeatureTerm",
                    "operands": [
                        "_r_6_14"
                    ]
                }
            ]
        },
        "Constraint 7": {
            "type": "ImpliesTerm",
            "operands": [
                {
                    "type": "FeatureTerm",
                    "operands": [
                        "_r_2_7"
                    ]
                },
                {
                    "type": "FeatureTerm",
                    "operands": [
                        "_r_6_14"
                    ]
                }
            ]
        }
    }
}