{
    "id": "FM__r",
    "name": "FM__r",
    "features": {
        "_r": {
            "name": "_r",
            "optional": true,
            "type": "FEATURE",
            "note": ""
        },
        "_r_2": {
            "name": "_r_2",
            "optional": false,
            "type": "FEATURE",
            "note": ""
        },
        "_r_2_7": {
            "name": "_r_2_7",
            "optional": false,
            "type": "XOR",
            "note": ""
        },
        "_r_2_7_33_34": {
            "name": "_r_2_7_33_34",
            "optional": true,
            "type": "FEATURE",
            "note": ""
        },
        "_r_2_7_33_35": {
            "name": "_r_2_7_33_35",
            "optional": true,
            "type": "FEATURE",
            "note": ""
        },
        "_r_2_7_33_36": {
            "name": "_r_2_7_33_36",
            "optional": true,
            "type": "FEATURE",
            "note": ""
        },
        "_r_2_7_33_37": {
            "name": "_r_2_7_33_37",
            "optional": true,
            "type": "FEATURE",
            "note": ""
        },
        "_r_2_7_33_38": {
            "name": "_r_2_7_33_38",
            "optional": true,
            "type": "FEATURE",
            "note": ""
        },
        "_r_2_8": {
            "name": "_r_2_8",
            "optional": true,
            "type": "XOR",
            "note": ""
        },
        "_r_2_8_39_40": {
            "name": "_r_2_8_39_40",
            "optional": true,
            "type": "FEATURE",
            "note": ""
        },
        "_r_2_8_39_41": {
            "name": "_r_2_8_39_41",
            "optional": true,
            "type": "FEATURE",
            "note": ""
        },
        "_r_3": {
            "name": "_r_3",
            "optional": false,
            "type": "XOR",
            "note": ""
        },
        "_r_3_15_16": {
            "name": "_r_3_15_16",
            "optional": true,
            "type": "FEATURE",
            "note": ""
        },
        "_r_3_15_19": {
            "name": "_r_3_15_19",
            "optional": true,
            "type": "FEATURE",
            "note": ""
        },
        "_r_3_15_20": {
            "name": "_r_3_15_20",
            "optional": true,
            "type": "FEATURE",
            "note": ""
        },
        "_r_3_15_21": {
            "name": "_r_3_15_21",
            "optional": true,
            "type": "FEATURE",
            "note": ""
        },
        "_r_4": {
            "name": "_r_4",
            "optional": false,
            "type": "XOR",
            "note": ""
        },
        "_r_4_22_23": {
            "name": "_r_4_22_23",
            "optional": true,
            "type": "XOR",
            "note": ""
        },
        "_r_4_22_23_42_43": {
            "name": "_r_4_22_23_42_43",
            "optional": true,
            "type": "FEATURE",
            "note": ""
        },
        "_r_4_22_23_42_44": {
            "name": "_r_4_22_23_42_44",
            "optional": true,
            "type": "FEATURE",
            "note": ""
        },
        "_r_4_22_24": {
            "name": "_r_4_22_24",
            "optional": true,
            "type": "XOR",
            "note": ""
        },
        "_r_4_22_24_45_46": {
            "name": "_r_4_22_24_45_46",
            "optional": true,
            "type": "FEATURE",
            "note": ""
        },
        "_r_4_22_24_45_47": {
            "name": "_r_4_22_24_45_47",
            "optional": true,
            "type": "FEATURE",
            "note": ""
        },
        "_r_4_22_24_45_48": {
            "name": "_r_4_22_24_45_48",
            "optional": true,
            "type": "FEATURE",
            "note": ""
        },
        "_r_5": {
            "name": "_r_5",
            "optional": false,
            "type": "XOR",
            "note": ""
        },
        "_r_5_25_26": {
            "name": "_r_5_25_26",
            "optional": true,
            "type": "XOR",
            "note": ""
        },
        "_r_5_25_26_49_50": {
            "name": "_r_5_25_26_49_50",
            "optional": true,
            "type": "FEATURE",
            "note": ""
        },
        "_r_5_25_26_49_51": {
            "name": "_r_5_25_26_49_51",
            "optional": true,
            "type": "FEATURE",
            "note": ""
        },
        "_r_5_25_26_49_52": {
            "name": "_r_5_25_26_49_52",
            "optional": true,
            "type": "FEATURE",
            "note": ""
        },
        "_r_5_25_26_49_53": {
            "name": "_r_5_25_26_49_53",
            "optional": true,
            "type": "FEATURE",
            "note": ""
        },
        "_r_5_25_27": {
            "name": "_r_5_25_27",
            "optional": true,
            "type": "FEATURE",
            "note": ""
        },
        "_r_5_25_28": {
            "name": "_r_5_25_28",
            "optional": true,
            "type": "XOR",
            "note": ""
        },
        "_r_5_25_28_54_55": {
            "name": "_r_5_25_28_54_55",
            "optional": true,
            "type": "FEATURE",
            "note": ""
        },
        "_r_5_25_28_54_56": {
            "name": "_r_5_25_28_54_56",
            "optional": true,
            "type": "FEATURE",
            "note": ""
        },
        "_r_9": {
            "name": "_r_9",
            "optional": true,
            "type": "XOR",
            "note": ""
        },
        "_r_9_29_30": {
            "name": "_r_9_29_30",
            "optional": true,
            "type": "FEATURE",
            "note": ""
        },
        "_r_9_29_31": {
            "name": "_r_9_29_31",
            "optional": true,
            "type": "FEATURE",
            "note": ""
        },
        "_r_9_29_32": {
            "name": "_r_9_29_32",
            "optional": true,
            "type": "FEATURE",
            "note": ""
        }
    },
    "tree": {
        "id": "_r",
        "children": [
            {
                "id": "_r_2",
                "children": [
                    {
                        "id": "_r_2_7",
                        "children": [
                            {
                                "id": "_r_2_7_33_34"
                            },
                            {
                                "id": "_r_2_7_33_35"
                            },
                            {
                                "id": "_r_2_7_33_36"
                            },
                            {
                                "id": "_r_2_7_33_37"
                            },
                            {
                                "id": "_r_2_7_33_38"
                            }
                        ]
                    },
                    {
                        "id": "_r_2_8",
                        "children": [
                            {
                                "id": "_r_2_8_39_40"
                            },
                            {
                                "id": "_r_2_8_39_41"
                            }
                        ]
                    }
                ]
            },
            {
                "id": "_r_3",
                "children": [
                    {
                        "id": "_r_3_15_16"
                    },
                    {
                        "id": "_r_3_15_19"
                    },
                    {
                        "id": "_r_3_15_20"
                    },
                    {
                        "id": "_r_3_15_21"
                    }
                ]
            },
            {
                "id": "_r_4",
                "children": [
                    {
                        "id": "_r_4_22_23",
                        "children": [
                            {
                                "id": "_r_4_22_23_42_43"
                            },
                            {
                                "id": "_r_4_22_23_42_44"
                            }
                        ]
                    },
                    {
                        "id": "_r_4_22_24",
                        "children": [
                            {
                                "id": "_r_4_22_24_45_46"
                            },
                            {
                                "id": "_r_4_22_24_45_47"
                            },
                            {
                                "id": "_r_4_22_24_45_48"
                            }
                        ]
                    }
                ]
            },
            {
                "id": "_r_5",
                "children": [
                    {
                        "id": "_r_5_25_26",
                        "children": [
                            {
                                "id": "_r_5_25_26_49_50"
                            },
                            {
                                "id": "_r_5_25_26_49_51"
                            },
                            {
                                "id": "_r_5_25_26_49_52"
                            },
                            {
                                "id": "_r_5_25_26_49_53"
                            }
                        ]
                    },
                    {
                        "id": "_r_5_25_27"
                    },
                    {
                        "id": "_r_5_25_28",
                        "children": [
                            {
                                "id": "_r_5_25_28_54_55"
                            },
                            {
                                "id": "_r_5_25_28_54_56"
                            }
                        ]
                    }
                ]
            },
            {
                "id": "_r_9",
                "children": [
                    {
                        "id": "_r_9_29_30"
                    },
                    {
                        "id": "_r_9_29_31"
                    },
                    {
                        "id": "_r_9_29_32"
                    }
                ]
            }
        ]
    },
    "constraints": {}
}