{
    "id": "FM__r",
    "name": "FM__r",
    "features": {
        "_r": {
            "name": "_r",
            "optional": true,
            "type": "FEATURE",
            "note": ""
        },
        "_r_4": {
            "name": "_r_4",
            "optional": false,
            "type": "XOR",
            "note": ""
        },
        "_r_4_9_10": {
            "name": "_r_4_9_10",
            "optional": true,
            "type": "FEATURE",
            "note": ""
        },
        "_r_4_9_11": {
            "name": "_r_4_9_11",
            "optional": true,
            "type": "FEATURE",
            "note": ""
        },
        "_r_5": {
            "name": "_r_5",
            "optional": false,
            "type": "OR",
            "note": ""
        },
        "_r_5_15_16": {
            "name": "_r_5_15_16",
            "optional": true,
            "type": "FEATURE",
            "note": ""
        },
        "_r_5_15_17": {
            "name": "_r_5_15_17",
            "optional": true,
            "type": "FEATURE",
            "note": ""
        },
        "_r_7": {
            "name": "_r_7",
            "optional": false,
            "type": "XOR",
            "note": ""
        },
        "_r_7_12_13": {
            "name": "_r_7_12_13",
            "optional": true,
            "type": "FEATURE",
            "note": ""
        },
        "_r_7_12_14": {
            "name": "_r_7_12_14",
            "optional": true,
            "type": "FEATURE",
            "note": ""
        },
        "_r_8": {
            "name": "_r_8",
            "optional": true,
            "type": "FEATURE",
            "note": ""
        }
    },
    "tree": {
        "id": "_r",
        "children": [
            {
                "id": "_r_4",
                "children": [
                    {
                        "id": "_r_4_9_10"
                    },
                    {
                        "id": "_r_4_9_11"
                    }
                ]
            },
            {
                "id": "_r_5",
                "children": [
                    {
                        "id": "_r_5_15_16"
                    },
                    {
                        "id": "_r_5_15_17"
                    }
                ]
            },
            {
                "id": "_r_7",
                "children": [
                    {
                        "id": "_r_7_12_13"
                    },
                    {
                        "id": "_r_7_12_14"
                    }
                ]
            },
            {
                "id": "_r_8"
            }
        ]
    },
    "constraints": {
        "Constraint 0": {
            "type": "ImpliesTerm",
            "operands": [
                {
                    "type": "FeatureTerm",
                    "operands": [
                        "_r_4_9_10"
                    ]
                },
                {
                    "type": "NotTerm",
                    "operands": [
                        {
                            "type": "FeatureTerm",
                            "operands": [
                                "_r_7_12_14"
                            ]
                        }
                    ]
                }
            ]
        }
    }
}