{
    "id": "FM__r",
    "name": "FM__r",
    "features": {
        "_r": {
            "name": "_r",
            "optional": true,
            "type": "FEATURE",
            "note": ""
        },
        "_r_23": {
            "name": "_r_23",
            "optional": false,
            "type": "FEATURE",
            "note": ""
        },
        "_r_23_24": {
            "name": "_r_23_24",
            "optional": false,
            "type": "OR",
            "note": ""
        },
        "_r_23_24_29_30": {
            "name": "_r_23_24_29_30",
            "optional": true,
            "type": "FEATURE",
            "note": ""
        },
        "_r_23_24_29_31": {
            "name": "_r_23_24_29_31",
            "optional": true,
            "type": "FEATURE",
            "note": ""
        },
        "_r_23_25": {
            "name": "_r_23_25",
            "optional": false,
            "type": "OR",
            "note": ""
        },
        "_r_23_25_32_33": {
            "name": "_r_23_25_32_33",
            "optional": true,
            "type": "FEATURE",
            "note": ""
        },
        "_r_23_25_32_34": {
            "name": "_r_23_25_32_34",
            "optional": true,
            "type": "FEATURE",
            "note": ""
        },
        "_r_23_25_32_35": {
            "name": "_r_23_25_32_35",
            "optional": true,
            "type": "FEATURE",
            "note": ""
        },
        "_r_23_26": {
            "name": "_r_23_26",
            "optional": true,
            "type": "FEATURE",
            "note": ""
        },
        "_r_23_27": {
            "name": "_r_23_27",
            "optional": false,
            "type": "FEATURE",
            "note": ""
        },
        "_r_23_28": {
            "name": "_r_23_28",
            "optional": false,
            "type": "FEATURE",
            "note": ""
        },
        "_r_36": {
            "name": "_r_36",
            "optional": false,
            "type": "FEATURE",
            "note": ""
        },
        "_r_36_37": {
            "name": "_r_36_37",
            "optional": true,
            "type": "FEATURE",
            "note": ""
        },
        "_r_36_38": {
            "name": "_r_36_38",
            "optional": false,
            "type": "XOR",
            "note": ""
        },
        "_r_36_38_39_40": {
            "name": "_r_36_38_39_40",
            "optional": true,
            "type": "FEATURE",
            "note": ""
        },
        "_r_36_38_39_41": {
            "name": "_r_36_38_39_41",
            "optional": true,
            "type": "FEATURE",
            "note": ""
        },
        "_r_43": {
            "name": "_r_43",
            "optional": true,
            "type": "FEATURE",
            "note": ""
        },
        "_r_43_44": {
            "name": "_r_43_44",
            "optional": true,
            "type": "FEATURE",
            "note": ""
        },
        "_r_43_45": {
            "name": "_r_43_45",
            "optional": true,
            "type": "FEATURE",
            "note": ""
        },
        "_r_43_46": {
            "name": "_r_43_46",
            "optional": true,
            "type": "FEATURE",
            "note": ""
        },
        "_r_47": {
            "name": "_r_47",
            "optional": true,
            "type": "OR",
            "note": ""
        },
        "_r_47_48_49": {
            "name": "_r_47_48_49",
            "optional": true,
            "type": "FEATURE",
            "note": ""
        },
        "_r_47_48_50": {
            "name": "_r_47_48_50",
            "optional": true,
            "type": "FEATURE",
            "note": ""
        },
        "_r_47_48_51": {
            "name": "_r_47_48_51",
            "optional": true,
            "type": "FEATURE",
            "note": ""
        }
    },
    "tree": {
        "id": "_r",
        "children": [
            {
                "id": "_r_23",
                "children": [
                    {
                        "id": "_r_23_24",
                        "children": [
                            {
                                "id": "_r_23_24_29_30"
                            },
                            {
                                "id": "_r_23_24_29_31"
                            }
                        ]
                    },
                    {
                        "id": "_r_23_25",
                        "children": [
                            {
                                "id": "_r_23_25_32_33"
                            },
                            {
                                "id": "_r_23_25_32_34"
                            },
                            {
                                "id": "_r_23_25_32_35"
                            }
                        ]
                    },
                    {
                        "id": "_r_23_26"
                    },
                    {
                        "id": "_r_23_27"
                    },
                    {
                        "id": "_r_23_28"
                    }
                ]
            },
            {
                "id": "_r_36",
                "children": [
                    {
                        "id": "_r_36_37"
                    },
                    {
                        "id": "_r_36_38",
                        "children": [
                            {
                                "id": "_r_36_38_39_40"
                            },
                            {
                                "id": "_r_36_38_39_41"
                            }
                        ]
                    }
                ]
            },
            {
                "id": "_r_43",
                "children": [
                    {
                        "id": "_r_43_44"
                    },
                    {
                        "id": "_r_43_45"
                    },
                    {
                        "id": "_r_43_46"
                    }
                ]
            },
            {
                "id": "_r_47",
                "children": [
                    {
                        "id": "_r_47_48_49"
                    },
                    {
                        "id": "_r_47_48_50"
                    },
                    {
                        "id": "_r_47_48_51"
                    }
                ]
            }
        ]
    },
    "constraints": {
        "Constraint 0": {
            "type": "ImpliesTerm",
            "operands": [
                {
                    "type": "FeatureTerm",
                    "operands": [
                        "_r_23_26"
                    ]
                },
                {
                    "type": "FeatureTerm",
                    "operands": [
                        "_r_36_37"
                    ]
                }
            ]
        },
        "Constraint 1": {
            "type": "ImpliesTerm",
            "operands": [
                {
                    "type": "FeatureTerm",
                    "operands": [
                        "_r_43_45"
                    ]
                },
                {
                    "type": "NotTerm",
                    "operands": [
                        {
                            "type": "FeatureTerm",
                            "operands": [
                                "_r_43_46"
                            ]
                        }
                    ]
                }
            ]
        }
    }
}