{
    "id": "FM__r",
    "name": "FM__r",
    "features": {
        "_r": {
            "name": "_r",
            "optional": true,
            "type": "FEATURE",
            "note": ""
        },
        "_r_1": {
            "name": "_r_1",
            "optional": false,
            "type": "FEATURE",
            "note": ""
        },
        "_r_17": {
            "name": "_r_17",
            "optional": false,
            "type": "FEATURE",
            "note": ""
        },
        "_r_18": {
            "name": "_r_18",
            "optional": false,
            "type": "FEATURE",
            "note": ""
        },
        "_r_18_19": {
            "name": "_r_18_19",
            "optional": true,
            "type": "XOR",
            "note": ""
        },
        "_r_18_19_30_31": {
            "name": "_r_18_19_30_31",
            "optional": true,
            "type": "FEATURE",
            "note": ""
        },
        "_r_18_19_30_32": {
            "name": "_r_18_19_30_32",
            "optional": true,
            "type": "FEATURE",
            "note": ""
        },
        "_r_18_19_30_33": {
            "name": "_r_18_19_30_33",
            "optional": true,
            "type": "FEATURE",
            "note": ""
        },
        "_r_18_20": {
            "name": "_r_18_20",
            "optional": true,
            "type": "XOR",
            "note": ""
        },
        "_r_18_20_23_24": {
            "name": "_r_18_20_23_24",
            "optional": true,
            "type": "FEATURE",
            "note": ""
        },
        "_r_18_20_23_25": {
            "name": "_r_18_20_23_25",
            "optional": true,
            "type": "FEATURE",
            "note": ""
        },
        "_r_1_12": {
            "name": "_r_1_12",
            "optional": true,
            "type": "OR",
            "note": ""
        },
        "_r_1_12_13_14": {
            "name": "_r_1_12_13_14",
            "optional": true,
            "type": "FEATURE",
            "note": ""
        },
        "_r_1_12_13_15": {
            "name": "_r_1_12_13_15",
            "optional": true,
            "type": "FEATURE",
            "note": ""
        },
        "_r_1_12_13_16": {
            "name": "_r_1_12_13_16",
            "optional": true,
            "type": "FEATURE",
            "note": ""
        },
        "_r_1_2": {
            "name": "_r_1_2",
            "optional": false,
            "type": "OR",
            "note": ""
        },
        "_r_1_2_3_4": {
            "name": "_r_1_2_3_4",
            "optional": true,
            "type": "FEATURE",
            "note": ""
        },
        "_r_1_2_3_7": {
            "name": "_r_1_2_3_7",
            "optional": true,
            "type": "FEATURE",
            "note": ""
        },
        "_r_1_2_3_8": {
            "name": "_r_1_2_3_8",
            "optional": true,
            "type": "FEATURE",
            "note": ""
        }
    },
    "tree": {
        "id": "_r",
        "children": [
            {
                "id": "_r_1",
                "children": [
                    {
                        "id": "_r_1_12",
                        "children": [
                            {
                                "id": "_r_1_12_13_14"
                            },
                            {
                                "id": "_r_1_12_13_15"
                            },
                            {
                                "id": "_r_1_12_13_16"
                            }
                        ]
                    },
                    {
                        "id": "_r_1_2",
                        "children": [
                            {
                                "id": "_r_1_2_3_4"
                            },
                            {
                                "id": "_r_1_2_3_7"
                            },
                            {
                                "id": "_r_1_2_3_8"
                            }
                        ]
                    }
                ]
            },
            {
                "id": "_r_17"
            },
            {
                "id": "_r_18",
                "children": [
                    {
                        "id": "_r_18_19",
                        "children": [
                            {
                                "id": "_r_18_19_30_31"
                            },
                            {
                                "id": "_r_18_19_30_32"
                            },
                            {
                                "id": "_r_18_19_30_33"
                            }
                        ]
                    },
                    {
                        "id": "_r_18_20",
                        "children": [
                            {
                                "id": "_r_18_20_23_24"
                            },
                            {
                                "id": "_r_18_20_23_25"
                            }
                        ]
                    }
                ]
            }
        ]
    },
    "constraints": {
        "Constraint 0": {
            "type": "ImpliesTerm",
            "operands": [
                {
                    "type": "FeatureTerm",
                    "operands": [
                        "_r_1"
                    ]
                },
                {
                    "type": "FeatureTerm",
                    "operands": [
                        "_r_1_2"
                    ]
                }
            ]
        },
        "Constraint 1": {
            "type": "ImpliesTerm",
            "operands": [
                {
                    "type": "FeatureTerm",
                    "operands": [
                        "_r_1_2"
                    ]
                },
                {
                    "type": "FeatureTerm",
                    "operands": [
                        "_r_1_2_3_8"
                    ]
                }
            ]
        },
        "Constraint 2": {
            "type": "ImpliesTerm",
            "operands": [
                {
                    "type": "FeatureTerm",
                    "operands": [
                        "_r_18_20"
                    ]
                },
                {
                    "type": "FeatureTerm",
                    "operands": [
                        "_r_18_20_23_25"
                    ]
                }
            ]
        },
        "Constraint 3": {
            "type": "ImpliesTerm",
            "operands": [
                {
                    "type": "FeatureTerm",
                    "operands": [
                        "_r_1_2"
                    ]
                },
                {
                    "type": "FeatureTerm",
                    "operands": [
                        "_r_1_2_3_4"
                    ]
                }
            ]
        },
        "Constraint 4": {
            "type": "ImpliesTerm",
            "operands": [
                {
                    "type": "FeatureTerm",
                    "operands": [
                        "_r_18_20"
                    ]
                },
                {
                    "type": "FeatureTerm",
                    "operands": [
                        "_r_18_20_23_24"
                    ]
                }
            ]
        }
    }
}