{
    "id": "FM__r",
    "name": "FM__r",
    "features": {
        "_r": {
            "name": "_r",
            "optional": true,
            "type": "FEATURE",
            "note": ""
        },
        "_r_1": {
            "name": "_r_1",
            "optional": false,
            "type": "FEATURE",
            "note": ""
        },
        "_r_11": {
            "name": "_r_11",
            "optional": false,
            "type": "FEATURE",
            "note": ""
        },
        "_r_11_12": {
            "name": "_r_11_12",
            "optional": true,
            "type": "FEATURE",
            "note": ""
        },
        "_r_11_12_15": {
            "name": "_r_11_12_15",
            "optional": true,
            "type": "FEATURE",
            "note": ""
        },
        "_r_11_12_16": {
            "name": "_r_11_12_16",
            "optional": true,
            "type": "FEATURE",
            "note": ""
        },
        "_r_11_12_17": {
            "name": "_r_11_12_17",
            "optional": true,
            "type": "FEATURE",
            "note": ""
        },
        "_r_11_13": {
            "name": "_r_11_13",
            "optional": true,
            "type": "FEATURE",
            "note": ""
        },
        "_r_11_13_18": {
            "name": "_r_11_13_18",
            "optional": true,
            "type": "FEATURE",
            "note": ""
        },
        "_r_11_13_19": {
            "name": "_r_11_13_19",
            "optional": true,
            "type": "FEATURE",
            "note": ""
        },
        "_r_11_13_20": {
            "name": "_r_11_13_20",
            "optional": true,
            "type": "FEATURE",
            "note": ""
        },
        "_r_1_2": {
            "name": "_r_1_2",
            "optional": true,
            "type": "FEATURE",
            "note": ""
        },
        "_r_1_3": {
            "name": "_r_1_3",
            "optional": true,
            "type": "FEATURE",
            "note": ""
        },
        "_r_1_4": {
            "name": "_r_1_4",
            "optional": true,
            "type": "FEATURE",
            "note": ""
        },
        "_r_21": {
            "name": "_r_21",
            "optional": false,
            "type": "FEATURE",
            "note": ""
        },
        "_r_21_22": {
            "name": "_r_21_22",
            "optional": false,
            "type": "FEATURE",
            "note": ""
        },
        "_r_21_22_28": {
            "name": "_r_21_22_28",
            "optional": true,
            "type": "FEATURE",
            "note": ""
        },
        "_r_21_22_29": {
            "name": "_r_21_22_29",
            "optional": true,
            "type": "FEATURE",
            "note": ""
        },
        "_r_21_22_30": {
            "name": "_r_21_22_30",
            "optional": true,
            "type": "FEATURE",
            "note": ""
        },
        "_r_21_22_31": {
            "name": "_r_21_22_31",
            "optional": true,
            "type": "FEATURE",
            "note": ""
        },
        "_r_21_22_32": {
            "name": "_r_21_22_32",
            "optional": true,
            "type": "FEATURE",
            "note": ""
        },
        "_r_21_23": {
            "name": "_r_21_23",
            "optional": false,
            "type": "FEATURE",
            "note": ""
        },
        "_r_21_23_39": {
            "name": "_r_21_23_39",
            "optional": true,
            "type": "FEATURE",
            "note": ""
        },
        "_r_21_23_40": {
            "name": "_r_21_23_40",
            "optional": true,
            "type": "FEATURE",
            "note": ""
        },
        "_r_21_24": {
            "name": "_r_21_24",
            "optional": false,
            "type": "FEATURE",
            "note": ""
        },
        "_r_21_24_33": {
            "name": "_r_21_24_33",
            "optional": true,
            "type": "FEATURE",
            "note": ""
        },
        "_r_21_24_35": {
            "name": "_r_21_24_35",
            "optional": true,
            "type": "FEATURE",
            "note": ""
        },
        "_r_21_24_36": {
            "name": "_r_21_24_36",
            "optional": true,
            "type": "FEATURE",
            "note": ""
        },
        "_r_21_24_37": {
            "name": "_r_21_24_37",
            "optional": true,
            "type": "FEATURE",
            "note": ""
        },
        "_r_21_24_38": {
            "name": "_r_21_24_38",
            "optional": true,
            "type": "FEATURE",
            "note": ""
        },
        "_r_25": {
            "name": "_r_25",
            "optional": false,
            "type": "FEATURE",
            "note": ""
        },
        "_r_25_41": {
            "name": "_r_25_41",
            "optional": true,
            "type": "FEATURE",
            "note": ""
        },
        "_r_25_42": {
            "name": "_r_25_42",
            "optional": true,
            "type": "FEATURE",
            "note": ""
        },
        "_r_26": {
            "name": "_r_26",
            "optional": true,
            "type": "FEATURE",
            "note": ""
        },
        "_r_26_43": {
            "name": "_r_26_43",
            "optional": true,
            "type": "FEATURE",
            "note": ""
        },
        "_r_26_43_44": {
            "name": "_r_26_43_44",
            "optional": true,
            "type": "FEATURE",
            "note": ""
        },
        "_r_26_43_45": {
            "name": "_r_26_43_45",
            "optional": true,
            "type": "FEATURE",
            "note": ""
        },
        "_r_26_46": {
            "name": "_r_26_46",
            "optional": true,
            "type": "FEATURE",
            "note": ""
        },
        "_r_26_46_47": {
            "name": "_r_26_46_47",
            "optional": true,
            "type": "FEATURE",
            "note": ""
        },
        "_r_26_46_48": {
            "name": "_r_26_46_48",
            "optional": true,
            "type": "FEATURE",
            "note": ""
        },
        "_r_26_46_49": {
            "name": "_r_26_46_49",
            "optional": true,
            "type": "FEATURE",
            "note": ""
        },
        "_r_27": {
            "name": "_r_27",
            "optional": true,
            "type": "FEATURE",
            "note": ""
        },
        "_r_5": {
            "name": "_r_5",
            "optional": false,
            "type": "FEATURE",
            "note": ""
        },
        "_r_5_10": {
            "name": "_r_5_10",
            "optional": true,
            "type": "FEATURE",
            "note": ""
        },
        "_r_5_50": {
            "name": "_r_5_50",
            "optional": true,
            "type": "FEATURE",
            "note": ""
        },
        "_r_5_6": {
            "name": "_r_5_6",
            "optional": true,
            "type": "FEATURE",
            "note": ""
        },
        "_r_5_7": {
            "name": "_r_5_7",
            "optional": true,
            "type": "FEATURE",
            "note": ""
        },
        "_r_5_9": {
            "name": "_r_5_9",
            "optional": true,
            "type": "FEATURE",
            "note": ""
        }
    },
    "tree": {
        "id": "_r",
        "children": [
            {
                "id": "_r_1",
                "children": [
                    {
                        "id": "_r_1_2"
                    },
                    {
                        "id": "_r_1_3"
                    },
                    {
                        "id": "_r_1_4"
                    }
                ]
            },
            {
                "id": "_r_11",
                "children": [
                    {
                        "id": "_r_11_12",
                        "children": [
                            {
                                "id": "_r_11_12_15"
                            },
                            {
                                "id": "_r_11_12_16"
                            },
                            {
                                "id": "_r_11_12_17"
                            }
                        ]
                    },
                    {
                        "id": "_r_11_13",
                        "children": [
                            {
                                "id": "_r_11_13_18"
                            },
                            {
                                "id": "_r_11_13_19"
                            },
                            {
                                "id": "_r_11_13_20"
                            }
                        ]
                    }
                ]
            },
            {
                "id": "_r_21",
                "children": [
                    {
                        "id": "_r_21_22",
                        "children": [
                            {
                                "id": "_r_21_22_28"
                            },
                            {
                                "id": "_r_21_22_29"
                            },
                            {
                                "id": "_r_21_22_30"
                            },
                            {
                                "id": "_r_21_22_31"
                            },
                            {
                                "id": "_r_21_22_32"
                            }
                        ]
                    },
                    {
                        "id": "_r_21_23",
                        "children": [
                            {
                                "id": "_r_21_23_39"
                            },
                            {
                                "id": "_r_21_23_40"
                            }
                        ]
                    },
                    {
                        "id": "_r_21_24",
                        "children": [
                            {
                                "id": "_r_21_24_33"
                            },
                            {
                                "id": "_r_21_24_35"
                            },
                            {
                                "id": "_r_21_24_36"
                            },
                            {
                                "id": "_r_21_24_37"
                            },
                            {
                                "id": "_r_21_24_38"
                            }
                        ]
                    }
                ]
            },
            {
                "id": "_r_25",
                "children": [
                    {
                        "id": "_r_25_41"
                    },
                    {
                        "id": "_r_25_42"
                    }
                ]
            },
            {
                "id": "_r_26",
                "children": [
                    {
                        "id": "_r_26_43",
                        "children": [
                            {
                                "id": "_r_26_43_44"
                            },
                            {
                                "id": "_r_26_43_45"
                            }
                        ]
                    },
                    {
                        "id": "_r_26_46",
                        "children": [
                            {
                                "id": "_r_26_46_47"
                            },
                            {
                                "id": "_r_26_46_48"
                            },
                            {
                                "id": "_r_26_46_49"
                            }
                        ]
                    }
                ]
            },
            {
                "id": "_r_27"
            },
            {
                "id": "_r_5",
                "children": [
                    {
                        "id": "_r_5_10"
                    },
                    {
                        "id": "_r_5_50"
                    },
                    {
                        "id": "_r_5_6"
                    },
                    {
                        "id": "_r_5_7"
                    },
                    {
                        "id": "_r_5_9"
                    }
                ]
            }
        ]
    },
    "constraints": {
        "Constraint 0": {
            "type": "ImpliesTerm",
            "operands": [
                {
                    "type": "FeatureTerm",
                    "operands": [
                        "_r_1_3"
                    ]
                },
                {
                    "type": "FeatureTerm",
                    "operands": [
                        "_r_5_10"
                    ]
                }
            ]
        }
    }
}