{
    "id": "FM__r",
    "name": "FM__r",
    "features": {
        "_r": {
            "name": "_r",
            "optional": true,
            "type": "FEATURE",
            "note": ""
        },
        "_r_10": {
            "name": "_r_10",
            "optional": false,
            "type": "FEATURE",
            "note": ""
        },
        "_r_10_11": {
            "name": "_r_10_11",
            "optional": true,
            "type": "FEATURE",
            "note": ""
        },
        "_r_10_11_14": {
            "name": "_r_10_11_14",
            "optional": false,
            "type": "FEATURE",
            "note": ""
        },
        "_r_10_11_16": {
            "name": "_r_10_11_16",
            "optional": false,
            "type": "FEATURE",
            "note": ""
        },
        "_r_10_12": {
            "name": "_r_10_12",
            "optional": true,
            "type": "FEATURE",
            "note": ""
        },
        "_r_10_13": {
            "name": "_r_10_13",
            "optional": true,
            "type": "FEATURE",
            "note": ""
        },
        "_r_10_13_17": {
            "name": "_r_10_13_17",
            "optional": true,
            "type": "FEATURE",
            "note": ""
        },
        "_r_10_13_18": {
            "name": "_r_10_13_18",
            "optional": true,
            "type": "FEATURE",
            "note": ""
        },
        "_r_19": {
            "name": "_r_19",
            "optional": false,
            "type": "XOR",
            "note": ""
        },
        "_r_19_20_21": {
            "name": "_r_19_20_21",
            "optional": true,
            "type": "FEATURE",
            "note": ""
        },
        "_r_19_20_22": {
            "name": "_r_19_20_22",
            "optional": true,
            "type": "FEATURE",
            "note": ""
        },
        "_r_19_20_23": {
            "name": "_r_19_20_23",
            "optional": true,
            "type": "FEATURE",
            "note": ""
        },
        "_r_24": {
            "name": "_r_24",
            "optional": false,
            "type": "FEATURE",
            "note": ""
        },
        "_r_25": {
            "name": "_r_25",
            "optional": false,
            "type": "FEATURE",
            "note": ""
        },
        "_r_26": {
            "name": "_r_26",
            "optional": false,
            "type": "FEATURE",
            "note": ""
        },
        "_r_27": {
            "name": "_r_27",
            "optional": false,
            "type": "FEATURE",
            "note": ""
        },
        "_r_28": {
            "name": "_r_28",
            "optional": true,
            "type": "FEATURE",
            "note": ""
        },
        "_r_29": {
            "name": "_r_29",
            "optional": false,
            "type": "XOR",
            "note": ""
        },
        "_r_29_30_31": {
            "name": "_r_29_30_31",
            "optional": true,
            "type": "FEATURE",
            "note": ""
        },
        "_r_29_30_32": {
            "name": "_r_29_30_32",
            "optional": true,
            "type": "FEATURE",
            "note": ""
        },
        "_r_29_30_33": {
            "name": "_r_29_30_33",
            "optional": true,
            "type": "FEATURE",
            "note": ""
        },
        "_r_29_30_34": {
            "name": "_r_29_30_34",
            "optional": true,
            "type": "FEATURE",
            "note": ""
        },
        "_r_35": {
            "name": "_r_35",
            "optional": true,
            "type": "FEATURE",
            "note": ""
        },
        "_r_36": {
            "name": "_r_36",
            "optional": true,
            "type": "OR",
            "note": ""
        },
        "_r_36_37_38": {
            "name": "_r_36_37_38",
            "optional": true,
            "type": "FEATURE",
            "note": ""
        },
        "_r_36_37_39": {
            "name": "_r_36_37_39",
            "optional": true,
            "type": "OR",
            "note": ""
        },
        "_r_36_37_39_40_41": {
            "name": "_r_36_37_39_40_41",
            "optional": true,
            "type": "FEATURE",
            "note": ""
        },
        "_r_36_37_39_40_42": {
            "name": "_r_36_37_39_40_42",
            "optional": true,
            "type": "FEATURE",
            "note": ""
        },
        "_r_36_37_39_40_44": {
            "name": "_r_36_37_39_40_44",
            "optional": true,
            "type": "FEATURE",
            "note": ""
        },
        "_r_4": {
            "name": "_r_4",
            "optional": false,
            "type": "OR",
            "note": ""
        },
        "_r_45": {
            "name": "_r_45",
            "optional": true,
            "type": "FEATURE",
            "note": ""
        },
        "_r_46": {
            "name": "_r_46",
            "optional": true,
            "type": "XOR",
            "note": ""
        },
        "_r_46_47_48": {
            "name": "_r_46_47_48",
            "optional": true,
            "type": "FEATURE",
            "note": ""
        },
        "_r_46_47_49": {
            "name": "_r_46_47_49",
            "optional": true,
            "type": "FEATURE",
            "note": ""
        },
        "_r_4_5_6": {
            "name": "_r_4_5_6",
            "optional": true,
            "type": "FEATURE",
            "note": ""
        },
        "_r_4_5_7": {
            "name": "_r_4_5_7",
            "optional": true,
            "type": "FEATURE",
            "note": ""
        },
        "_r_4_5_7_9": {
            "name": "_r_4_5_7_9",
            "optional": false,
            "type": "FEATURE",
            "note": ""
        },
        "_r_4_5_8": {
            "name": "_r_4_5_8",
            "optional": true,
            "type": "FEATURE",
            "note": ""
        },
        "_r_50": {
            "name": "_r_50",
            "optional": false,
            "type": "OR",
            "note": ""
        },
        "_r_50_51_52": {
            "name": "_r_50_51_52",
            "optional": true,
            "type": "FEATURE",
            "note": ""
        },
        "_r_50_51_53": {
            "name": "_r_50_51_53",
            "optional": true,
            "type": "FEATURE",
            "note": ""
        },
        "_r_50_51_54": {
            "name": "_r_50_51_54",
            "optional": true,
            "type": "FEATURE",
            "note": ""
        }
    },
    "tree": {
        "id": "_r",
        "children": [
            {
                "id": "_r_10",
                "children": [
                    {
                        "id": "_r_10_11",
                        "children": [
                            {
                                "id": "_r_10_11_14"
                            },
                            {
                                "id": "_r_10_11_16"
                            }
                        ]
                    },
                    {
                        "id": "_r_10_12"
                    },
                    {
                        "id": "_r_10_13",
                        "children": [
                            {
                                "id": "_r_10_13_17"
                            },
                            {
                                "id": "_r_10_13_18"
                            }
                        ]
                    }
                ]
            },
            {
                "id": "_r_19",
                "children": [
                    {
                        "id": "_r_19_20_21"
                    },
                    {
                        "id": "_r_19_20_22"
                    },
                    {
                        "id": "_r_19_20_23"
                    }
                ]
            },
            {
                "id": "_r_24"
            },
            {
                "id": "_r_25"
            },
            {
                "id": "_r_26"
            },
            {
                "id": "_r_27"
            },
            {
                "id": "_r_28"
            },
            {
                "id": "_r_29",
                "children": [
                    {
                        "id": "_r_29_30_31"
                    },
                    {
                        "id": "_r_29_30_32"
                    },
                    {
                        "id": "_r_29_30_33"
                    },
                    {
                        "id": "_r_29_30_34"
                    }
                ]
            },
            {
                "id": "_r_35"
            },
            {
                "id": "_r_36",
                "children": [
                    {
                        "id": "_r_36_37_38"
                    },
                    {
                        "id": "_r_36_37_39",
                        "children": [
                            {
                                "id": "_r_36_37_39_40_41"
                            },
                            {
                                "id": "_r_36_37_39_40_42"
                            },
                            {
                                "id": "_r_36_37_39_40_44"
                            }
                        ]
                    }
                ]
            },
            {
                "id": "_r_4",
                "children": [
                    {
                        "id": "_r_4_5_6"
                    },
                    {
                        "id": "_r_4_5_7",
                        "children": [
                            {
                                "id": "_r_4_5_7_9"
                            }
                        ]
                    },
                    {
                        "id": "_r_4_5_8"
                    }
                ]
            },
            {
                "id": "_r_45"
            },
            {
                "id": "_r_46",
                "children": [
                    {
                        "id": "_r_46_47_48"
                    },
                    {
                        "id": "_r_46_47_49"
                    }
                ]
            },
            {
                "id": "_r_50",
                "children": [
                    {
                        "id": "_r_50_51_52"
                    },
                    {
                        "id": "_r_50_51_53"
                    },
                    {
                        "id": "_r_50_51_54"
                    }
                ]
            }
        ]
    },
    "constraints": {
        "Constraint 0": {
            "type": "ImpliesTerm",
            "operands": [
                {
                    "type": "FeatureTerm",
                    "operands": [
                        "_r_4_5_8"
                    ]
                },
                {
                    "type": "FeatureTerm",
                    "operands": [
                        "_r_46"
                    ]
                }
            ]
        },
        "Constraint 1": {
            "type": "ImpliesTerm",
            "operands": [
                {
                    "type": "FeatureTerm",
                    "operands": [
                        "_r_4_5_6"
                    ]
                },
                {
                    "type": "FeatureTerm",
                    "operands": [
                        "_r_46"
                    ]
                }
            ]
        },
        "Constraint 2": {
            "type": "ImpliesTerm",
            "operands": [
                {
                    "type": "FeatureTerm",
                    "operands": [
                        "_r_10_12"
                    ]
                },
                {
                    "type": "FeatureTerm",
                    "operands": [
                        "_r_10_13"
                    ]
                }
            ]
        }
    }
}