{
    "id": "FM__r",
    "name": "FM__r",
    "features": {
        "_r": {
            "name": "_r",
            "optional": true,
            "type": "FEATURE",
            "note": ""
        },
        "_r_1": {
            "name": "_r_1",
            "optional": false,
            "type": "FEATURE",
            "note": ""
        },
        "_r_1_18": {
            "name": "_r_1_18",
            "optional": false,
            "type": "FEATURE",
            "note": ""
        },
        "_r_1_18_19": {
            "name": "_r_1_18_19",
            "optional": false,
            "type": "FEATURE",
            "note": ""
        },
        "_r_1_18_19_20": {
            "name": "_r_1_18_19_20",
            "optional": false,
            "type": "OR",
            "note": ""
        },
        "_r_1_18_19_20_17_18": {
            "name": "_r_1_18_19_20_17_18",
            "optional": true,
            "type": "FEATURE",
            "note": ""
        },
        "_r_1_18_19_20_17_19": {
            "name": "_r_1_18_19_20_17_19",
            "optional": true,
            "type": "FEATURE",
            "note": ""
        },
        "_r_1_18_19_20_17_20": {
            "name": "_r_1_18_19_20_17_20",
            "optional": true,
            "type": "FEATURE",
            "note": ""
        },
        "_r_1_18_19_20_21": {
            "name": "_r_1_18_19_20_21",
            "optional": false,
            "type": "FEATURE",
            "note": ""
        },
        "_r_1_18_19_20_21_22": {
            "name": "_r_1_18_19_20_21_22",
            "optional": false,
            "type": "FEATURE",
            "note": ""
        },
        "_r_1_2": {
            "name": "_r_1_2",
            "optional": false,
            "type": "FEATURE",
            "note": ""
        },
        "_r_1_2_3": {
            "name": "_r_1_2_3",
            "optional": false,
            "type": "FEATURE",
            "note": ""
        },
        "_r_1_2_3_6": {
            "name": "_r_1_2_3_6",
            "optional": false,
            "type": "OR",
            "note": ""
        },
        "_r_1_2_3_6_16": {
            "name": "_r_1_2_3_6_16",
            "optional": false,
            "type": "FEATURE",
            "note": ""
        },
        "_r_1_2_3_6_16_17": {
            "name": "_r_1_2_3_6_16_17",
            "optional": false,
            "type": "FEATURE",
            "note": ""
        },
        "_r_1_2_3_6_7_12": {
            "name": "_r_1_2_3_6_7_12",
            "optional": true,
            "type": "OR",
            "note": ""
        },
        "_r_1_2_3_6_7_12_13_14": {
            "name": "_r_1_2_3_6_7_12_13_14",
            "optional": true,
            "type": "FEATURE",
            "note": ""
        },
        "_r_1_2_3_6_7_12_13_15": {
            "name": "_r_1_2_3_6_7_12_13_15",
            "optional": true,
            "type": "FEATURE",
            "note": ""
        },
        "_r_1_2_3_6_7_8": {
            "name": "_r_1_2_3_6_7_8",
            "optional": true,
            "type": "OR",
            "note": ""
        },
        "_r_1_2_3_6_7_8_9_10": {
            "name": "_r_1_2_3_6_7_8_9_10",
            "optional": true,
            "type": "FEATURE",
            "note": ""
        },
        "_r_1_2_3_6_7_8_9_11": {
            "name": "_r_1_2_3_6_7_8_9_11",
            "optional": true,
            "type": "FEATURE",
            "note": ""
        }
    },
    "tree": {
        "id": "_r",
        "children": [
            {
                "id": "_r_1",
                "children": [
                    {
                        "id": "_r_1_18",
                        "children": [
                            {
                                "id": "_r_1_18_19",
                                "children": [
                                    {
                                        "id": "_r_1_18_19_20",
                                        "children": [
                                            {
                                                "id": "_r_1_18_19_20_17_18"
                                            },
                                            {
                                                "id": "_r_1_18_19_20_17_19"
                                            },
                                            {
                                                "id": "_r_1_18_19_20_17_20"
                                            },
                                            {
                                                "id": "_r_1_18_19_20_21",
                                                "children": [
                                                    {
                                                        "id": "_r_1_18_19_20_21_22"
                                                    }
                                                ]
                                            }
                                        ]
                                    }
                                ]
                            }
                        ]
                    },
                    {
                        "id": "_r_1_2",
                        "children": [
                            {
                                "id": "_r_1_2_3",
                                "children": [
                                    {
                                        "id": "_r_1_2_3_6",
                                        "children": [
                                            {
                                                "id": "_r_1_2_3_6_16",
                                                "children": [
                                                    {
                                                        "id": "_r_1_2_3_6_16_17"
                                                    }
                                                ]
                                            },
                                            {
                                                "id": "_r_1_2_3_6_7_12",
                                                "children": [
                                                    {
                                                        "id": "_r_1_2_3_6_7_12_13_14"
                                                    },
                                                    {
                                                        "id": "_r_1_2_3_6_7_12_13_15"
                                                    }
                                                ]
                                            },
                                            {
                                                "id": "_r_1_2_3_6_7_8",
                                                "children": [
                                                    {
                                                        "id": "_r_1_2_3_6_7_8_9_10"
                                                    },
                                                    {
                                                        "id": "_r_1_2_3_6_7_8_9_11"
                                                    }
                                                ]
                                            }
                                        ]
                                    }
                                ]
                            }
                        ]
                    }
                ]
            }
        ]
    },
    "constraints": {}
}