{
    "id": "FM__r",
    "name": "FM__r",
    "features": {
        "_r": {
            "name": "_r",
            "optional": true,
            "type": "FEATURE",
            "note": ""
        },
        "_r_1": {
            "name": "_r_1",
            "optional": false,
            "type": "FEATURE",
            "note": ""
        },
        "_r_1_27": {
            "name": "_r_1_27",
            "optional": false,
            "type": "FEATURE",
            "note": ""
        },
        "_r_1_3": {
            "name": "_r_1_3",
            "optional": false,
            "type": "FEATURE",
            "note": ""
        },
        "_r_1_7": {
            "name": "_r_1_7",
            "optional": false,
            "type": "XOR",
            "note": ""
        },
        "_r_1_7_21_22": {
            "name": "_r_1_7_21_22",
            "optional": true,
            "type": "FEATURE",
            "note": ""
        },
        "_r_1_7_21_23": {
            "name": "_r_1_7_21_23",
            "optional": true,
            "type": "FEATURE",
            "note": ""
        },
        "_r_1_8": {
            "name": "_r_1_8",
            "optional": false,
            "type": "FEATURE",
            "note": ""
        },
        "_r_2": {
            "name": "_r_2",
            "optional": false,
            "type": "FEATURE",
            "note": ""
        },
        "_r_2_12": {
            "name": "_r_2_12",
            "optional": false,
            "type": "XOR",
            "note": ""
        },
        "_r_2_12_15_16": {
            "name": "_r_2_12_15_16",
            "optional": true,
            "type": "FEATURE",
            "note": ""
        },
        "_r_2_12_15_17": {
            "name": "_r_2_12_15_17",
            "optional": true,
            "type": "FEATURE",
            "note": ""
        },
        "_r_2_19": {
            "name": "_r_2_19",
            "optional": false,
            "type": "FEATURE",
            "note": ""
        },
        "_r_2_24": {
            "name": "_r_2_24",
            "optional": false,
            "type": "XOR",
            "note": ""
        },
        "_r_2_24_25_19": {
            "name": "_r_2_24_25_19",
            "optional": true,
            "type": "FEATURE",
            "note": ""
        },
        "_r_2_24_25_20": {
            "name": "_r_2_24_25_20",
            "optional": true,
            "type": "FEATURE",
            "note": ""
        },
        "_r_2_24_25_26": {
            "name": "_r_2_24_25_26",
            "optional": true,
            "type": "FEATURE",
            "note": ""
        },
        "_r_2_25": {
            "name": "_r_2_25",
            "optional": false,
            "type": "XOR",
            "note": ""
        },
        "_r_2_25_26_27": {
            "name": "_r_2_25_26_27",
            "optional": true,
            "type": "FEATURE",
            "note": ""
        },
        "_r_2_25_26_31": {
            "name": "_r_2_25_26_31",
            "optional": true,
            "type": "FEATURE",
            "note": ""
        },
        "_r_2_28": {
            "name": "_r_2_28",
            "optional": false,
            "type": "OR",
            "note": ""
        },
        "_r_2_28_35_36": {
            "name": "_r_2_28_35_36",
            "optional": true,
            "type": "FEATURE",
            "note": ""
        },
        "_r_2_28_35_37": {
            "name": "_r_2_28_35_37",
            "optional": true,
            "type": "FEATURE",
            "note": ""
        }
    },
    "tree": {
        "id": "_r",
        "children": [
            {
                "id": "_r_1",
                "children": [
                    {
                        "id": "_r_1_27"
                    },
                    {
                        "id": "_r_1_3"
                    },
                    {
                        "id": "_r_1_7",
                        "children": [
                            {
                                "id": "_r_1_7_21_22"
                            },
                            {
                                "id": "_r_1_7_21_23"
                            }
                        ]
                    },
                    {
                        "id": "_r_1_8"
                    }
                ]
            },
            {
                "id": "_r_2",
                "children": [
                    {
                        "id": "_r_2_12",
                        "children": [
                            {
                                "id": "_r_2_12_15_16"
                            },
                            {
                                "id": "_r_2_12_15_17"
                            }
                        ]
                    },
                    {
                        "id": "_r_2_19"
                    },
                    {
                        "id": "_r_2_24",
                        "children": [
                            {
                                "id": "_r_2_24_25_19"
                            },
                            {
                                "id": "_r_2_24_25_20"
                            },
                            {
                                "id": "_r_2_24_25_26"
                            }
                        ]
                    },
                    {
                        "id": "_r_2_25",
                        "children": [
                            {
                                "id": "_r_2_25_26_27"
                            },
                            {
                                "id": "_r_2_25_26_31"
                            }
                        ]
                    },
                    {
                        "id": "_r_2_28",
                        "children": [
                            {
                                "id": "_r_2_28_35_36"
                            },
                            {
                                "id": "_r_2_28_35_37"
                            }
                        ]
                    }
                ]
            }
        ]
    },
    "constraints": {
        "Constraint 0": {
            "type": "ImpliesTerm",
            "operands": [
                {
                    "type": "FeatureTerm",
                    "operands": [
                        "_r_1_7"
                    ]
                },
                {
                    "type": "FeatureTerm",
                    "operands": [
                        "_r_2_24"
                    ]
                }
            ]
        },
        "Constraint 1": {
            "type": "ImpliesTerm",
            "operands": [
                {
                    "type": "FeatureTerm",
                    "operands": [
                        "_r_1_8"
                    ]
                },
                {
                    "type": "FeatureTerm",
                    "operands": [
                        "_r_2_28"
                    ]
                }
            ]
        },
        "Constraint 2": {
            "type": "ImpliesTerm",
            "operands": [
                {
                    "type": "FeatureTerm",
                    "operands": [
                        "_r_1_27"
                    ]
                },
                {
                    "type": "FeatureTerm",
                    "operands": [
                        "_r_2_28"
                    ]
                }
            ]
        },
        "Constraint 3": {
            "type": "ImpliesTerm",
            "operands": [
                {
                    "type": "FeatureTerm",
                    "operands": [
                        "_r_1_3"
                    ]
                },
                {
                    "type": "FeatureTerm",
                    "operands": [
                        "_r_2_12"
                    ]
                }
            ]
        },
        "Constraint 4": {
            "type": "ImpliesTerm",
            "operands": [
                {
                    "type": "FeatureTerm",
                    "operands": [
                        "_r_1_3"
                    ]
                },
                {
                    "type": "FeatureTerm",
                    "operands": [
                        "_r_2_25"
                    ]
                }
            ]
        },
        "Constraint 5": {
            "type": "ImpliesTerm",
            "operands": [
                {
                    "type": "FeatureTerm",
                    "operands": [
                        "_r_1_3"
                    ]
                },
                {
                    "type": "FeatureTerm",
                    "operands": [
                        "_r_2_19"
                    ]
                }
            ]
        }
    }
}