{
    "id": "FM__r",
    "name": "FM__r",
    "features": {
        "_r": {
            "name": "_r",
            "optional": true,
            "type": "FEATURE",
            "note": ""
        },
        "_r_1": {
            "name": "_r_1",
            "optional": false,
            "type": "FEATURE",
            "note": ""
        },
        "_r_2": {
            "name": "_r_2",
            "optional": false,
            "type": "FEATURE",
            "note": ""
        },
        "_r_25": {
            "name": "_r_25",
            "optional": false,
            "type": "FEATURE",
            "note": ""
        },
        "_r_28": {
            "name": "_r_28",
            "optional": true,
            "type": "FEATURE",
            "note": ""
        },
        "_r_29": {
            "name": "_r_29",
            "optional": false,
            "type": "XOR",
            "note": ""
        },
        "_r_29_34_35": {
            "name": "_r_29_34_35",
            "optional": true,
            "type": "FEATURE",
            "note": ""
        },
        "_r_29_34_36": {
            "name": "_r_29_34_36",
            "optional": true,
            "type": "FEATURE",
            "note": ""
        },
        "_r_29_34_37": {
            "name": "_r_29_34_37",
            "optional": true,
            "type": "FEATURE",
            "note": ""
        },
        "_r_3": {
            "name": "_r_3",
            "optional": true,
            "type": "FEATURE",
            "note": ""
        },
        "_r_38": {
            "name": "_r_38",
            "optional": false,
            "type": "FEATURE",
            "note": ""
        },
        "_r_39": {
            "name": "_r_39",
            "optional": false,
            "type": "FEATURE",
            "note": ""
        },
        "_r_4": {
            "name": "_r_4",
            "optional": false,
            "type": "XOR",
            "note": ""
        },
        "_r_40": {
            "name": "_r_40",
            "optional": false,
            "type": "FEATURE",
            "note": ""
        },
        "_r_41": {
            "name": "_r_41",
            "optional": false,
            "type": "XOR",
            "note": ""
        },
        "_r_41_42_43": {
            "name": "_r_41_42_43",
            "optional": true,
            "type": "FEATURE",
            "note": ""
        },
        "_r_41_42_44": {
            "name": "_r_41_42_44",
            "optional": true,
            "type": "FEATURE",
            "note": ""
        },
        "_r_4_15_16": {
            "name": "_r_4_15_16",
            "optional": true,
            "type": "FEATURE",
            "note": ""
        },
        "_r_4_15_17": {
            "name": "_r_4_15_17",
            "optional": true,
            "type": "FEATURE",
            "note": ""
        },
        "_r_4_15_18": {
            "name": "_r_4_15_18",
            "optional": true,
            "type": "FEATURE",
            "note": ""
        },
        "_r_9": {
            "name": "_r_9",
            "optional": false,
            "type": "XOR",
            "note": ""
        },
        "_r_9_19_20": {
            "name": "_r_9_19_20",
            "optional": true,
            "type": "FEATURE",
            "note": ""
        },
        "_r_9_19_21": {
            "name": "_r_9_19_21",
            "optional": true,
            "type": "FEATURE",
            "note": ""
        },
        "_r_9_19_22": {
            "name": "_r_9_19_22",
            "optional": true,
            "type": "FEATURE",
            "note": ""
        },
        "_r_9_19_23": {
            "name": "_r_9_19_23",
            "optional": true,
            "type": "FEATURE",
            "note": ""
        },
        "_r_9_19_24": {
            "name": "_r_9_19_24",
            "optional": true,
            "type": "FEATURE",
            "note": ""
        }
    },
    "tree": {
        "id": "_r",
        "children": [
            {
                "id": "_r_1"
            },
            {
                "id": "_r_2"
            },
            {
                "id": "_r_25"
            },
            {
                "id": "_r_28"
            },
            {
                "id": "_r_29",
                "children": [
                    {
                        "id": "_r_29_34_35"
                    },
                    {
                        "id": "_r_29_34_36"
                    },
                    {
                        "id": "_r_29_34_37"
                    }
                ]
            },
            {
                "id": "_r_3"
            },
            {
                "id": "_r_38"
            },
            {
                "id": "_r_39"
            },
            {
                "id": "_r_4",
                "children": [
                    {
                        "id": "_r_4_15_16"
                    },
                    {
                        "id": "_r_4_15_17"
                    },
                    {
                        "id": "_r_4_15_18"
                    }
                ]
            },
            {
                "id": "_r_40"
            },
            {
                "id": "_r_41",
                "children": [
                    {
                        "id": "_r_41_42_43"
                    },
                    {
                        "id": "_r_41_42_44"
                    }
                ]
            },
            {
                "id": "_r_9",
                "children": [
                    {
                        "id": "_r_9_19_20"
                    },
                    {
                        "id": "_r_9_19_21"
                    },
                    {
                        "id": "_r_9_19_22"
                    },
                    {
                        "id": "_r_9_19_23"
                    },
                    {
                        "id": "_r_9_19_24"
                    }
                ]
            }
        ]
    },
    "constraints": {}
}