{
    "id": "FM__r",
    "name": "FM__r",
    "features": {
        "_r": {
            "name": "_r",
            "optional": true,
            "type": "FEATURE",
            "note": ""
        },
        "_r_1": {
            "name": "_r_1",
            "optional": false,
            "type": "XOR",
            "note": ""
        },
        "_r_1_3_4": {
            "name": "_r_1_3_4",
            "optional": true,
            "type": "FEATURE",
            "note": ""
        },
        "_r_1_3_5": {
            "name": "_r_1_3_5",
            "optional": true,
            "type": "FEATURE",
            "note": ""
        },
        "_r_1_3_6": {
            "name": "_r_1_3_6",
            "optional": true,
            "type": "XOR",
            "note": ""
        },
        "_r_1_3_6_7_8": {
            "name": "_r_1_3_6_7_8",
            "optional": true,
            "type": "FEATURE",
            "note": ""
        },
        "_r_1_3_6_7_9": {
            "name": "_r_1_3_6_7_9",
            "optional": true,
            "type": "FEATURE",
            "note": ""
        },
        "_r_2": {
            "name": "_r_2",
            "optional": false,
            "type": "FEATURE",
            "note": ""
        },
        "_r_2_10": {
            "name": "_r_2_10",
            "optional": false,
            "type": "XOR",
            "note": ""
        },
        "_r_2_10_12_13": {
            "name": "_r_2_10_12_13",
            "optional": true,
            "type": "FEATURE",
            "note": ""
        },
        "_r_2_10_12_14": {
            "name": "_r_2_10_12_14",
            "optional": true,
            "type": "FEATURE",
            "note": ""
        },
        "_r_2_11": {
            "name": "_r_2_11",
            "optional": false,
            "type": "OR",
            "note": ""
        },
        "_r_2_11_15_16": {
            "name": "_r_2_11_15_16",
            "optional": true,
            "type": "FEATURE",
            "note": ""
        },
        "_r_2_11_15_17": {
            "name": "_r_2_11_15_17",
            "optional": true,
            "type": "FEATURE",
            "note": ""
        }
    },
    "tree": {
        "id": "_r",
        "children": [
            {
                "id": "_r_1",
                "children": [
                    {
                        "id": "_r_1_3_4"
                    },
                    {
                        "id": "_r_1_3_5"
                    },
                    {
                        "id": "_r_1_3_6",
                        "children": [
                            {
                                "id": "_r_1_3_6_7_8"
                            },
                            {
                                "id": "_r_1_3_6_7_9"
                            }
                        ]
                    }
                ]
            },
            {
                "id": "_r_2",
                "children": [
                    {
                        "id": "_r_2_10",
                        "children": [
                            {
                                "id": "_r_2_10_12_13"
                            },
                            {
                                "id": "_r_2_10_12_14"
                            }
                        ]
                    },
                    {
                        "id": "_r_2_11",
                        "children": [
                            {
                                "id": "_r_2_11_15_16"
                            },
                            {
                                "id": "_r_2_11_15_17"
                            }
                        ]
                    }
                ]
            }
        ]
    },
    "constraints": {}
}