{
    "id": "FM__r",
    "name": "FM__r",
    "features": {
        "_r": {
            "name": "_r",
            "optional": true,
            "type": "FEATURE",
            "note": ""
        },
        "_r_1": {
            "name": "_r_1",
            "optional": false,
            "type": "FEATURE",
            "note": ""
        },
        "_r_1_6": {
            "name": "_r_1_6",
            "optional": false,
            "type": "XOR",
            "note": ""
        },
        "_r_1_6_8_10": {
            "name": "_r_1_6_8_10",
            "optional": true,
            "type": "FEATURE",
            "note": ""
        },
        "_r_1_6_8_10_11": {
            "name": "_r_1_6_8_10_11",
            "optional": false,
            "type": "FEATURE",
            "note": ""
        },
        "_r_1_6_8_10_12": {
            "name": "_r_1_6_8_10_12",
            "optional": false,
            "type": "FEATURE",
            "note": ""
        },
        "_r_1_6_8_9": {
            "name": "_r_1_6_8_9",
            "optional": true,
            "type": "FEATURE",
            "note": ""
        },
        "_r_1_7": {
            "name": "_r_1_7",
            "optional": false,
            "type": "OR",
            "note": ""
        },
        "_r_1_7_15_16": {
            "name": "_r_1_7_15_16",
            "optional": true,
            "type": "FEATURE",
            "note": ""
        },
        "_r_1_7_15_17": {
            "name": "_r_1_7_15_17",
            "optional": true,
            "type": "FEATURE",
            "note": ""
        },
        "_r_1_7_15_18": {
            "name": "_r_1_7_15_18",
            "optional": true,
            "type": "FEATURE",
            "note": ""
        },
        "_r_1_7_19": {
            "name": "_r_1_7_19",
            "optional": false,
            "type": "FEATURE",
            "note": ""
        },
        "_r_5": {
            "name": "_r_5",
            "optional": false,
            "type": "FEATURE",
            "note": ""
        },
        "_r_5_20": {
            "name": "_r_5_20",
            "optional": false,
            "type": "FEATURE",
            "note": ""
        },
        "_r_5_22": {
            "name": "_r_5_22",
            "optional": false,
            "type": "XOR",
            "note": ""
        },
        "_r_5_22_28_29": {
            "name": "_r_5_22_28_29",
            "optional": true,
            "type": "FEATURE",
            "note": ""
        },
        "_r_5_22_28_30": {
            "name": "_r_5_22_28_30",
            "optional": true,
            "type": "FEATURE",
            "note": ""
        },
        "_r_5_24": {
            "name": "_r_5_24",
            "optional": false,
            "type": "XOR",
            "note": ""
        },
        "_r_5_24_25_26": {
            "name": "_r_5_24_25_26",
            "optional": true,
            "type": "FEATURE",
            "note": ""
        },
        "_r_5_24_25_27": {
            "name": "_r_5_24_25_27",
            "optional": true,
            "type": "FEATURE",
            "note": ""
        }
    },
    "tree": {
        "id": "_r",
        "children": [
            {
                "id": "_r_1",
                "children": [
                    {
                        "id": "_r_1_6",
                        "children": [
                            {
                                "id": "_r_1_6_8_10",
                                "children": [
                                    {
                                        "id": "_r_1_6_8_10_11"
                                    },
                                    {
                                        "id": "_r_1_6_8_10_12"
                                    }
                                ]
                            },
                            {
                                "id": "_r_1_6_8_9"
                            }
                        ]
                    },
                    {
                        "id": "_r_1_7",
                        "children": [
                            {
                                "id": "_r_1_7_15_16"
                            },
                            {
                                "id": "_r_1_7_15_17"
                            },
                            {
                                "id": "_r_1_7_15_18"
                            },
                            {
                                "id": "_r_1_7_19"
                            }
                        ]
                    }
                ]
            },
            {
                "id": "_r_5",
                "children": [
                    {
                        "id": "_r_5_20"
                    },
                    {
                        "id": "_r_5_22",
                        "children": [
                            {
                                "id": "_r_5_22_28_29"
                            },
                            {
                                "id": "_r_5_22_28_30"
                            }
                        ]
                    },
                    {
                        "id": "_r_5_24",
                        "children": [
                            {
                                "id": "_r_5_24_25_26"
                            },
                            {
                                "id": "_r_5_24_25_27"
                            }
                        ]
                    }
                ]
            }
        ]
    },
    "constraints": {
        "Constraint 0": {
            "type": "ImpliesTerm",
            "operands": [
                {
                    "type": "FeatureTerm",
                    "operands": [
                        "_r_1_6_8_9"
                    ]
                },
                {
                    "type": "FeatureTerm",
                    "operands": [
                        "_r_5_24_25_26"
                    ]
                }
            ]
        },
        "Constraint 1": {
            "type": "ImpliesTerm",
            "operands": [
                {
                    "type": "FeatureTerm",
                    "operands": [
                        "_r_1_6_8_9"
                    ]
                },
                {
                    "type": "FeatureTerm",
                    "operands": [
                        "_r_1_7_15_16"
                    ]
                }
            ]
        },
        "Constraint 2": {
            "type": "ImpliesTerm",
            "operands": [
                {
                    "type": "FeatureTerm",
                    "operands": [
                        "_r_1_6_8_9"
                    ]
                },
                {
                    "type": "FeatureTerm",
                    "operands": [
                        "_r_5_22_28_29"
                    ]
                }
            ]
        }
    }
}