{
    "id": "FM__r",
    "name": "FM__r",
    "features": {
        "_r": {
            "name": "_r",
            "optional": true,
            "type": "FEATURE",
            "note": ""
        },
        "_r_1": {
            "name": "_r_1",
            "optional": false,
            "type": "FEATURE",
            "note": ""
        },
        "_r_1_5": {
            "name": "_r_1_5",
            "optional": false,
            "type": "FEATURE",
            "note": ""
        },
        "_r_1_6": {
            "name": "_r_1_6",
            "optional": false,
            "type": "FEATURE",
            "note": ""
        },
        "_r_1_7": {
            "name": "_r_1_7",
            "optional": false,
            "type": "FEATURE",
            "note": ""
        },
        "_r_1_8": {
            "name": "_r_1_8",
            "optional": false,
            "type": "FEATURE",
            "note": ""
        },
        "_r_2": {
            "name": "_r_2",
            "optional": false,
            "type": "FEATURE",
            "note": ""
        },
        "_r_2_10": {
            "name": "_r_2_10",
            "optional": false,
            "type": "FEATURE",
            "note": ""
        },
        "_r_2_11": {
            "name": "_r_2_11",
            "optional": false,
            "type": "FEATURE",
            "note": ""
        },
        "_r_2_9": {
            "name": "_r_2_9",
            "optional": false,
            "type": "FEATURE",
            "note": ""
        },
        "_r_3": {
            "name": "_r_3",
            "optional": false,
            "type": "OR",
            "note": ""
        },
        "_r_3_12_13": {
            "name": "_r_3_12_13",
            "optional": true,
            "type": "FEATURE",
            "note": ""
        },
        "_r_3_12_14": {
            "name": "_r_3_12_14",
            "optional": true,
            "type": "FEATURE",
            "note": ""
        },
        "_r_3_12_15": {
            "name": "_r_3_12_15",
            "optional": true,
            "type": "FEATURE",
            "note": ""
        },
        "_r_4": {
            "name": "_r_4",
            "optional": false,
            "type": "OR",
            "note": ""
        },
        "_r_4_16_17": {
            "name": "_r_4_16_17",
            "optional": true,
            "type": "FEATURE",
            "note": ""
        },
        "_r_4_16_18": {
            "name": "_r_4_16_18",
            "optional": true,
            "type": "FEATURE",
            "note": ""
        }
    },
    "tree": {
        "id": "_r",
        "children": [
            {
                "id": "_r_1",
                "children": [
                    {
                        "id": "_r_1_5"
                    },
                    {
                        "id": "_r_1_6"
                    },
                    {
                        "id": "_r_1_7"
                    },
                    {
                        "id": "_r_1_8"
                    }
                ]
            },
            {
                "id": "_r_2",
                "children": [
                    {
                        "id": "_r_2_10"
                    },
                    {
                        "id": "_r_2_11"
                    },
                    {
                        "id": "_r_2_9"
                    }
                ]
            },
            {
                "id": "_r_3",
                "children": [
                    {
                        "id": "_r_3_12_13"
                    },
                    {
                        "id": "_r_3_12_14"
                    },
                    {
                        "id": "_r_3_12_15"
                    }
                ]
            },
            {
                "id": "_r_4",
                "children": [
                    {
                        "id": "_r_4_16_17"
                    },
                    {
                        "id": "_r_4_16_18"
                    }
                ]
            }
        ]
    },
    "constraints": {
        "Constraint 0": {
            "type": "ImpliesTerm",
            "operands": [
                {
                    "type": "FeatureTerm",
                    "operands": [
                        "_r_3_12_14"
                    ]
                },
                {
                    "type": "FeatureTerm",
                    "operands": [
                        "_r_4_16_18"
                    ]
                }
            ]
        },
        "Constraint 1": {
            "type": "ImpliesTerm",
            "operands": [
                {
                    "type": "FeatureTerm",
                    "operands": [
                        "_r_3_12_13"
                    ]
                },
                {
                    "type": "FeatureTerm",
                    "operands": [
                        "_r_4_16_17"
                    ]
                }
            ]
        },
        "Constraint 2": {
            "type": "ImpliesTerm",
            "operands": [
                {
                    "type": "FeatureTerm",
                    "operands": [
                        "_r_3_12_15"
                    ]
                },
                {
                    "type": "FeatureTerm",
                    "operands": [
                        "_r_4_16_17"
                    ]
                }
            ]
        }
    }
}