{
    "id": "FM__r",
    "name": "FM__r",
    "features": {
        "_r": {
            "name": "_r",
            "optional": true,
            "type": "FEATURE",
            "note": ""
        },
        "_r_1": {
            "name": "_r_1",
            "optional": false,
            "type": "FEATURE",
            "note": ""
        },
        "_r_10": {
            "name": "_r_10",
            "optional": false,
            "type": "FEATURE",
            "note": ""
        },
        "_r_11": {
            "name": "_r_11",
            "optional": false,
            "type": "FEATURE",
            "note": ""
        },
        "_r_19": {
            "name": "_r_19",
            "optional": false,
            "type": "FEATURE",
            "note": ""
        },
        "_r_2": {
            "name": "_r_2",
            "optional": false,
            "type": "XOR",
            "note": ""
        },
        "_r_2_12_13": {
            "name": "_r_2_12_13",
            "optional": true,
            "type": "FEATURE",
            "note": ""
        },
        "_r_2_12_14": {
            "name": "_r_2_12_14",
            "optional": true,
            "type": "FEATURE",
            "note": ""
        },
        "_r_3": {
            "name": "_r_3",
            "optional": false,
            "type": "OR",
            "note": ""
        },
        "_r_3_15_16": {
            "name": "_r_3_15_16",
            "optional": true,
            "type": "FEATURE",
            "note": ""
        },
        "_r_3_15_17": {
            "name": "_r_3_15_17",
            "optional": true,
            "type": "FEATURE",
            "note": ""
        },
        "_r_3_15_18": {
            "name": "_r_3_15_18",
            "optional": true,
            "type": "FEATURE",
            "note": ""
        },
        "_r_4": {
            "name": "_r_4",
            "optional": false,
            "type": "FEATURE",
            "note": ""
        },
        "_r_5": {
            "name": "_r_5",
            "optional": false,
            "type": "FEATURE",
            "note": ""
        },
        "_r_7": {
            "name": "_r_7",
            "optional": true,
            "type": "FEATURE",
            "note": ""
        },
        "_r_8": {
            "name": "_r_8",
            "optional": false,
            "type": "FEATURE",
            "note": ""
        },
        "_r_9": {
            "name": "_r_9",
            "optional": false,
            "type": "XOR",
            "note": ""
        },
        "_r_9_20_21": {
            "name": "_r_9_20_21",
            "optional": true,
            "type": "FEATURE",
            "note": ""
        },
        "_r_9_20_22": {
            "name": "_r_9_20_22",
            "optional": true,
            "type": "FEATURE",
            "note": ""
        },
        "_r_9_20_23": {
            "name": "_r_9_20_23",
            "optional": true,
            "type": "FEATURE",
            "note": ""
        }
    },
    "tree": {
        "id": "_r",
        "children": [
            {
                "id": "_r_1"
            },
            {
                "id": "_r_10"
            },
            {
                "id": "_r_11"
            },
            {
                "id": "_r_19"
            },
            {
                "id": "_r_2",
                "children": [
                    {
                        "id": "_r_2_12_13"
                    },
                    {
                        "id": "_r_2_12_14"
                    }
                ]
            },
            {
                "id": "_r_3",
                "children": [
                    {
                        "id": "_r_3_15_16"
                    },
                    {
                        "id": "_r_3_15_17"
                    },
                    {
                        "id": "_r_3_15_18"
                    }
                ]
            },
            {
                "id": "_r_4"
            },
            {
                "id": "_r_5"
            },
            {
                "id": "_r_7"
            },
            {
                "id": "_r_8"
            },
            {
                "id": "_r_9",
                "children": [
                    {
                        "id": "_r_9_20_21"
                    },
                    {
                        "id": "_r_9_20_22"
                    },
                    {
                        "id": "_r_9_20_23"
                    }
                ]
            }
        ]
    },
    "constraints": {
        "Constraint 0": {
            "type": "ImpliesTerm",
            "operands": [
                {
                    "type": "FeatureTerm",
                    "operands": [
                        "_r_7"
                    ]
                },
                {
                    "type": "FeatureTerm",
                    "operands": [
                        "_r_2_12_14"
                    ]
                }
            ]
        }
    }
}