{
    "id": "FM__r",
    "name": "FM__r",
    "features": {
        "_r": {
            "name": "_r",
            "optional": true,
            "type": "FEATURE",
            "note": ""
        },
        "_r_1": {
            "name": "_r_1",
            "optional": false,
            "type": "FEATURE",
            "note": ""
        },
        "_r_1_10": {
            "name": "_r_1_10",
            "optional": false,
            "type": "FEATURE",
            "note": ""
        },
        "_r_1_7": {
            "name": "_r_1_7",
            "optional": false,
            "type": "FEATURE",
            "note": ""
        },
        "_r_1_7_11": {
            "name": "_r_1_7_11",
            "optional": false,
            "type": "FEATURE",
            "note": ""
        },
        "_r_1_7_11_13": {
            "name": "_r_1_7_11_13",
            "optional": false,
            "type": "FEATURE",
            "note": ""
        },
        "_r_1_7_11_13_17": {
            "name": "_r_1_7_11_13_17",
            "optional": false,
            "type": "FEATURE",
            "note": ""
        },
        "_r_1_7_11_13_17_25": {
            "name": "_r_1_7_11_13_17_25",
            "optional": false,
            "type": "FEATURE",
            "note": ""
        },
        "_r_1_7_11_13_17_26": {
            "name": "_r_1_7_11_13_17_26",
            "optional": false,
            "type": "FEATURE",
            "note": ""
        },
        "_r_1_7_11_13_18": {
            "name": "_r_1_7_11_13_18",
            "optional": false,
            "type": "FEATURE",
            "note": ""
        },
        "_r_1_7_11_13_18_27": {
            "name": "_r_1_7_11_13_18_27",
            "optional": false,
            "type": "FEATURE",
            "note": ""
        },
        "_r_1_7_11_13_18_28": {
            "name": "_r_1_7_11_13_18_28",
            "optional": false,
            "type": "FEATURE",
            "note": ""
        },
        "_r_1_7_11_14": {
            "name": "_r_1_7_11_14",
            "optional": false,
            "type": "FEATURE",
            "note": ""
        },
        "_r_1_7_11_14_19": {
            "name": "_r_1_7_11_14_19",
            "optional": false,
            "type": "FEATURE",
            "note": ""
        },
        "_r_1_7_11_14_19_29": {
            "name": "_r_1_7_11_14_19_29",
            "optional": false,
            "type": "FEATURE",
            "note": ""
        },
        "_r_1_7_11_14_19_30": {
            "name": "_r_1_7_11_14_19_30",
            "optional": false,
            "type": "FEATURE",
            "note": ""
        },
        "_r_1_7_11_14_20": {
            "name": "_r_1_7_11_14_20",
            "optional": false,
            "type": "FEATURE",
            "note": ""
        },
        "_r_1_7_11_14_20_31": {
            "name": "_r_1_7_11_14_20_31",
            "optional": false,
            "type": "FEATURE",
            "note": ""
        },
        "_r_1_7_11_14_20_32": {
            "name": "_r_1_7_11_14_20_32",
            "optional": false,
            "type": "FEATURE",
            "note": ""
        },
        "_r_1_7_12": {
            "name": "_r_1_7_12",
            "optional": false,
            "type": "FEATURE",
            "note": ""
        },
        "_r_1_7_12_15": {
            "name": "_r_1_7_12_15",
            "optional": false,
            "type": "FEATURE",
            "note": ""
        },
        "_r_1_7_12_15_21": {
            "name": "_r_1_7_12_15_21",
            "optional": false,
            "type": "FEATURE",
            "note": ""
        },
        "_r_1_7_12_15_21_33": {
            "name": "_r_1_7_12_15_21_33",
            "optional": false,
            "type": "FEATURE",
            "note": ""
        },
        "_r_1_7_12_15_21_34": {
            "name": "_r_1_7_12_15_21_34",
            "optional": false,
            "type": "FEATURE",
            "note": ""
        },
        "_r_1_7_12_15_22": {
            "name": "_r_1_7_12_15_22",
            "optional": false,
            "type": "FEATURE",
            "note": ""
        },
        "_r_1_7_12_15_22_35": {
            "name": "_r_1_7_12_15_22_35",
            "optional": false,
            "type": "FEATURE",
            "note": ""
        },
        "_r_1_7_12_15_22_36": {
            "name": "_r_1_7_12_15_22_36",
            "optional": false,
            "type": "FEATURE",
            "note": ""
        },
        "_r_1_7_12_16": {
            "name": "_r_1_7_12_16",
            "optional": false,
            "type": "FEATURE",
            "note": ""
        },
        "_r_1_7_12_16_23": {
            "name": "_r_1_7_12_16_23",
            "optional": false,
            "type": "FEATURE",
            "note": ""
        },
        "_r_1_7_12_16_23_38": {
            "name": "_r_1_7_12_16_23_38",
            "optional": false,
            "type": "FEATURE",
            "note": ""
        },
        "_r_1_7_12_16_23_39": {
            "name": "_r_1_7_12_16_23_39",
            "optional": false,
            "type": "FEATURE",
            "note": ""
        },
        "_r_1_7_12_16_24": {
            "name": "_r_1_7_12_16_24",
            "optional": false,
            "type": "FEATURE",
            "note": ""
        },
        "_r_1_7_12_16_24_40": {
            "name": "_r_1_7_12_16_24_40",
            "optional": false,
            "type": "FEATURE",
            "note": ""
        },
        "_r_1_7_12_16_24_41": {
            "name": "_r_1_7_12_16_24_41",
            "optional": false,
            "type": "FEATURE",
            "note": ""
        },
        "_r_1_8": {
            "name": "_r_1_8",
            "optional": false,
            "type": "FEATURE",
            "note": ""
        },
        "_r_1_9": {
            "name": "_r_1_9",
            "optional": false,
            "type": "FEATURE",
            "note": ""
        }
    },
    "tree": {
        "id": "_r",
        "children": [
            {
                "id": "_r_1",
                "children": [
                    {
                        "id": "_r_1_10"
                    },
                    {
                        "id": "_r_1_7",
                        "children": [
                            {
                                "id": "_r_1_7_11",
                                "children": [
                                    {
                                        "id": "_r_1_7_11_13",
                                        "children": [
                                            {
                                                "id": "_r_1_7_11_13_17",
                                                "children": [
                                                    {
                                                        "id": "_r_1_7_11_13_17_25"
                                                    },
                                                    {
                                                        "id": "_r_1_7_11_13_17_26"
                                                    }
                                                ]
                                            },
                                            {
                                                "id": "_r_1_7_11_13_18",
                                                "children": [
                                                    {
                                                        "id": "_r_1_7_11_13_18_27"
                                                    },
                                                    {
                                                        "id": "_r_1_7_11_13_18_28"
                                                    }
                                                ]
                                            }
                                        ]
                                    },
                                    {
                                        "id": "_r_1_7_11_14",
                                        "children": [
                                            {
                                                "id": "_r_1_7_11_14_19",
                                                "children": [
                                                    {
                                                        "id": "_r_1_7_11_14_19_29"
                                                    },
                                                    {
                                                        "id": "_r_1_7_11_14_19_30"
                                                    }
                                                ]
                                            },
                                            {
                                                "id": "_r_1_7_11_14_20",
                                                "children": [
                                                    {
                                                        "id": "_r_1_7_11_14_20_31"
                                                    },
                                                    {
                                                        "id": "_r_1_7_11_14_20_32"
                                                    }
                                                ]
                                            }
                                        ]
                                    }
                                ]
                            },
                            {
                                "id": "_r_1_7_12",
                                "children": [
                                    {
                                        "id": "_r_1_7_12_15",
                                        "children": [
                                            {
                                                "id": "_r_1_7_12_15_21",
                                                "children": [
                                                    {
                                                        "id": "_r_1_7_12_15_21_33"
                                                    },
                                                    {
                                                        "id": "_r_1_7_12_15_21_34"
                                                    }
                                                ]
                                            },
                                            {
                                                "id": "_r_1_7_12_15_22",
                                                "children": [
                                                    {
                                                        "id": "_r_1_7_12_15_22_35"
                                                    },
                                                    {
                                                        "id": "_r_1_7_12_15_22_36"
                                                    }
                                                ]
                                            }
                                        ]
                                    },
                                    {
                                        "id": "_r_1_7_12_16",
                                        "children": [
                                            {
                                                "id": "_r_1_7_12_16_23",
                                                "children": [
                                                    {
                                                        "id": "_r_1_7_12_16_23_38"
                                                    },
                                                    {
                                                        "id": "_r_1_7_12_16_23_39"
                                                    }
                                                ]
                                            },
                                            {
                                                "id": "_r_1_7_12_16_24",
                                                "children": [
                                                    {
                                                        "id": "_r_1_7_12_16_24_40"
                                                    },
                                                    {
                                                        "id": "_r_1_7_12_16_24_41"
                                                    }
                                                ]
                                            }
                                        ]
                                    }
                                ]
                            }
                        ]
                    },
                    {
                        "id": "_r_1_8"
                    },
                    {
                        "id": "_r_1_9"
                    }
                ]
            }
        ]
    },
    "constraints": {}
}