{
    "id": "FM__r",
    "name": "FM__r",
    "features": {
        "_r": {
            "name": "_r",
            "optional": true,
            "type": "OR",
            "note": ""
        },
        "_r_13_14": {
            "name": "_r_13_14",
            "optional": true,
            "type": "FEATURE",
            "note": ""
        },
        "_r_13_15": {
            "name": "_r_13_15",
            "optional": true,
            "type": "FEATURE",
            "note": ""
        },
        "_r_13_16": {
            "name": "_r_13_16",
            "optional": true,
            "type": "FEATURE",
            "note": ""
        },
        "_r_17": {
            "name": "_r_17",
            "optional": true,
            "type": "FEATURE",
            "note": ""
        },
        "_r_18": {
            "name": "_r_18",
            "optional": true,
            "type": "FEATURE",
            "note": ""
        },
        "_r_19": {
            "name": "_r_19",
            "optional": false,
            "type": "FEATURE",
            "note": ""
        },
        "_r_1_2": {
            "name": "_r_1_2",
            "optional": false,
            "type": "OR",
            "note": ""
        },
        "_r_1_2_4_5": {
            "name": "_r_1_2_4_5",
            "optional": true,
            "type": "FEATURE",
            "note": ""
        },
        "_r_1_2_4_6": {
            "name": "_r_1_2_4_6",
            "optional": true,
            "type": "FEATURE",
            "note": ""
        },
        "_r_20": {
            "name": "_r_20",
            "optional": true,
            "type": "FEATURE",
            "note": ""
        },
        "_r_7": {
            "name": "_r_7",
            "optional": false,
            "type": "FEATURE",
            "note": ""
        },
        "_r_8_10": {
            "name": "_r_8_10",
            "optional": true,
            "type": "FEATURE",
            "note": ""
        },
        "_r_8_9": {
            "name": "_r_8_9",
            "optional": true,
            "type": "FEATURE",
            "note": ""
        }
    },
    "tree": {
        "id": "_r",
        "children": [
            {
                "id": "_r_13_14"
            },
            {
                "id": "_r_13_15"
            },
            {
                "id": "_r_13_16"
            },
            {
                "id": "_r_17"
            },
            {
                "id": "_r_18"
            },
            {
                "id": "_r_19"
            },
            {
                "id": "_r_1_2",
                "children": [
                    {
                        "id": "_r_1_2_4_5"
                    },
                    {
                        "id": "_r_1_2_4_6"
                    }
                ]
            },
            {
                "id": "_r_20"
            },
            {
                "id": "_r_7"
            },
            {
                "id": "_r_8_10"
            },
            {
                "id": "_r_8_9"
            }
        ]
    },
    "constraints": {}
}