{
    "id": "FM__r",
    "name": "FM__r",
    "features": {
        "_r": {
            "name": "_r",
            "optional": true,
            "type": "FEATURE",
            "note": ""
        },
        "_r_1": {
            "name": "_r_1",
            "optional": false,
            "type": "OR",
            "note": ""
        },
        "_r_12": {
            "name": "_r_12",
            "optional": false,
            "type": "XOR",
            "note": ""
        },
        "_r_12_13_14": {
            "name": "_r_12_13_14",
            "optional": true,
            "type": "FEATURE",
            "note": ""
        },
        "_r_12_13_15": {
            "name": "_r_12_13_15",
            "optional": true,
            "type": "FEATURE",
            "note": ""
        },
        "_r_1_4_5": {
            "name": "_r_1_4_5",
            "optional": true,
            "type": "FEATURE",
            "note": ""
        },
        "_r_1_4_6": {
            "name": "_r_1_4_6",
            "optional": true,
            "type": "FEATURE",
            "note": ""
        },
        "_r_1_4_7": {
            "name": "_r_1_4_7",
            "optional": true,
            "type": "FEATURE",
            "note": ""
        },
        "_r_8": {
            "name": "_r_8",
            "optional": false,
            "type": "FEATURE",
            "note": ""
        },
        "_r_8_10": {
            "name": "_r_8_10",
            "optional": true,
            "type": "FEATURE",
            "note": ""
        },
        "_r_8_11": {
            "name": "_r_8_11",
            "optional": true,
            "type": "FEATURE",
            "note": ""
        },
        "_r_8_11_19": {
            "name": "_r_8_11_19",
            "optional": false,
            "type": "FEATURE",
            "note": ""
        },
        "_r_8_11_20": {
            "name": "_r_8_11_20",
            "optional": false,
            "type": "FEATURE",
            "note": ""
        },
        "_r_8_9": {
            "name": "_r_8_9",
            "optional": true,
            "type": "FEATURE",
            "note": ""
        },
        "_r_8_9_17": {
            "name": "_r_8_9_17",
            "optional": false,
            "type": "FEATURE",
            "note": ""
        },
        "_r_8_9_18": {
            "name": "_r_8_9_18",
            "optional": false,
            "type": "FEATURE",
            "note": ""
        }
    },
    "tree": {
        "id": "_r",
        "children": [
            {
                "id": "_r_1",
                "children": [
                    {
                        "id": "_r_1_4_5"
                    },
                    {
                        "id": "_r_1_4_6"
                    },
                    {
                        "id": "_r_1_4_7"
                    }
                ]
            },
            {
                "id": "_r_12",
                "children": [
                    {
                        "id": "_r_12_13_14"
                    },
                    {
                        "id": "_r_12_13_15"
                    }
                ]
            },
            {
                "id": "_r_8",
                "children": [
                    {
                        "id": "_r_8_10"
                    },
                    {
                        "id": "_r_8_11",
                        "children": [
                            {
                                "id": "_r_8_11_19"
                            },
                            {
                                "id": "_r_8_11_20"
                            }
                        ]
                    },
                    {
                        "id": "_r_8_9",
                        "children": [
                            {
                                "id": "_r_8_9_17"
                            },
                            {
                                "id": "_r_8_9_18"
                            }
                        ]
                    }
                ]
            }
        ]
    },
    "constraints": {}
}