{
    "id": "FM__r",
    "name": "FM__r",
    "features": {
        "_r": {
            "name": "_r",
            "optional": true,
            "type": "FEATURE",
            "note": ""
        },
        "_r_16": {
            "name": "_r_16",
            "optional": false,
            "type": "FEATURE",
            "note": ""
        },
        "_r_21": {
            "name": "_r_21",
            "optional": false,
            "type": "FEATURE",
            "note": ""
        },
        "_r_21_22": {
            "name": "_r_21_22",
            "optional": true,
            "type": "FEATURE",
            "note": ""
        },
        "_r_5": {
            "name": "_r_5",
            "optional": false,
            "type": "FEATURE",
            "note": ""
        },
        "_r_5_20": {
            "name": "_r_5_20",
            "optional": true,
            "type": "FEATURE",
            "note": ""
        },
        "_r_5_9": {
            "name": "_r_5_9",
            "optional": true,
            "type": "FEATURE",
            "note": ""
        },
        "_r_6": {
            "name": "_r_6",
            "optional": false,
            "type": "FEATURE",
            "note": ""
        },
        "_r_6_12": {
            "name": "_r_6_12",
            "optional": true,
            "type": "FEATURE",
            "note": ""
        },
        "_r_7": {
            "name": "_r_7",
            "optional": false,
            "type": "FEATURE",
            "note": ""
        },
        "_r_7_14": {
            "name": "_r_7_14",
            "optional": true,
            "type": "FEATURE",
            "note": ""
        },
        "_r_7_19": {
            "name": "_r_7_19",
            "optional": true,
            "type": "FEATURE",
            "note": ""
        },
        "_r_8": {
            "name": "_r_8",
            "optional": false,
            "type": "FEATURE",
            "note": ""
        },
        "_r_8_15": {
            "name": "_r_8_15",
            "optional": true,
            "type": "FEATURE",
            "note": ""
        },
        "_r_8_18": {
            "name": "_r_8_18",
            "optional": true,
            "type": "FEATURE",
            "note": ""
        }
    },
    "tree": {
        "id": "_r",
        "children": [
            {
                "id": "_r_16"
            },
            {
                "id": "_r_21",
                "children": [
                    {
                        "id": "_r_21_22"
                    }
                ]
            },
            {
                "id": "_r_5",
                "children": [
                    {
                        "id": "_r_5_20"
                    },
                    {
                        "id": "_r_5_9"
                    }
                ]
            },
            {
                "id": "_r_6",
                "children": [
                    {
                        "id": "_r_6_12"
                    }
                ]
            },
            {
                "id": "_r_7",
                "children": [
                    {
                        "id": "_r_7_14"
                    },
                    {
                        "id": "_r_7_19"
                    }
                ]
            },
            {
                "id": "_r_8",
                "children": [
                    {
                        "id": "_r_8_15"
                    },
                    {
                        "id": "_r_8_18"
                    }
                ]
            }
        ]
    },
    "constraints": {}
}