{
    "id": "FM__r",
    "name": "FM__r",
    "features": {
        "_r": {
            "name": "_r",
            "optional": true,
            "type": "FEATURE",
            "note": ""
        },
        "_r_1": {
            "name": "_r_1",
            "optional": true,
            "type": "FEATURE",
            "note": ""
        },
        "_r_18": {
            "name": "_r_18",
            "optional": false,
            "type": "FEATURE",
            "note": ""
        },
        "_r_19": {
            "name": "_r_19",
            "optional": false,
            "type": "FEATURE",
            "note": ""
        },
        "_r_2": {
            "name": "_r_2",
            "optional": true,
            "type": "OR",
            "note": ""
        },
        "_r_2_14_15": {
            "name": "_r_2_14_15",
            "optional": true,
            "type": "FEATURE",
            "note": ""
        },
        "_r_2_14_16": {
            "name": "_r_2_14_16",
            "optional": true,
            "type": "FEATURE",
            "note": ""
        },
        "_r_2_14_17": {
            "name": "_r_2_14_17",
            "optional": true,
            "type": "FEATURE",
            "note": ""
        },
        "_r_2_9_10": {
            "name": "_r_2_9_10",
            "optional": true,
            "type": "FEATURE",
            "note": ""
        },
        "_r_2_9_13": {
            "name": "_r_2_9_13",
            "optional": true,
            "type": "FEATURE",
            "note": ""
        }
    },
    "tree": {
        "id": "_r",
        "children": [
            {
                "id": "_r_1"
            },
            {
                "id": "_r_18"
            },
            {
                "id": "_r_19"
            },
            {
                "id": "_r_2",
                "children": [
                    {
                        "id": "_r_2_14_15"
                    },
                    {
                        "id": "_r_2_14_16"
                    },
                    {
                        "id": "_r_2_14_17"
                    },
                    {
                        "id": "_r_2_9_10"
                    },
                    {
                        "id": "_r_2_9_13"
                    }
                ]
            }
        ]
    },
    "constraints": {
        "Constraint 0": {
            "type": "ImpliesTerm",
            "operands": [
                {
                    "type": "FeatureTerm",
                    "operands": [
                        "_r_2_9_10"
                    ]
                },
                {
                    "type": "FeatureTerm",
                    "operands": [
                        "_r_2_9_13"
                    ]
                }
            ]
        }
    }
}