{
    "id": "FM__r",
    "name": "FM__r",
    "features": {
        "_r": {
            "name": "_r",
            "optional": true,
            "type": "FEATURE",
            "note": ""
        },
        "_r_1": {
            "name": "_r_1",
            "optional": false,
            "type": "FEATURE",
            "note": ""
        },
        "_r_1_7": {
            "name": "_r_1_7",
            "optional": false,
            "type": "FEATURE",
            "note": ""
        },
        "_r_1_8": {
            "name": "_r_1_8",
            "optional": false,
            "type": "FEATURE",
            "note": ""
        },
        "_r_2": {
            "name": "_r_2",
            "optional": false,
            "type": "FEATURE",
            "note": ""
        },
        "_r_2_12": {
            "name": "_r_2_12",
            "optional": false,
            "type": "FEATURE",
            "note": ""
        },
        "_r_2_13": {
            "name": "_r_2_13",
            "optional": true,
            "type": "FEATURE",
            "note": ""
        },
        "_r_2_14": {
            "name": "_r_2_14",
            "optional": false,
            "type": "FEATURE",
            "note": ""
        },
        "_r_2_14_15_16": {
            "name": "_r_2_14_15_16",
            "optional": false,
            "type": "FEATURE",
            "note": ""
        },
        "_r_2_14_22_23": {
            "name": "_r_2_14_22_23",
            "optional": false,
            "type": "FEATURE",
            "note": ""
        },
        "_r_2_14_24_25": {
            "name": "_r_2_14_24_25",
            "optional": false,
            "type": "FEATURE",
            "note": ""
        },
        "_r_3": {
            "name": "_r_3",
            "optional": false,
            "type": "FEATURE",
            "note": ""
        },
        "_r_4": {
            "name": "_r_4",
            "optional": true,
            "type": "FEATURE",
            "note": ""
        },
        "_r_4_11": {
            "name": "_r_4_11",
            "optional": false,
            "type": "FEATURE",
            "note": ""
        }
    },
    "tree": {
        "id": "_r",
        "children": [
            {
                "id": "_r_1",
                "children": [
                    {
                        "id": "_r_1_7"
                    },
                    {
                        "id": "_r_1_8"
                    }
                ]
            },
            {
                "id": "_r_2",
                "children": [
                    {
                        "id": "_r_2_12"
                    },
                    {
                        "id": "_r_2_13"
                    },
                    {
                        "id": "_r_2_14",
                        "children": [
                            {
                                "id": "_r_2_14_15_16"
                            },
                            {
                                "id": "_r_2_14_22_23"
                            },
                            {
                                "id": "_r_2_14_24_25"
                            }
                        ]
                    }
                ]
            },
            {
                "id": "_r_3"
            },
            {
                "id": "_r_4",
                "children": [
                    {
                        "id": "_r_4_11"
                    }
                ]
            }
        ]
    },
    "constraints": {}
}