{
    "id": "FM__r",
    "name": "FM__r",
    "features": {
        "_r": {
            "name": "_r",
            "optional": true,
            "type": "FEATURE",
            "note": ""
        },
        "_r_1": {
            "name": "_r_1",
            "optional": true,
            "type": "OR",
            "note": ""
        },
        "_r_1_4_23": {
            "name": "_r_1_4_23",
            "optional": true,
            "type": "FEATURE",
            "note": ""
        },
        "_r_1_4_24": {
            "name": "_r_1_4_24",
            "optional": true,
            "type": "FEATURE",
            "note": ""
        },
        "_r_1_4_5": {
            "name": "_r_1_4_5",
            "optional": true,
            "type": "XOR",
            "note": ""
        },
        "_r_1_4_5_9_10": {
            "name": "_r_1_4_5_9_10",
            "optional": true,
            "type": "FEATURE",
            "note": ""
        },
        "_r_1_4_5_9_11": {
            "name": "_r_1_4_5_9_11",
            "optional": true,
            "type": "FEATURE",
            "note": ""
        },
        "_r_1_4_6": {
            "name": "_r_1_4_6",
            "optional": true,
            "type": "FEATURE",
            "note": ""
        },
        "_r_1_4_7": {
            "name": "_r_1_4_7",
            "optional": true,
            "type": "OR",
            "note": ""
        },
        "_r_1_4_7_15_16": {
            "name": "_r_1_4_7_15_16",
            "optional": true,
            "type": "FEATURE",
            "note": ""
        },
        "_r_1_4_7_15_17": {
            "name": "_r_1_4_7_15_17",
            "optional": true,
            "type": "FEATURE",
            "note": ""
        },
        "_r_1_4_7_15_18": {
            "name": "_r_1_4_7_15_18",
            "optional": true,
            "type": "FEATURE",
            "note": ""
        },
        "_r_2": {
            "name": "_r_2",
            "optional": true,
            "type": "FEATURE",
            "note": ""
        },
        "_r_2_14": {
            "name": "_r_2_14",
            "optional": true,
            "type": "FEATURE",
            "note": ""
        },
        "_r_2_15": {
            "name": "_r_2_15",
            "optional": true,
            "type": "OR",
            "note": ""
        },
        "_r_2_15_23_24": {
            "name": "_r_2_15_23_24",
            "optional": true,
            "type": "FEATURE",
            "note": ""
        },
        "_r_2_15_23_28": {
            "name": "_r_2_15_23_28",
            "optional": true,
            "type": "XOR",
            "note": ""
        },
        "_r_2_15_23_28_29_30": {
            "name": "_r_2_15_23_28_29_30",
            "optional": true,
            "type": "FEATURE",
            "note": ""
        },
        "_r_2_15_23_28_29_31": {
            "name": "_r_2_15_23_28_29_31",
            "optional": true,
            "type": "FEATURE",
            "note": ""
        },
        "_r_2_32": {
            "name": "_r_2_32",
            "optional": true,
            "type": "FEATURE",
            "note": ""
        }
    },
    "tree": {
        "id": "_r",
        "children": [
            {
                "id": "_r_1",
                "children": [
                    {
                        "id": "_r_1_4_23"
                    },
                    {
                        "id": "_r_1_4_24"
                    },
                    {
                        "id": "_r_1_4_5",
                        "children": [
                            {
                                "id": "_r_1_4_5_9_10"
                            },
                            {
                                "id": "_r_1_4_5_9_11"
                            }
                        ]
                    },
                    {
                        "id": "_r_1_4_6"
                    },
                    {
                        "id": "_r_1_4_7",
                        "children": [
                            {
                                "id": "_r_1_4_7_15_16"
                            },
                            {
                                "id": "_r_1_4_7_15_17"
                            },
                            {
                                "id": "_r_1_4_7_15_18"
                            }
                        ]
                    }
                ]
            },
            {
                "id": "_r_2",
                "children": [
                    {
                        "id": "_r_2_14"
                    },
                    {
                        "id": "_r_2_15",
                        "children": [
                            {
                                "id": "_r_2_15_23_24"
                            },
                            {
                                "id": "_r_2_15_23_28",
                                "children": [
                                    {
                                        "id": "_r_2_15_23_28_29_30"
                                    },
                                    {
                                        "id": "_r_2_15_23_28_29_31"
                                    }
                                ]
                            }
                        ]
                    },
                    {
                        "id": "_r_2_32"
                    }
                ]
            }
        ]
    },
    "constraints": {}
}