{
    "id": "FM__r",
    "name": "FM__r",
    "features": {
        "_r": {
            "name": "_r",
            "optional": true,
            "type": "FEATURE",
            "note": ""
        },
        "_r_10": {
            "name": "_r_10",
            "optional": false,
            "type": "FEATURE",
            "note": ""
        },
        "_r_10_11": {
            "name": "_r_10_11",
            "optional": false,
            "type": "FEATURE",
            "note": ""
        },
        "_r_10_12": {
            "name": "_r_10_12",
            "optional": false,
            "type": "FEATURE",
            "note": ""
        },
        "_r_10_13": {
            "name": "_r_10_13",
            "optional": false,
            "type": "FEATURE",
            "note": ""
        },
        "_r_10_14": {
            "name": "_r_10_14",
            "optional": false,
            "type": "FEATURE",
            "note": ""
        },
        "_r_15": {
            "name": "_r_15",
            "optional": false,
            "type": "XOR",
            "note": ""
        },
        "_r_15_16_17": {
            "name": "_r_15_16_17",
            "optional": true,
            "type": "FEATURE",
            "note": ""
        },
        "_r_15_16_18": {
            "name": "_r_15_16_18",
            "optional": true,
            "type": "FEATURE",
            "note": ""
        },
        "_r_15_16_19": {
            "name": "_r_15_16_19",
            "optional": true,
            "type": "FEATURE",
            "note": ""
        },
        "_r_20": {
            "name": "_r_20",
            "optional": false,
            "type": "XOR",
            "note": ""
        },
        "_r_20_21_22": {
            "name": "_r_20_21_22",
            "optional": true,
            "type": "XOR",
            "note": ""
        },
        "_r_20_21_22_23_24": {
            "name": "_r_20_21_22_23_24",
            "optional": true,
            "type": "FEATURE",
            "note": ""
        },
        "_r_20_21_22_23_25": {
            "name": "_r_20_21_22_23_25",
            "optional": true,
            "type": "FEATURE",
            "note": ""
        },
        "_r_20_21_22_27": {
            "name": "_r_20_21_22_27",
            "optional": false,
            "type": "FEATURE",
            "note": ""
        },
        "_r_20_21_22_28": {
            "name": "_r_20_21_22_28",
            "optional": false,
            "type": "FEATURE",
            "note": ""
        },
        "_r_20_21_31": {
            "name": "_r_20_21_31",
            "optional": true,
            "type": "FEATURE",
            "note": ""
        },
        "_r_20_21_31_32": {
            "name": "_r_20_21_31_32",
            "optional": false,
            "type": "FEATURE",
            "note": ""
        },
        "_r_33": {
            "name": "_r_33",
            "optional": false,
            "type": "XOR",
            "note": ""
        },
        "_r_33_34_35": {
            "name": "_r_33_34_35",
            "optional": true,
            "type": "XOR",
            "note": ""
        },
        "_r_33_34_35_36": {
            "name": "_r_33_34_35_36",
            "optional": false,
            "type": "FEATURE",
            "note": ""
        },
        "_r_33_34_35_36_37": {
            "name": "_r_33_34_35_36_37",
            "optional": false,
            "type": "FEATURE",
            "note": ""
        },
        "_r_33_34_35_36_38": {
            "name": "_r_33_34_35_36_38",
            "optional": true,
            "type": "FEATURE",
            "note": ""
        },
        "_r_33_34_35_36_39": {
            "name": "_r_33_34_35_36_39",
            "optional": true,
            "type": "FEATURE",
            "note": ""
        },
        "_r_33_34_35_36_40": {
            "name": "_r_33_34_35_36_40",
            "optional": true,
            "type": "FEATURE",
            "note": ""
        },
        "_r_33_34_35_41_42": {
            "name": "_r_33_34_35_41_42",
            "optional": true,
            "type": "FEATURE",
            "note": ""
        },
        "_r_33_34_35_41_43": {
            "name": "_r_33_34_35_41_43",
            "optional": true,
            "type": "FEATURE",
            "note": ""
        },
        "_r_33_34_45": {
            "name": "_r_33_34_45",
            "optional": true,
            "type": "OR",
            "note": ""
        },
        "_r_33_34_45_46": {
            "name": "_r_33_34_45_46",
            "optional": false,
            "type": "FEATURE",
            "note": ""
        },
        "_r_33_34_45_46_49": {
            "name": "_r_33_34_45_46_49",
            "optional": false,
            "type": "FEATURE",
            "note": ""
        },
        "_r_33_34_45_50_51": {
            "name": "_r_33_34_45_50_51",
            "optional": true,
            "type": "FEATURE",
            "note": ""
        },
        "_r_33_34_45_50_51_53": {
            "name": "_r_33_34_45_50_51_53",
            "optional": false,
            "type": "FEATURE",
            "note": ""
        },
        "_r_33_34_45_50_52": {
            "name": "_r_33_34_45_50_52",
            "optional": true,
            "type": "FEATURE",
            "note": ""
        },
        "_r_33_34_45_50_52_54": {
            "name": "_r_33_34_45_50_52_54",
            "optional": false,
            "type": "FEATURE",
            "note": ""
        },
        "_r_5": {
            "name": "_r_5",
            "optional": false,
            "type": "FEATURE",
            "note": ""
        },
        "_r_5_6": {
            "name": "_r_5_6",
            "optional": false,
            "type": "FEATURE",
            "note": ""
        },
        "_r_5_7": {
            "name": "_r_5_7",
            "optional": false,
            "type": "FEATURE",
            "note": ""
        },
        "_r_5_8": {
            "name": "_r_5_8",
            "optional": false,
            "type": "FEATURE",
            "note": ""
        },
        "_r_5_9": {
            "name": "_r_5_9",
            "optional": false,
            "type": "FEATURE",
            "note": ""
        }
    },
    "tree": {
        "id": "_r",
        "children": [
            {
                "id": "_r_10",
                "children": [
                    {
                        "id": "_r_10_11"
                    },
                    {
                        "id": "_r_10_12"
                    },
                    {
                        "id": "_r_10_13"
                    },
                    {
                        "id": "_r_10_14"
                    }
                ]
            },
            {
                "id": "_r_15",
                "children": [
                    {
                        "id": "_r_15_16_17"
                    },
                    {
                        "id": "_r_15_16_18"
                    },
                    {
                        "id": "_r_15_16_19"
                    }
                ]
            },
            {
                "id": "_r_20",
                "children": [
                    {
                        "id": "_r_20_21_22",
                        "children": [
                            {
                                "id": "_r_20_21_22_23_24"
                            },
                            {
                                "id": "_r_20_21_22_23_25"
                            },
                            {
                                "id": "_r_20_21_22_27"
                            },
                            {
                                "id": "_r_20_21_22_28"
                            }
                        ]
                    },
                    {
                        "id": "_r_20_21_31",
                        "children": [
                            {
                                "id": "_r_20_21_31_32"
                            }
                        ]
                    }
                ]
            },
            {
                "id": "_r_33",
                "children": [
                    {
                        "id": "_r_33_34_35",
                        "children": [
                            {
                                "id": "_r_33_34_35_36",
                                "children": [
                                    {
                                        "id": "_r_33_34_35_36_37"
                                    },
                                    {
                                        "id": "_r_33_34_35_36_38"
                                    },
                                    {
                                        "id": "_r_33_34_35_36_39"
                                    },
                                    {
                                        "id": "_r_33_34_35_36_40"
                                    }
                                ]
                            },
                            {
                                "id": "_r_33_34_35_41_42"
                            },
                            {
                                "id": "_r_33_34_35_41_43"
                            }
                        ]
                    },
                    {
                        "id": "_r_33_34_45",
                        "children": [
                            {
                                "id": "_r_33_34_45_46",
                                "children": [
                                    {
                                        "id": "_r_33_34_45_46_49"
                                    }
                                ]
                            },
                            {
                                "id": "_r_33_34_45_50_51",
                                "children": [
                                    {
                                        "id": "_r_33_34_45_50_51_53"
                                    }
                                ]
                            },
                            {
                                "id": "_r_33_34_45_50_52",
                                "children": [
                                    {
                                        "id": "_r_33_34_45_50_52_54"
                                    }
                                ]
                            }
                        ]
                    }
                ]
            },
            {
                "id": "_r_5",
                "children": [
                    {
                        "id": "_r_5_6"
                    },
                    {
                        "id": "_r_5_7"
                    },
                    {
                        "id": "_r_5_8"
                    },
                    {
                        "id": "_r_5_9"
                    }
                ]
            }
        ]
    },
    "constraints": {}
}