{
    "id": "FM__r",
    "name": "FM__r",
    "features": {
        "_r": {
            "name": "_r",
            "optional": true,
            "type": "FEATURE",
            "note": ""
        },
        "_r_1": {
            "name": "_r_1",
            "optional": false,
            "type": "XOR",
            "note": ""
        },
        "_r_1_14_15": {
            "name": "_r_1_14_15",
            "optional": true,
            "type": "FEATURE",
            "note": ""
        },
        "_r_1_14_16": {
            "name": "_r_1_14_16",
            "optional": true,
            "type": "FEATURE",
            "note": ""
        },
        "_r_2": {
            "name": "_r_2",
            "optional": false,
            "type": "XOR",
            "note": ""
        },
        "_r_2_11_12": {
            "name": "_r_2_11_12",
            "optional": true,
            "type": "FEATURE",
            "note": ""
        },
        "_r_2_11_13": {
            "name": "_r_2_11_13",
            "optional": true,
            "type": "FEATURE",
            "note": ""
        },
        "_r_3": {
            "name": "_r_3",
            "optional": false,
            "type": "OR",
            "note": ""
        },
        "_r_34": {
            "name": "_r_34",
            "optional": false,
            "type": "XOR",
            "note": ""
        },
        "_r_34_35_36": {
            "name": "_r_34_35_36",
            "optional": true,
            "type": "FEATURE",
            "note": ""
        },
        "_r_34_35_37": {
            "name": "_r_34_35_37",
            "optional": true,
            "type": "FEATURE",
            "note": ""
        },
        "_r_34_35_38": {
            "name": "_r_34_35_38",
            "optional": true,
            "type": "FEATURE",
            "note": ""
        },
        "_r_34_35_39": {
            "name": "_r_34_35_39",
            "optional": true,
            "type": "FEATURE",
            "note": ""
        },
        "_r_34_35_40": {
            "name": "_r_34_35_40",
            "optional": true,
            "type": "FEATURE",
            "note": ""
        },
        "_r_3_17_18": {
            "name": "_r_3_17_18",
            "optional": true,
            "type": "FEATURE",
            "note": ""
        },
        "_r_3_17_19": {
            "name": "_r_3_17_19",
            "optional": true,
            "type": "FEATURE",
            "note": ""
        },
        "_r_3_17_20": {
            "name": "_r_3_17_20",
            "optional": true,
            "type": "FEATURE",
            "note": ""
        },
        "_r_3_17_21": {
            "name": "_r_3_17_21",
            "optional": true,
            "type": "FEATURE",
            "note": ""
        },
        "_r_3_17_22": {
            "name": "_r_3_17_22",
            "optional": true,
            "type": "FEATURE",
            "note": ""
        },
        "_r_3_17_23": {
            "name": "_r_3_17_23",
            "optional": true,
            "type": "FEATURE",
            "note": ""
        },
        "_r_3_24": {
            "name": "_r_3_24",
            "optional": true,
            "type": "OR",
            "note": ""
        },
        "_r_3_24_25_26": {
            "name": "_r_3_24_25_26",
            "optional": true,
            "type": "FEATURE",
            "note": ""
        },
        "_r_3_24_25_27": {
            "name": "_r_3_24_25_27",
            "optional": true,
            "type": "FEATURE",
            "note": ""
        },
        "_r_3_24_25_28": {
            "name": "_r_3_24_25_28",
            "optional": true,
            "type": "FEATURE",
            "note": ""
        },
        "_r_3_24_25_29": {
            "name": "_r_3_24_25_29",
            "optional": true,
            "type": "FEATURE",
            "note": ""
        },
        "_r_4": {
            "name": "_r_4",
            "optional": false,
            "type": "FEATURE",
            "note": ""
        },
        "_r_41": {
            "name": "_r_41",
            "optional": false,
            "type": "XOR",
            "note": ""
        },
        "_r_41_42_43": {
            "name": "_r_41_42_43",
            "optional": true,
            "type": "FEATURE",
            "note": ""
        },
        "_r_41_42_44": {
            "name": "_r_41_42_44",
            "optional": true,
            "type": "FEATURE",
            "note": ""
        },
        "_r_41_42_45": {
            "name": "_r_41_42_45",
            "optional": true,
            "type": "FEATURE",
            "note": ""
        },
        "_r_41_42_46": {
            "name": "_r_41_42_46",
            "optional": true,
            "type": "FEATURE",
            "note": ""
        },
        "_r_41_42_47": {
            "name": "_r_41_42_47",
            "optional": true,
            "type": "FEATURE",
            "note": ""
        },
        "_r_48": {
            "name": "_r_48",
            "optional": true,
            "type": "FEATURE",
            "note": ""
        },
        "_r_4_31": {
            "name": "_r_4_31",
            "optional": false,
            "type": "FEATURE",
            "note": ""
        },
        "_r_4_32": {
            "name": "_r_4_32",
            "optional": false,
            "type": "FEATURE",
            "note": ""
        },
        "_r_4_33": {
            "name": "_r_4_33",
            "optional": true,
            "type": "FEATURE",
            "note": ""
        }
    },
    "tree": {
        "id": "_r",
        "children": [
            {
                "id": "_r_1",
                "children": [
                    {
                        "id": "_r_1_14_15"
                    },
                    {
                        "id": "_r_1_14_16"
                    }
                ]
            },
            {
                "id": "_r_2",
                "children": [
                    {
                        "id": "_r_2_11_12"
                    },
                    {
                        "id": "_r_2_11_13"
                    }
                ]
            },
            {
                "id": "_r_3",
                "children": [
                    {
                        "id": "_r_3_17_18"
                    },
                    {
                        "id": "_r_3_17_19"
                    },
                    {
                        "id": "_r_3_17_20"
                    },
                    {
                        "id": "_r_3_17_21"
                    },
                    {
                        "id": "_r_3_17_22"
                    },
                    {
                        "id": "_r_3_17_23"
                    },
                    {
                        "id": "_r_3_24",
                        "children": [
                            {
                                "id": "_r_3_24_25_26"
                            },
                            {
                                "id": "_r_3_24_25_27"
                            },
                            {
                                "id": "_r_3_24_25_28"
                            },
                            {
                                "id": "_r_3_24_25_29"
                            }
                        ]
                    }
                ]
            },
            {
                "id": "_r_34",
                "children": [
                    {
                        "id": "_r_34_35_36"
                    },
                    {
                        "id": "_r_34_35_37"
                    },
                    {
                        "id": "_r_34_35_38"
                    },
                    {
                        "id": "_r_34_35_39"
                    },
                    {
                        "id": "_r_34_35_40"
                    }
                ]
            },
            {
                "id": "_r_4",
                "children": [
                    {
                        "id": "_r_4_31"
                    },
                    {
                        "id": "_r_4_32"
                    },
                    {
                        "id": "_r_4_33"
                    }
                ]
            },
            {
                "id": "_r_41",
                "children": [
                    {
                        "id": "_r_41_42_43"
                    },
                    {
                        "id": "_r_41_42_44"
                    },
                    {
                        "id": "_r_41_42_45"
                    },
                    {
                        "id": "_r_41_42_46"
                    },
                    {
                        "id": "_r_41_42_47"
                    }
                ]
            },
            {
                "id": "_r_48"
            }
        ]
    },
    "constraints": {
        "Constraint 0": {
            "type": "ImpliesTerm",
            "operands": [
                {
                    "type": "FeatureTerm",
                    "operands": [
                        "_r_3_17_20"
                    ]
                },
                {
                    "type": "NotTerm",
                    "operands": [
                        {
                            "type": "FeatureTerm",
                            "operands": [
                                "_r_34_35_36"
                            ]
                        }
                    ]
                }
            ]
        },
        "Constraint 1": {
            "type": "ImpliesTerm",
            "operands": [
                {
                    "type": "FeatureTerm",
                    "operands": [
                        "_r_3_17_21"
                    ]
                },
                {
                    "type": "NotTerm",
                    "operands": [
                        {
                            "type": "FeatureTerm",
                            "operands": [
                                "_r_34_35_36"
                            ]
                        }
                    ]
                }
            ]
        },
        "Constraint 2": {
            "type": "ImpliesTerm",
            "operands": [
                {
                    "type": "FeatureTerm",
                    "operands": [
                        "_r_3_17_23"
                    ]
                },
                {
                    "type": "NotTerm",
                    "operands": [
                        {
                            "type": "FeatureTerm",
                            "operands": [
                                "_r_34_35_36"
                            ]
                        }
                    ]
                }
            ]
        },
        "Constraint 3": {
            "type": "ImpliesTerm",
            "operands": [
                {
                    "type": "FeatureTerm",
                    "operands": [
                        "_r_3_24_25_27"
                    ]
                },
                {
                    "type": "NotTerm",
                    "operands": [
                        {
                            "type": "FeatureTerm",
                            "operands": [
                                "_r_34_35_36"
                            ]
                        }
                    ]
                }
            ]
        },
        "Constraint 4": {
            "type": "ImpliesTerm",
            "operands": [
                {
                    "type": "FeatureTerm",
                    "operands": [
                        "_r_1_14_16"
                    ]
                },
                {
                    "type": "FeatureTerm",
                    "operands": [
                        "_r_34_35_39"
                    ]
                }
            ]
        },
        "Constraint 5": {
            "type": "ImpliesTerm",
            "operands": [
                {
                    "type": "FeatureTerm",
                    "operands": [
                        "_r_3_24_25_26"
                    ]
                },
                {
                    "type": "FeatureTerm",
                    "operands": [
                        "_r_34_35_36"
                    ]
                }
            ]
        },
        "Constraint 6": {
            "type": "ImpliesTerm",
            "operands": [
                {
                    "type": "FeatureTerm",
                    "operands": [
                        "_r_3_17_22"
                    ]
                },
                {
                    "type": "FeatureTerm",
                    "operands": [
                        "_r_34_35_39"
                    ]
                }
            ]
        },
        "Constraint 7": {
            "type": "ImpliesTerm",
            "operands": [
                {
                    "type": "FeatureTerm",
                    "operands": [
                        "_r_2_11_12"
                    ]
                },
                {
                    "type": "FeatureTerm",
                    "operands": [
                        "_r_34_35_39"
                    ]
                }
            ]
        },
        "Constraint 8": {
            "type": "ImpliesTerm",
            "operands": [
                {
                    "type": "FeatureTerm",
                    "operands": [
                        "_r_3_17_21"
                    ]
                },
                {
                    "type": "FeatureTerm",
                    "operands": [
                        "_r_34_35_39"
                    ]
                }
            ]
        },
        "Constraint 9": {
            "type": "ImpliesTerm",
            "operands": [
                {
                    "type": "FeatureTerm",
                    "operands": [
                        "_r_34_35_38"
                    ]
                },
                {
                    "type": "FeatureTerm",
                    "operands": [
                        "_r_41_42_45"
                    ]
                }
            ]
        },
        "Constraint 10": {
            "type": "ImpliesTerm",
            "operands": [
                {
                    "type": "FeatureTerm",
                    "operands": [
                        "_r_34_35_36"
                    ]
                },
                {
                    "type": "FeatureTerm",
                    "operands": [
                        "_r_41_42_46"
                    ]
                }
            ]
        },
        "Constraint 11": {
            "type": "ImpliesTerm",
            "operands": [
                {
                    "type": "FeatureTerm",
                    "operands": [
                        "_r_3_17_18"
                    ]
                },
                {
                    "type": "NotTerm",
                    "operands": [
                        {
                            "type": "FeatureTerm",
                            "operands": [
                                "_r_34_35_36"
                            ]
                        }
                    ]
                }
            ]
        },
        "Constraint 12": {
            "type": "ImpliesTerm",
            "operands": [
                {
                    "type": "FeatureTerm",
                    "operands": [
                        "_r_3_24_25_29"
                    ]
                },
                {
                    "type": "FeatureTerm",
                    "operands": [
                        "_r_34_35_39"
                    ]
                }
            ]
        },
        "Constraint 13": {
            "type": "ImpliesTerm",
            "operands": [
                {
                    "type": "FeatureTerm",
                    "operands": [
                        "_r_3_17_22"
                    ]
                },
                {
                    "type": "FeatureTerm",
                    "operands": [
                        "_r_34_35_36"
                    ]
                }
            ]
        },
        "Constraint 14": {
            "type": "ImpliesTerm",
            "operands": [
                {
                    "type": "FeatureTerm",
                    "operands": [
                        "_r_1_14_15"
                    ]
                },
                {
                    "type": "FeatureTerm",
                    "operands": [
                        "_r_34_35_36"
                    ]
                }
            ]
        },
        "Constraint 15": {
            "type": "ImpliesTerm",
            "operands": [
                {
                    "type": "FeatureTerm",
                    "operands": [
                        "_r_34_35_37"
                    ]
                },
                {
                    "type": "FeatureTerm",
                    "operands": [
                        "_r_41_42_44"
                    ]
                }
            ]
        },
        "Constraint 16": {
            "type": "ImpliesTerm",
            "operands": [
                {
                    "type": "FeatureTerm",
                    "operands": [
                        "_r_2_11_12"
                    ]
                },
                {
                    "type": "FeatureTerm",
                    "operands": [
                        "_r_34_35_36"
                    ]
                }
            ]
        },
        "Constraint 17": {
            "type": "ImpliesTerm",
            "operands": [
                {
                    "type": "FeatureTerm",
                    "operands": [
                        "_r_34_35_40"
                    ]
                },
                {
                    "type": "FeatureTerm",
                    "operands": [
                        "_r_41_42_47"
                    ]
                }
            ]
        },
        "Constraint 18": {
            "type": "ImpliesTerm",
            "operands": [
                {
                    "type": "FeatureTerm",
                    "operands": [
                        "_r_4_33"
                    ]
                },
                {
                    "type": "FeatureTerm",
                    "operands": [
                        "_r_48"
                    ]
                }
            ]
        },
        "Constraint 19": {
            "type": "ImpliesTerm",
            "operands": [
                {
                    "type": "FeatureTerm",
                    "operands": [
                        "_r_3_17_19"
                    ]
                },
                {
                    "type": "FeatureTerm",
                    "operands": [
                        "_r_34_35_36"
                    ]
                }
            ]
        },
        "Constraint 20": {
            "type": "ImpliesTerm",
            "operands": [
                {
                    "type": "FeatureTerm",
                    "operands": [
                        "_r_3_24_25_28"
                    ]
                },
                {
                    "type": "FeatureTerm",
                    "operands": [
                        "_r_34_35_36"
                    ]
                }
            ]
        },
        "Constraint 21": {
            "type": "ImpliesTerm",
            "operands": [
                {
                    "type": "FeatureTerm",
                    "operands": [
                        "_r_34_35_39"
                    ]
                },
                {
                    "type": "FeatureTerm",
                    "operands": [
                        "_r_41_42_43"
                    ]
                }
            ]
        },
        "Constraint 22": {
            "type": "ImpliesTerm",
            "operands": [
                {
                    "type": "FeatureTerm",
                    "operands": [
                        "_r_3_24_25_29"
                    ]
                },
                {
                    "type": "FeatureTerm",
                    "operands": [
                        "_r_34_35_36"
                    ]
                }
            ]
        }
    }
}