{
    "id": "FM__r",
    "name": "FM__r",
    "features": {
        "_r": {
            "name": "_r",
            "optional": true,
            "type": "FEATURE",
            "note": ""
        },
        "_r_1": {
            "name": "_r_1",
            "optional": false,
            "type": "FEATURE",
            "note": ""
        },
        "_r_1_2": {
            "name": "_r_1_2",
            "optional": false,
            "type": "FEATURE",
            "note": ""
        },
        "_r_1_2_15": {
            "name": "_r_1_2_15",
            "optional": false,
            "type": "OR",
            "note": ""
        },
        "_r_1_2_15_18": {
            "name": "_r_1_2_15_18",
            "optional": true,
            "type": "FEATURE",
            "note": ""
        },
        "_r_1_2_15_19_20": {
            "name": "_r_1_2_15_19_20",
            "optional": true,
            "type": "FEATURE",
            "note": ""
        },
        "_r_1_2_15_19_21": {
            "name": "_r_1_2_15_19_21",
            "optional": true,
            "type": "FEATURE",
            "note": ""
        },
        "_r_1_2_16": {
            "name": "_r_1_2_16",
            "optional": true,
            "type": "FEATURE",
            "note": ""
        },
        "_r_1_2_17": {
            "name": "_r_1_2_17",
            "optional": false,
            "type": "FEATURE",
            "note": ""
        },
        "_r_1_2_17_22": {
            "name": "_r_1_2_17_22",
            "optional": false,
            "type": "XOR",
            "note": ""
        },
        "_r_1_2_17_22_25_26": {
            "name": "_r_1_2_17_22_25_26",
            "optional": true,
            "type": "FEATURE",
            "note": ""
        },
        "_r_1_2_17_22_25_27": {
            "name": "_r_1_2_17_22_25_27",
            "optional": true,
            "type": "FEATURE",
            "note": ""
        },
        "_r_1_2_17_22_25_28": {
            "name": "_r_1_2_17_22_25_28",
            "optional": true,
            "type": "FEATURE",
            "note": ""
        },
        "_r_1_2_17_22_25_29": {
            "name": "_r_1_2_17_22_25_29",
            "optional": true,
            "type": "FEATURE",
            "note": ""
        },
        "_r_1_2_17_23": {
            "name": "_r_1_2_17_23",
            "optional": false,
            "type": "FEATURE",
            "note": ""
        },
        "_r_1_2_17_24": {
            "name": "_r_1_2_17_24",
            "optional": false,
            "type": "FEATURE",
            "note": ""
        },
        "_r_1_3": {
            "name": "_r_1_3",
            "optional": true,
            "type": "OR",
            "note": ""
        },
        "_r_1_3_30": {
            "name": "_r_1_3_30",
            "optional": true,
            "type": "FEATURE",
            "note": ""
        },
        "_r_1_3_31_32": {
            "name": "_r_1_3_31_32",
            "optional": true,
            "type": "FEATURE",
            "note": ""
        },
        "_r_1_3_31_33": {
            "name": "_r_1_3_31_33",
            "optional": true,
            "type": "FEATURE",
            "note": ""
        },
        "_r_1_3_31_34": {
            "name": "_r_1_3_31_34",
            "optional": true,
            "type": "FEATURE",
            "note": ""
        },
        "_r_1_4": {
            "name": "_r_1_4",
            "optional": true,
            "type": "FEATURE",
            "note": ""
        },
        "_r_1_4_35": {
            "name": "_r_1_4_35",
            "optional": false,
            "type": "FEATURE",
            "note": ""
        },
        "_r_1_4_35_37": {
            "name": "_r_1_4_35_37",
            "optional": false,
            "type": "OR",
            "note": ""
        },
        "_r_1_4_35_37_40_41": {
            "name": "_r_1_4_35_37_40_41",
            "optional": true,
            "type": "FEATURE",
            "note": ""
        },
        "_r_1_4_35_37_40_42": {
            "name": "_r_1_4_35_37_40_42",
            "optional": true,
            "type": "FEATURE",
            "note": ""
        },
        "_r_1_4_35_37_40_43": {
            "name": "_r_1_4_35_37_40_43",
            "optional": true,
            "type": "FEATURE",
            "note": ""
        },
        "_r_1_4_35_38": {
            "name": "_r_1_4_35_38",
            "optional": false,
            "type": "FEATURE",
            "note": ""
        },
        "_r_1_5": {
            "name": "_r_1_5",
            "optional": true,
            "type": "FEATURE",
            "note": ""
        },
        "_r_1_5_44": {
            "name": "_r_1_5_44",
            "optional": false,
            "type": "FEATURE",
            "note": ""
        },
        "_r_1_5_44_45": {
            "name": "_r_1_5_44_45",
            "optional": false,
            "type": "FEATURE",
            "note": ""
        },
        "_r_6": {
            "name": "_r_6",
            "optional": true,
            "type": "FEATURE",
            "note": ""
        },
        "_r_6_10": {
            "name": "_r_6_10",
            "optional": true,
            "type": "FEATURE",
            "note": ""
        },
        "_r_6_11": {
            "name": "_r_6_11",
            "optional": true,
            "type": "FEATURE",
            "note": ""
        },
        "_r_6_12": {
            "name": "_r_6_12",
            "optional": true,
            "type": "FEATURE",
            "note": ""
        },
        "_r_6_13": {
            "name": "_r_6_13",
            "optional": true,
            "type": "FEATURE",
            "note": ""
        },
        "_r_6_14": {
            "name": "_r_6_14",
            "optional": true,
            "type": "FEATURE",
            "note": ""
        },
        "_r_7": {
            "name": "_r_7",
            "optional": true,
            "type": "FEATURE",
            "note": ""
        },
        "_r_7_8": {
            "name": "_r_7_8",
            "optional": false,
            "type": "FEATURE",
            "note": ""
        },
        "_r_7_9": {
            "name": "_r_7_9",
            "optional": true,
            "type": "FEATURE",
            "note": ""
        }
    },
    "tree": {
        "id": "_r",
        "children": [
            {
                "id": "_r_1",
                "children": [
                    {
                        "id": "_r_1_2",
                        "children": [
                            {
                                "id": "_r_1_2_15",
                                "children": [
                                    {
                                        "id": "_r_1_2_15_18"
                                    },
                                    {
                                        "id": "_r_1_2_15_19_20"
                                    },
                                    {
                                        "id": "_r_1_2_15_19_21"
                                    }
                                ]
                            },
                            {
                                "id": "_r_1_2_16"
                            },
                            {
                                "id": "_r_1_2_17",
                                "children": [
                                    {
                                        "id": "_r_1_2_17_22",
                                        "children": [
                                            {
                                                "id": "_r_1_2_17_22_25_26"
                                            },
                                            {
                                                "id": "_r_1_2_17_22_25_27"
                                            },
                                            {
                                                "id": "_r_1_2_17_22_25_28"
                                            },
                                            {
                                                "id": "_r_1_2_17_22_25_29"
                                            }
                                        ]
                                    },
                                    {
                                        "id": "_r_1_2_17_23"
                                    },
                                    {
                                        "id": "_r_1_2_17_24"
                                    }
                                ]
                            }
                        ]
                    },
                    {
                        "id": "_r_1_3",
                        "children": [
                            {
                                "id": "_r_1_3_30"
                            },
                            {
                                "id": "_r_1_3_31_32"
                            },
                            {
                                "id": "_r_1_3_31_33"
                            },
                            {
                                "id": "_r_1_3_31_34"
                            }
                        ]
                    },
                    {
                        "id": "_r_1_4",
                        "children": [
                            {
                                "id": "_r_1_4_35",
                                "children": [
                                    {
                                        "id": "_r_1_4_35_37",
                                        "children": [
                                            {
                                                "id": "_r_1_4_35_37_40_41"
                                            },
                                            {
                                                "id": "_r_1_4_35_37_40_42"
                                            },
                                            {
                                                "id": "_r_1_4_35_37_40_43"
                                            }
                                        ]
                                    },
                                    {
                                        "id": "_r_1_4_35_38"
                                    }
                                ]
                            }
                        ]
                    },
                    {
                        "id": "_r_1_5",
                        "children": [
                            {
                                "id": "_r_1_5_44",
                                "children": [
                                    {
                                        "id": "_r_1_5_44_45"
                                    }
                                ]
                            }
                        ]
                    }
                ]
            },
            {
                "id": "_r_6",
                "children": [
                    {
                        "id": "_r_6_10"
                    },
                    {
                        "id": "_r_6_11"
                    },
                    {
                        "id": "_r_6_12"
                    },
                    {
                        "id": "_r_6_13"
                    },
                    {
                        "id": "_r_6_14"
                    }
                ]
            },
            {
                "id": "_r_7",
                "children": [
                    {
                        "id": "_r_7_8"
                    },
                    {
                        "id": "_r_7_9"
                    }
                ]
            }
        ]
    },
    "constraints": {
        "Constraint 0": {
            "type": "ImpliesTerm",
            "operands": [
                {
                    "type": "FeatureTerm",
                    "operands": [
                        "_r_1_4_35_37"
                    ]
                },
                {
                    "type": "FeatureTerm",
                    "operands": [
                        "_r_1_4_35_38"
                    ]
                }
            ]
        },
        "Constraint 1": {
            "type": "ImpliesTerm",
            "operands": [
                {
                    "type": "FeatureTerm",
                    "operands": [
                        "_r_1"
                    ]
                },
                {
                    "type": "FeatureTerm",
                    "operands": [
                        "_r_7_8"
                    ]
                }
            ]
        },
        "Constraint 2": {
            "type": "ImpliesTerm",
            "operands": [
                {
                    "type": "FeatureTerm",
                    "operands": [
                        "_r_1"
                    ]
                },
                {
                    "type": "FeatureTerm",
                    "operands": [
                        "_r_6"
                    ]
                }
            ]
        }
    }
}