{
    "id": "FM__r",
    "name": "FM__r",
    "features": {
        "_r": {
            "name": "_r",
            "optional": true,
            "type": "FEATURE",
            "note": ""
        },
        "_r_12": {
            "name": "_r_12",
            "optional": false,
            "type": "FEATURE",
            "note": ""
        },
        "_r_15": {
            "name": "_r_15",
            "optional": false,
            "type": "XOR",
            "note": ""
        },
        "_r_15_17_18": {
            "name": "_r_15_17_18",
            "optional": true,
            "type": "FEATURE",
            "note": ""
        },
        "_r_15_17_19": {
            "name": "_r_15_17_19",
            "optional": true,
            "type": "FEATURE",
            "note": ""
        },
        "_r_15_17_19_28": {
            "name": "_r_15_17_19_28",
            "optional": false,
            "type": "FEATURE",
            "note": ""
        },
        "_r_15_17_19_29": {
            "name": "_r_15_17_19_29",
            "optional": false,
            "type": "FEATURE",
            "note": ""
        },
        "_r_15_32": {
            "name": "_r_15_32",
            "optional": false,
            "type": "FEATURE",
            "note": ""
        },
        "_r_15_47": {
            "name": "_r_15_47",
            "optional": false,
            "type": "XOR",
            "note": ""
        },
        "_r_15_47_51_52": {
            "name": "_r_15_47_51_52",
            "optional": true,
            "type": "FEATURE",
            "note": ""
        },
        "_r_15_47_51_52_55": {
            "name": "_r_15_47_51_52_55",
            "optional": false,
            "type": "FEATURE",
            "note": ""
        },
        "_r_15_47_51_52_55_57": {
            "name": "_r_15_47_51_52_55_57",
            "optional": false,
            "type": "FEATURE",
            "note": ""
        },
        "_r_15_47_51_52_56": {
            "name": "_r_15_47_51_52_56",
            "optional": false,
            "type": "FEATURE",
            "note": ""
        },
        "_r_15_47_51_53": {
            "name": "_r_15_47_51_53",
            "optional": true,
            "type": "FEATURE",
            "note": ""
        },
        "_r_38": {
            "name": "_r_38",
            "optional": false,
            "type": "OR",
            "note": ""
        },
        "_r_38_39_40": {
            "name": "_r_38_39_40",
            "optional": true,
            "type": "FEATURE",
            "note": ""
        },
        "_r_38_39_41": {
            "name": "_r_38_39_41",
            "optional": true,
            "type": "FEATURE",
            "note": ""
        },
        "_r_38_39_42": {
            "name": "_r_38_39_42",
            "optional": true,
            "type": "FEATURE",
            "note": ""
        },
        "_r_38_39_43": {
            "name": "_r_38_39_43",
            "optional": true,
            "type": "FEATURE",
            "note": ""
        },
        "_r_38_39_44": {
            "name": "_r_38_39_44",
            "optional": true,
            "type": "FEATURE",
            "note": ""
        },
        "_r_38_39_45": {
            "name": "_r_38_39_45",
            "optional": true,
            "type": "FEATURE",
            "note": ""
        },
        "_r_4": {
            "name": "_r_4",
            "optional": false,
            "type": "FEATURE",
            "note": ""
        },
        "_r_7": {
            "name": "_r_7",
            "optional": false,
            "type": "XOR",
            "note": ""
        },
        "_r_7_8_10": {
            "name": "_r_7_8_10",
            "optional": true,
            "type": "FEATURE",
            "note": ""
        },
        "_r_7_8_11": {
            "name": "_r_7_8_11",
            "optional": true,
            "type": "FEATURE",
            "note": ""
        },
        "_r_7_8_9": {
            "name": "_r_7_8_9",
            "optional": true,
            "type": "FEATURE",
            "note": ""
        }
    },
    "tree": {
        "id": "_r",
        "children": [
            {
                "id": "_r_12"
            },
            {
                "id": "_r_15",
                "children": [
                    {
                        "id": "_r_15_17_18"
                    },
                    {
                        "id": "_r_15_17_19",
                        "children": [
                            {
                                "id": "_r_15_17_19_28"
                            },
                            {
                                "id": "_r_15_17_19_29"
                            }
                        ]
                    },
                    {
                        "id": "_r_15_32"
                    },
                    {
                        "id": "_r_15_47",
                        "children": [
                            {
                                "id": "_r_15_47_51_52",
                                "children": [
                                    {
                                        "id": "_r_15_47_51_52_55",
                                        "children": [
                                            {
                                                "id": "_r_15_47_51_52_55_57"
                                            }
                                        ]
                                    },
                                    {
                                        "id": "_r_15_47_51_52_56"
                                    }
                                ]
                            },
                            {
                                "id": "_r_15_47_51_53"
                            }
                        ]
                    }
                ]
            },
            {
                "id": "_r_38",
                "children": [
                    {
                        "id": "_r_38_39_40"
                    },
                    {
                        "id": "_r_38_39_41"
                    },
                    {
                        "id": "_r_38_39_42"
                    },
                    {
                        "id": "_r_38_39_43"
                    },
                    {
                        "id": "_r_38_39_44"
                    },
                    {
                        "id": "_r_38_39_45"
                    }
                ]
            },
            {
                "id": "_r_4"
            },
            {
                "id": "_r_7",
                "children": [
                    {
                        "id": "_r_7_8_10"
                    },
                    {
                        "id": "_r_7_8_11"
                    },
                    {
                        "id": "_r_7_8_9"
                    }
                ]
            }
        ]
    },
    "constraints": {}
}