{
    "id": "FM__r",
    "name": "FM__r",
    "features": {
        "_r": {
            "name": "_r",
            "optional": true,
            "type": "XOR",
            "note": ""
        },
        "_r_1": {
            "name": "_r_1",
            "optional": false,
            "type": "FEATURE",
            "note": ""
        },
        "_r_11": {
            "name": "_r_11",
            "optional": false,
            "type": "FEATURE",
            "note": ""
        },
        "_r_12": {
            "name": "_r_12",
            "optional": false,
            "type": "FEATURE",
            "note": ""
        },
        "_r_13": {
            "name": "_r_13",
            "optional": false,
            "type": "FEATURE",
            "note": ""
        },
        "_r_14": {
            "name": "_r_14",
            "optional": false,
            "type": "FEATURE",
            "note": ""
        },
        "_r_14_15": {
            "name": "_r_14_15",
            "optional": true,
            "type": "FEATURE",
            "note": ""
        },
        "_r_14_15_16": {
            "name": "_r_14_15_16",
            "optional": false,
            "type": "XOR",
            "note": ""
        },
        "_r_14_15_16_18_19": {
            "name": "_r_14_15_16_18_19",
            "optional": true,
            "type": "FEATURE",
            "note": ""
        },
        "_r_14_15_16_18_20": {
            "name": "_r_14_15_16_18_20",
            "optional": true,
            "type": "FEATURE",
            "note": ""
        },
        "_r_14_15_17": {
            "name": "_r_14_15_17",
            "optional": false,
            "type": "XOR",
            "note": ""
        },
        "_r_14_15_17_21_22": {
            "name": "_r_14_15_17_21_22",
            "optional": true,
            "type": "FEATURE",
            "note": ""
        },
        "_r_14_15_17_21_23": {
            "name": "_r_14_15_17_21_23",
            "optional": true,
            "type": "FEATURE",
            "note": ""
        },
        "_r_14_25": {
            "name": "_r_14_25",
            "optional": true,
            "type": "FEATURE",
            "note": ""
        },
        "_r_14_27": {
            "name": "_r_14_27",
            "optional": false,
            "type": "FEATURE",
            "note": ""
        },
        "_r_2": {
            "name": "_r_2",
            "optional": true,
            "type": "FEATURE",
            "note": ""
        },
        "_r_28": {
            "name": "_r_28",
            "optional": false,
            "type": "FEATURE",
            "note": ""
        },
        "_r_29": {
            "name": "_r_29",
            "optional": false,
            "type": "FEATURE",
            "note": ""
        },
        "_r_31": {
            "name": "_r_31",
            "optional": false,
            "type": "FEATURE",
            "note": ""
        },
        "_r_32": {
            "name": "_r_32",
            "optional": false,
            "type": "XOR",
            "note": ""
        },
        "_r_32_33_34": {
            "name": "_r_32_33_34",
            "optional": true,
            "type": "FEATURE",
            "note": ""
        },
        "_r_32_33_35": {
            "name": "_r_32_33_35",
            "optional": true,
            "type": "FEATURE",
            "note": ""
        },
        "_r_32_33_36": {
            "name": "_r_32_33_36",
            "optional": true,
            "type": "FEATURE",
            "note": ""
        },
        "_r_32_38_39": {
            "name": "_r_32_38_39",
            "optional": true,
            "type": "FEATURE",
            "note": ""
        },
        "_r_32_38_40": {
            "name": "_r_32_38_40",
            "optional": true,
            "type": "FEATURE",
            "note": ""
        },
        "_r_32_38_41": {
            "name": "_r_32_38_41",
            "optional": true,
            "type": "FEATURE",
            "note": ""
        },
        "_r_32_42": {
            "name": "_r_32_42",
            "optional": true,
            "type": "XOR",
            "note": ""
        },
        "_r_32_42_45_46": {
            "name": "_r_32_42_45_46",
            "optional": true,
            "type": "FEATURE",
            "note": ""
        },
        "_r_32_42_45_47": {
            "name": "_r_32_42_45_47",
            "optional": true,
            "type": "FEATURE",
            "note": ""
        },
        "_r_32_42_45_48": {
            "name": "_r_32_42_45_48",
            "optional": true,
            "type": "FEATURE",
            "note": ""
        },
        "_r_32_42_45_49": {
            "name": "_r_32_42_45_49",
            "optional": true,
            "type": "FEATURE",
            "note": ""
        },
        "_r_32_42_45_50": {
            "name": "_r_32_42_45_50",
            "optional": true,
            "type": "FEATURE",
            "note": ""
        },
        "_r_32_42_45_51": {
            "name": "_r_32_42_45_51",
            "optional": true,
            "type": "FEATURE",
            "note": ""
        },
        "_r_32_42_45_52": {
            "name": "_r_32_42_45_52",
            "optional": true,
            "type": "FEATURE",
            "note": ""
        },
        "_r_32_42_45_53": {
            "name": "_r_32_42_45_53",
            "optional": true,
            "type": "FEATURE",
            "note": ""
        },
        "_r_32_42_45_54": {
            "name": "_r_32_42_45_54",
            "optional": true,
            "type": "FEATURE",
            "note": ""
        },
        "_r_3_4": {
            "name": "_r_3_4",
            "optional": true,
            "type": "FEATURE",
            "note": ""
        },
        "_r_3_5": {
            "name": "_r_3_5",
            "optional": true,
            "type": "FEATURE",
            "note": ""
        },
        "_r_3_6": {
            "name": "_r_3_6",
            "optional": true,
            "type": "FEATURE",
            "note": ""
        },
        "_r_55": {
            "name": "_r_55",
            "optional": false,
            "type": "FEATURE",
            "note": ""
        },
        "_r_7_10": {
            "name": "_r_7_10",
            "optional": true,
            "type": "FEATURE",
            "note": ""
        },
        "_r_7_8": {
            "name": "_r_7_8",
            "optional": true,
            "type": "FEATURE",
            "note": ""
        },
        "_r_7_9": {
            "name": "_r_7_9",
            "optional": true,
            "type": "FEATURE",
            "note": ""
        }
    },
    "tree": {
        "id": "_r",
        "children": [
            {
                "id": "_r_1"
            },
            {
                "id": "_r_11"
            },
            {
                "id": "_r_12"
            },
            {
                "id": "_r_13"
            },
            {
                "id": "_r_14",
                "children": [
                    {
                        "id": "_r_14_15",
                        "children": [
                            {
                                "id": "_r_14_15_16",
                                "children": [
                                    {
                                        "id": "_r_14_15_16_18_19"
                                    },
                                    {
                                        "id": "_r_14_15_16_18_20"
                                    }
                                ]
                            },
                            {
                                "id": "_r_14_15_17",
                                "children": [
                                    {
                                        "id": "_r_14_15_17_21_22"
                                    },
                                    {
                                        "id": "_r_14_15_17_21_23"
                                    }
                                ]
                            }
                        ]
                    },
                    {
                        "id": "_r_14_25"
                    },
                    {
                        "id": "_r_14_27"
                    }
                ]
            },
            {
                "id": "_r_2"
            },
            {
                "id": "_r_28"
            },
            {
                "id": "_r_29"
            },
            {
                "id": "_r_31"
            },
            {
                "id": "_r_32",
                "children": [
                    {
                        "id": "_r_32_33_34"
                    },
                    {
                        "id": "_r_32_33_35"
                    },
                    {
                        "id": "_r_32_33_36"
                    },
                    {
                        "id": "_r_32_38_39"
                    },
                    {
                        "id": "_r_32_38_40"
                    },
                    {
                        "id": "_r_32_38_41"
                    },
                    {
                        "id": "_r_32_42",
                        "children": [
                            {
                                "id": "_r_32_42_45_46"
                            },
                            {
                                "id": "_r_32_42_45_47"
                            },
                            {
                                "id": "_r_32_42_45_48"
                            },
                            {
                                "id": "_r_32_42_45_49"
                            },
                            {
                                "id": "_r_32_42_45_50"
                            },
                            {
                                "id": "_r_32_42_45_51"
                            },
                            {
                                "id": "_r_32_42_45_52"
                            },
                            {
                                "id": "_r_32_42_45_53"
                            },
                            {
                                "id": "_r_32_42_45_54"
                            }
                        ]
                    }
                ]
            },
            {
                "id": "_r_3_4"
            },
            {
                "id": "_r_3_5"
            },
            {
                "id": "_r_3_6"
            },
            {
                "id": "_r_55"
            },
            {
                "id": "_r_7_10"
            },
            {
                "id": "_r_7_8"
            },
            {
                "id": "_r_7_9"
            }
        ]
    },
    "constraints": {
        "Constraint 0": {
            "type": "ImpliesTerm",
            "operands": [
                {
                    "type": "FeatureTerm",
                    "operands": [
                        "_r_32_33_34"
                    ]
                },
                {
                    "type": "NotTerm",
                    "operands": [
                        {
                            "type": "FeatureTerm",
                            "operands": [
                                "_r_32_42_45_46"
                            ]
                        }
                    ]
                }
            ]
        },
        "Constraint 1": {
            "type": "ImpliesTerm",
            "operands": [
                {
                    "type": "FeatureTerm",
                    "operands": [
                        "_r_32_33_36"
                    ]
                },
                {
                    "type": "NotTerm",
                    "operands": [
                        {
                            "type": "FeatureTerm",
                            "operands": [
                                "_r_32_42_45_52"
                            ]
                        }
                    ]
                }
            ]
        },
        "Constraint 2": {
            "type": "ImpliesTerm",
            "operands": [
                {
                    "type": "FeatureTerm",
                    "operands": [
                        "_r_32_33_36"
                    ]
                },
                {
                    "type": "NotTerm",
                    "operands": [
                        {
                            "type": "FeatureTerm",
                            "operands": [
                                "_r_32_42_45_54"
                            ]
                        }
                    ]
                }
            ]
        },
        "Constraint 3": {
            "type": "ImpliesTerm",
            "operands": [
                {
                    "type": "FeatureTerm",
                    "operands": [
                        "_r_32_33_36"
                    ]
                },
                {
                    "type": "NotTerm",
                    "operands": [
                        {
                            "type": "FeatureTerm",
                            "operands": [
                                "_r_32_42_45_53"
                            ]
                        }
                    ]
                }
            ]
        },
        "Constraint 4": {
            "type": "ImpliesTerm",
            "operands": [
                {
                    "type": "FeatureTerm",
                    "operands": [
                        "_r_32_33_35"
                    ]
                },
                {
                    "type": "NotTerm",
                    "operands": [
                        {
                            "type": "FeatureTerm",
                            "operands": [
                                "_r_32_42_45_50"
                            ]
                        }
                    ]
                }
            ]
        },
        "Constraint 5": {
            "type": "ImpliesTerm",
            "operands": [
                {
                    "type": "FeatureTerm",
                    "operands": [
                        "_r_32_33_35"
                    ]
                },
                {
                    "type": "NotTerm",
                    "operands": [
                        {
                            "type": "FeatureTerm",
                            "operands": [
                                "_r_32_42_45_51"
                            ]
                        }
                    ]
                }
            ]
        },
        "Constraint 6": {
            "type": "ImpliesTerm",
            "operands": [
                {
                    "type": "FeatureTerm",
                    "operands": [
                        "_r_32_33_34"
                    ]
                },
                {
                    "type": "NotTerm",
                    "operands": [
                        {
                            "type": "FeatureTerm",
                            "operands": [
                                "_r_32_42_45_48"
                            ]
                        }
                    ]
                }
            ]
        },
        "Constraint 7": {
            "type": "ImpliesTerm",
            "operands": [
                {
                    "type": "FeatureTerm",
                    "operands": [
                        "_r_32_33_35"
                    ]
                },
                {
                    "type": "NotTerm",
                    "operands": [
                        {
                            "type": "FeatureTerm",
                            "operands": [
                                "_r_32_42_45_49"
                            ]
                        }
                    ]
                }
            ]
        },
        "Constraint 8": {
            "type": "ImpliesTerm",
            "operands": [
                {
                    "type": "FeatureTerm",
                    "operands": [
                        "_r_32_33_34"
                    ]
                },
                {
                    "type": "NotTerm",
                    "operands": [
                        {
                            "type": "FeatureTerm",
                            "operands": [
                                "_r_32_42_45_47"
                            ]
                        }
                    ]
                }
            ]
        }
    }
}