{
    "id": "FM__r",
    "name": "FM__r",
    "features": {
        "_r": {
            "name": "_r",
            "optional": true,
            "type": "FEATURE",
            "note": ""
        },
        "_r_11": {
            "name": "_r_11",
            "optional": false,
            "type": "OR",
            "note": ""
        },
        "_r_11_12_13": {
            "name": "_r_11_12_13",
            "optional": true,
            "type": "FEATURE",
            "note": ""
        },
        "_r_11_12_14": {
            "name": "_r_11_12_14",
            "optional": true,
            "type": "FEATURE",
            "note": ""
        },
        "_r_11_15": {
            "name": "_r_11_15",
            "optional": false,
            "type": "FEATURE",
            "note": ""
        },
        "_r_17": {
            "name": "_r_17",
            "optional": false,
            "type": "OR",
            "note": ""
        },
        "_r_17_18_19": {
            "name": "_r_17_18_19",
            "optional": true,
            "type": "FEATURE",
            "note": ""
        },
        "_r_17_18_20": {
            "name": "_r_17_18_20",
            "optional": true,
            "type": "FEATURE",
            "note": ""
        },
        "_r_17_18_21": {
            "name": "_r_17_18_21",
            "optional": true,
            "type": "FEATURE",
            "note": ""
        },
        "_r_2": {
            "name": "_r_2",
            "optional": false,
            "type": "FEATURE",
            "note": ""
        },
        "_r_22": {
            "name": "_r_22",
            "optional": false,
            "type": "FEATURE",
            "note": ""
        },
        "_r_23": {
            "name": "_r_23",
            "optional": true,
            "type": "FEATURE",
            "note": ""
        },
        "_r_3": {
            "name": "_r_3",
            "optional": false,
            "type": "FEATURE",
            "note": ""
        },
        "_r_4": {
            "name": "_r_4",
            "optional": false,
            "type": "FEATURE",
            "note": ""
        },
        "_r_7": {
            "name": "_r_7",
            "optional": false,
            "type": "XOR",
            "note": ""
        },
        "_r_7_8_10": {
            "name": "_r_7_8_10",
            "optional": true,
            "type": "FEATURE",
            "note": ""
        },
        "_r_7_8_9": {
            "name": "_r_7_8_9",
            "optional": true,
            "type": "FEATURE",
            "note": ""
        }
    },
    "tree": {
        "id": "_r",
        "children": [
            {
                "id": "_r_11",
                "children": [
                    {
                        "id": "_r_11_12_13"
                    },
                    {
                        "id": "_r_11_12_14"
                    },
                    {
                        "id": "_r_11_15"
                    }
                ]
            },
            {
                "id": "_r_17",
                "children": [
                    {
                        "id": "_r_17_18_19"
                    },
                    {
                        "id": "_r_17_18_20"
                    },
                    {
                        "id": "_r_17_18_21"
                    }
                ]
            },
            {
                "id": "_r_2"
            },
            {
                "id": "_r_22"
            },
            {
                "id": "_r_23"
            },
            {
                "id": "_r_3"
            },
            {
                "id": "_r_4"
            },
            {
                "id": "_r_7",
                "children": [
                    {
                        "id": "_r_7_8_10"
                    },
                    {
                        "id": "_r_7_8_9"
                    }
                ]
            }
        ]
    },
    "constraints": {}
}