{
    "id": "FM__r",
    "name": "FM__r",
    "features": {
        "_r": {
            "name": "_r",
            "optional": true,
            "type": "FEATURE",
            "note": ""
        },
        "_r_1": {
            "name": "_r_1",
            "optional": false,
            "type": "OR",
            "note": ""
        },
        "_r_1_16": {
            "name": "_r_1_16",
            "optional": false,
            "type": "FEATURE",
            "note": ""
        },
        "_r_1_17_18": {
            "name": "_r_1_17_18",
            "optional": true,
            "type": "FEATURE",
            "note": ""
        },
        "_r_1_17_19": {
            "name": "_r_1_17_19",
            "optional": true,
            "type": "FEATURE",
            "note": ""
        },
        "_r_1_17_20": {
            "name": "_r_1_17_20",
            "optional": true,
            "type": "FEATURE",
            "note": ""
        },
        "_r_1_3": {
            "name": "_r_1_3",
            "optional": false,
            "type": "FEATURE",
            "note": ""
        },
        "_r_1_3_8": {
            "name": "_r_1_3_8",
            "optional": false,
            "type": "XOR",
            "note": ""
        },
        "_r_1_3_8_11_12": {
            "name": "_r_1_3_8_11_12",
            "optional": true,
            "type": "FEATURE",
            "note": ""
        },
        "_r_1_3_8_11_13": {
            "name": "_r_1_3_8_11_13",
            "optional": true,
            "type": "FEATURE",
            "note": ""
        },
        "_r_1_5": {
            "name": "_r_1_5",
            "optional": false,
            "type": "FEATURE",
            "note": ""
        }
    },
    "tree": {
        "id": "_r",
        "children": [
            {
                "id": "_r_1",
                "children": [
                    {
                        "id": "_r_1_16"
                    },
                    {
                        "id": "_r_1_17_18"
                    },
                    {
                        "id": "_r_1_17_19"
                    },
                    {
                        "id": "_r_1_17_20"
                    },
                    {
                        "id": "_r_1_3",
                        "children": [
                            {
                                "id": "_r_1_3_8",
                                "children": [
                                    {
                                        "id": "_r_1_3_8_11_12"
                                    },
                                    {
                                        "id": "_r_1_3_8_11_13"
                                    }
                                ]
                            }
                        ]
                    },
                    {
                        "id": "_r_1_5"
                    }
                ]
            }
        ]
    },
    "constraints": {
        "Constraint 0": {
            "type": "ImpliesTerm",
            "operands": [
                {
                    "type": "FeatureTerm",
                    "operands": [
                        "_r_1_3_8_11_13"
                    ]
                },
                {
                    "type": "NotTerm",
                    "operands": [
                        {
                            "type": "FeatureTerm",
                            "operands": [
                                "_r_1_17_19"
                            ]
                        }
                    ]
                }
            ]
        },
        "Constraint 1": {
            "type": "ImpliesTerm",
            "operands": [
                {
                    "type": "FeatureTerm",
                    "operands": [
                        "_r_1_3_8_11_13"
                    ]
                },
                {
                    "type": "NotTerm",
                    "operands": [
                        {
                            "type": "FeatureTerm",
                            "operands": [
                                "_r_1_17_20"
                            ]
                        }
                    ]
                }
            ]
        }
    }
}