{
    "id": "FM__r",
    "name": "FM__r",
    "features": {
        "_r": {
            "name": "_r",
            "optional": true,
            "type": "FEATURE",
            "note": ""
        },
        "_r_1": {
            "name": "_r_1",
            "optional": false,
            "type": "FEATURE",
            "note": ""
        },
        "_r_2": {
            "name": "_r_2",
            "optional": false,
            "type": "XOR",
            "note": ""
        },
        "_r_2_7_8": {
            "name": "_r_2_7_8",
            "optional": true,
            "type": "FEATURE",
            "note": ""
        },
        "_r_2_7_9": {
            "name": "_r_2_7_9",
            "optional": true,
            "type": "FEATURE",
            "note": ""
        },
        "_r_3": {
            "name": "_r_3",
            "optional": false,
            "type": "XOR",
            "note": ""
        },
        "_r_3_10_11": {
            "name": "_r_3_10_11",
            "optional": true,
            "type": "OR",
            "note": ""
        },
        "_r_3_10_11_13_14": {
            "name": "_r_3_10_11_13_14",
            "optional": true,
            "type": "FEATURE",
            "note": ""
        },
        "_r_3_10_11_13_16": {
            "name": "_r_3_10_11_13_16",
            "optional": true,
            "type": "FEATURE",
            "note": ""
        },
        "_r_3_10_12": {
            "name": "_r_3_10_12",
            "optional": true,
            "type": "OR",
            "note": ""
        },
        "_r_3_10_12_17_18": {
            "name": "_r_3_10_12_17_18",
            "optional": true,
            "type": "FEATURE",
            "note": ""
        },
        "_r_3_10_12_17_19": {
            "name": "_r_3_10_12_17_19",
            "optional": true,
            "type": "FEATURE",
            "note": ""
        }
    },
    "tree": {
        "id": "_r",
        "children": [
            {
                "id": "_r_1"
            },
            {
                "id": "_r_2",
                "children": [
                    {
                        "id": "_r_2_7_8"
                    },
                    {
                        "id": "_r_2_7_9"
                    }
                ]
            },
            {
                "id": "_r_3",
                "children": [
                    {
                        "id": "_r_3_10_11",
                        "children": [
                            {
                                "id": "_r_3_10_11_13_14"
                            },
                            {
                                "id": "_r_3_10_11_13_16"
                            }
                        ]
                    },
                    {
                        "id": "_r_3_10_12",
                        "children": [
                            {
                                "id": "_r_3_10_12_17_18"
                            },
                            {
                                "id": "_r_3_10_12_17_19"
                            }
                        ]
                    }
                ]
            }
        ]
    },
    "constraints": {}
}