{
    "id": "FM__r",
    "name": "FM__r",
    "features": {
        "_r": {
            "name": "_r",
            "optional": true,
            "type": "FEATURE",
            "note": ""
        },
        "_r_1": {
            "name": "_r_1",
            "optional": false,
            "type": "FEATURE",
            "note": ""
        },
        "_r_2": {
            "name": "_r_2",
            "optional": false,
            "type": "FEATURE",
            "note": ""
        },
        "_r_2_15": {
            "name": "_r_2_15",
            "optional": true,
            "type": "FEATURE",
            "note": ""
        },
        "_r_2_16": {
            "name": "_r_2_16",
            "optional": true,
            "type": "FEATURE",
            "note": ""
        },
        "_r_2_17": {
            "name": "_r_2_17",
            "optional": true,
            "type": "FEATURE",
            "note": ""
        },
        "_r_2_18": {
            "name": "_r_2_18",
            "optional": false,
            "type": "FEATURE",
            "note": ""
        },
        "_r_2_19": {
            "name": "_r_2_19",
            "optional": false,
            "type": "FEATURE",
            "note": ""
        },
        "_r_3": {
            "name": "_r_3",
            "optional": false,
            "type": "FEATURE",
            "note": ""
        },
        "_r_3_14": {
            "name": "_r_3_14",
            "optional": true,
            "type": "FEATURE",
            "note": ""
        },
        "_r_4": {
            "name": "_r_4",
            "optional": false,
            "type": "FEATURE",
            "note": ""
        },
        "_r_4_11": {
            "name": "_r_4_11",
            "optional": true,
            "type": "FEATURE",
            "note": ""
        },
        "_r_4_12": {
            "name": "_r_4_12",
            "optional": true,
            "type": "FEATURE",
            "note": ""
        },
        "_r_4_13": {
            "name": "_r_4_13",
            "optional": true,
            "type": "FEATURE",
            "note": ""
        },
        "_r_5": {
            "name": "_r_5",
            "optional": false,
            "type": "FEATURE",
            "note": ""
        },
        "_r_5_6": {
            "name": "_r_5_6",
            "optional": false,
            "type": "FEATURE",
            "note": ""
        },
        "_r_5_7": {
            "name": "_r_5_7",
            "optional": false,
            "type": "FEATURE",
            "note": ""
        },
        "_r_8": {
            "name": "_r_8",
            "optional": true,
            "type": "FEATURE",
            "note": ""
        },
        "_r_8_10": {
            "name": "_r_8_10",
            "optional": true,
            "type": "FEATURE",
            "note": ""
        },
        "_r_8_9": {
            "name": "_r_8_9",
            "optional": true,
            "type": "FEATURE",
            "note": ""
        }
    },
    "tree": {
        "id": "_r",
        "children": [
            {
                "id": "_r_1"
            },
            {
                "id": "_r_2",
                "children": [
                    {
                        "id": "_r_2_15"
                    },
                    {
                        "id": "_r_2_16"
                    },
                    {
                        "id": "_r_2_17"
                    },
                    {
                        "id": "_r_2_18"
                    },
                    {
                        "id": "_r_2_19"
                    }
                ]
            },
            {
                "id": "_r_3",
                "children": [
                    {
                        "id": "_r_3_14"
                    }
                ]
            },
            {
                "id": "_r_4",
                "children": [
                    {
                        "id": "_r_4_11"
                    },
                    {
                        "id": "_r_4_12"
                    },
                    {
                        "id": "_r_4_13"
                    }
                ]
            },
            {
                "id": "_r_5",
                "children": [
                    {
                        "id": "_r_5_6"
                    },
                    {
                        "id": "_r_5_7"
                    }
                ]
            },
            {
                "id": "_r_8",
                "children": [
                    {
                        "id": "_r_8_10"
                    },
                    {
                        "id": "_r_8_9"
                    }
                ]
            }
        ]
    },
    "constraints": {}
}