{
    "id": "FM__r",
    "name": "FM__r",
    "features": {
        "_r": {
            "name": "_r",
            "optional": true,
            "type": "FEATURE",
            "note": ""
        },
        "_r_1": {
            "name": "_r_1",
            "optional": false,
            "type": "OR",
            "note": ""
        },
        "_r_1_2_3": {
            "name": "_r_1_2_3",
            "optional": true,
            "type": "FEATURE",
            "note": ""
        },
        "_r_1_2_4": {
            "name": "_r_1_2_4",
            "optional": true,
            "type": "FEATURE",
            "note": ""
        },
        "_r_1_2_5": {
            "name": "_r_1_2_5",
            "optional": true,
            "type": "FEATURE",
            "note": ""
        },
        "_r_6": {
            "name": "_r_6",
            "optional": false,
            "type": "FEATURE",
            "note": ""
        },
        "_r_6_10": {
            "name": "_r_6_10",
            "optional": true,
            "type": "FEATURE",
            "note": ""
        },
        "_r_6_10_13": {
            "name": "_r_6_10_13",
            "optional": true,
            "type": "FEATURE",
            "note": ""
        },
        "_r_6_10_14": {
            "name": "_r_6_10_14",
            "optional": true,
            "type": "FEATURE",
            "note": ""
        },
        "_r_6_8": {
            "name": "_r_6_8",
            "optional": true,
            "type": "FEATURE",
            "note": ""
        },
        "_r_6_8_11": {
            "name": "_r_6_8_11",
            "optional": false,
            "type": "FEATURE",
            "note": ""
        },
        "_r_6_8_12": {
            "name": "_r_6_8_12",
            "optional": false,
            "type": "FEATURE",
            "note": ""
        },
        "_r_6_9": {
            "name": "_r_6_9",
            "optional": false,
            "type": "FEATURE",
            "note": ""
        },
        "_r_7": {
            "name": "_r_7",
            "optional": false,
            "type": "XOR",
            "note": ""
        },
        "_r_7_15_16": {
            "name": "_r_7_15_16",
            "optional": true,
            "type": "FEATURE",
            "note": ""
        },
        "_r_7_15_17": {
            "name": "_r_7_15_17",
            "optional": true,
            "type": "FEATURE",
            "note": ""
        }
    },
    "tree": {
        "id": "_r",
        "children": [
            {
                "id": "_r_1",
                "children": [
                    {
                        "id": "_r_1_2_3"
                    },
                    {
                        "id": "_r_1_2_4"
                    },
                    {
                        "id": "_r_1_2_5"
                    }
                ]
            },
            {
                "id": "_r_6",
                "children": [
                    {
                        "id": "_r_6_10",
                        "children": [
                            {
                                "id": "_r_6_10_13"
                            },
                            {
                                "id": "_r_6_10_14"
                            }
                        ]
                    },
                    {
                        "id": "_r_6_8",
                        "children": [
                            {
                                "id": "_r_6_8_11"
                            },
                            {
                                "id": "_r_6_8_12"
                            }
                        ]
                    },
                    {
                        "id": "_r_6_9"
                    }
                ]
            },
            {
                "id": "_r_7",
                "children": [
                    {
                        "id": "_r_7_15_16"
                    },
                    {
                        "id": "_r_7_15_17"
                    }
                ]
            }
        ]
    },
    "constraints": {}
}