{
    "id": "FM__r",
    "name": "FM__r",
    "features": {
        "_r": {
            "name": "_r",
            "optional": true,
            "type": "XOR",
            "note": ""
        },
        "_r_1": {
            "name": "_r_1",
            "optional": false,
            "type": "XOR",
            "note": ""
        },
        "_r_1_6_10": {
            "name": "_r_1_6_10",
            "optional": true,
            "type": "FEATURE",
            "note": ""
        },
        "_r_1_6_11": {
            "name": "_r_1_6_11",
            "optional": true,
            "type": "FEATURE",
            "note": ""
        },
        "_r_1_6_7": {
            "name": "_r_1_6_7",
            "optional": true,
            "type": "FEATURE",
            "note": ""
        },
        "_r_1_6_8": {
            "name": "_r_1_6_8",
            "optional": true,
            "type": "FEATURE",
            "note": ""
        },
        "_r_1_6_9": {
            "name": "_r_1_6_9",
            "optional": true,
            "type": "FEATURE",
            "note": ""
        },
        "_r_2": {
            "name": "_r_2",
            "optional": false,
            "type": "XOR",
            "note": ""
        },
        "_r_2_12_13": {
            "name": "_r_2_12_13",
            "optional": true,
            "type": "FEATURE",
            "note": ""
        },
        "_r_2_12_14": {
            "name": "_r_2_12_14",
            "optional": true,
            "type": "FEATURE",
            "note": ""
        },
        "_r_2_12_15": {
            "name": "_r_2_12_15",
            "optional": true,
            "type": "FEATURE",
            "note": ""
        },
        "_r_2_12_17": {
            "name": "_r_2_12_17",
            "optional": true,
            "type": "FEATURE",
            "note": ""
        },
        "_r_2_12_19": {
            "name": "_r_2_12_19",
            "optional": true,
            "type": "FEATURE",
            "note": ""
        },
        "_r_2_12_20": {
            "name": "_r_2_12_20",
            "optional": true,
            "type": "FEATURE",
            "note": ""
        },
        "_r_2_12_21": {
            "name": "_r_2_12_21",
            "optional": true,
            "type": "FEATURE",
            "note": ""
        },
        "_r_2_12_22": {
            "name": "_r_2_12_22",
            "optional": true,
            "type": "FEATURE",
            "note": ""
        },
        "_r_2_12_23": {
            "name": "_r_2_12_23",
            "optional": true,
            "type": "FEATURE",
            "note": ""
        },
        "_r_2_12_24": {
            "name": "_r_2_12_24",
            "optional": true,
            "type": "FEATURE",
            "note": ""
        },
        "_r_2_12_25": {
            "name": "_r_2_12_25",
            "optional": true,
            "type": "FEATURE",
            "note": ""
        },
        "_r_2_12_26": {
            "name": "_r_2_12_26",
            "optional": true,
            "type": "FEATURE",
            "note": ""
        },
        "_r_2_12_27": {
            "name": "_r_2_12_27",
            "optional": true,
            "type": "FEATURE",
            "note": ""
        },
        "_r_3": {
            "name": "_r_3",
            "optional": false,
            "type": "XOR",
            "note": ""
        },
        "_r_3_28_29": {
            "name": "_r_3_28_29",
            "optional": true,
            "type": "FEATURE",
            "note": ""
        },
        "_r_3_28_30": {
            "name": "_r_3_28_30",
            "optional": true,
            "type": "FEATURE",
            "note": ""
        },
        "_r_3_28_31": {
            "name": "_r_3_28_31",
            "optional": true,
            "type": "FEATURE",
            "note": ""
        },
        "_r_4": {
            "name": "_r_4",
            "optional": true,
            "type": "OR",
            "note": ""
        },
        "_r_43_44": {
            "name": "_r_43_44",
            "optional": true,
            "type": "FEATURE",
            "note": ""
        },
        "_r_43_45": {
            "name": "_r_43_45",
            "optional": true,
            "type": "FEATURE",
            "note": ""
        },
        "_r_43_46": {
            "name": "_r_43_46",
            "optional": true,
            "type": "FEATURE",
            "note": ""
        },
        "_r_43_47": {
            "name": "_r_43_47",
            "optional": true,
            "type": "FEATURE",
            "note": ""
        },
        "_r_43_48": {
            "name": "_r_43_48",
            "optional": true,
            "type": "FEATURE",
            "note": ""
        },
        "_r_43_49": {
            "name": "_r_43_49",
            "optional": true,
            "type": "FEATURE",
            "note": ""
        },
        "_r_43_50": {
            "name": "_r_43_50",
            "optional": true,
            "type": "FEATURE",
            "note": ""
        },
        "_r_4_32_33": {
            "name": "_r_4_32_33",
            "optional": true,
            "type": "FEATURE",
            "note": ""
        },
        "_r_4_32_34": {
            "name": "_r_4_32_34",
            "optional": true,
            "type": "FEATURE",
            "note": ""
        },
        "_r_4_32_35": {
            "name": "_r_4_32_35",
            "optional": true,
            "type": "FEATURE",
            "note": ""
        },
        "_r_4_32_36": {
            "name": "_r_4_32_36",
            "optional": true,
            "type": "FEATURE",
            "note": ""
        },
        "_r_4_32_37": {
            "name": "_r_4_32_37",
            "optional": true,
            "type": "FEATURE",
            "note": ""
        },
        "_r_4_32_38": {
            "name": "_r_4_32_38",
            "optional": true,
            "type": "FEATURE",
            "note": ""
        },
        "_r_4_32_39": {
            "name": "_r_4_32_39",
            "optional": true,
            "type": "FEATURE",
            "note": ""
        },
        "_r_4_32_40": {
            "name": "_r_4_32_40",
            "optional": true,
            "type": "FEATURE",
            "note": ""
        },
        "_r_5": {
            "name": "_r_5",
            "optional": true,
            "type": "FEATURE",
            "note": ""
        }
    },
    "tree": {
        "id": "_r",
        "children": [
            {
                "id": "_r_1",
                "children": [
                    {
                        "id": "_r_1_6_10"
                    },
                    {
                        "id": "_r_1_6_11"
                    },
                    {
                        "id": "_r_1_6_7"
                    },
                    {
                        "id": "_r_1_6_8"
                    },
                    {
                        "id": "_r_1_6_9"
                    }
                ]
            },
            {
                "id": "_r_2",
                "children": [
                    {
                        "id": "_r_2_12_13"
                    },
                    {
                        "id": "_r_2_12_14"
                    },
                    {
                        "id": "_r_2_12_15"
                    },
                    {
                        "id": "_r_2_12_17"
                    },
                    {
                        "id": "_r_2_12_19"
                    },
                    {
                        "id": "_r_2_12_20"
                    },
                    {
                        "id": "_r_2_12_21"
                    },
                    {
                        "id": "_r_2_12_22"
                    },
                    {
                        "id": "_r_2_12_23"
                    },
                    {
                        "id": "_r_2_12_24"
                    },
                    {
                        "id": "_r_2_12_25"
                    },
                    {
                        "id": "_r_2_12_26"
                    },
                    {
                        "id": "_r_2_12_27"
                    }
                ]
            },
            {
                "id": "_r_3",
                "children": [
                    {
                        "id": "_r_3_28_29"
                    },
                    {
                        "id": "_r_3_28_30"
                    },
                    {
                        "id": "_r_3_28_31"
                    }
                ]
            },
            {
                "id": "_r_4",
                "children": [
                    {
                        "id": "_r_4_32_33"
                    },
                    {
                        "id": "_r_4_32_34"
                    },
                    {
                        "id": "_r_4_32_35"
                    },
                    {
                        "id": "_r_4_32_36"
                    },
                    {
                        "id": "_r_4_32_37"
                    },
                    {
                        "id": "_r_4_32_38"
                    },
                    {
                        "id": "_r_4_32_39"
                    },
                    {
                        "id": "_r_4_32_40"
                    }
                ]
            },
            {
                "id": "_r_43_44"
            },
            {
                "id": "_r_43_45"
            },
            {
                "id": "_r_43_46"
            },
            {
                "id": "_r_43_47"
            },
            {
                "id": "_r_43_48"
            },
            {
                "id": "_r_43_49"
            },
            {
                "id": "_r_43_50"
            },
            {
                "id": "_r_5"
            }
        ]
    },
    "constraints": {}
}