{
    "id": "FM__r",
    "name": "FM__r",
    "features": {
        "_r": {
            "name": "_r",
            "optional": true,
            "type": "FEATURE",
            "note": ""
        },
        "_r_1": {
            "name": "_r_1",
            "optional": false,
            "type": "FEATURE",
            "note": ""
        },
        "_r_2": {
            "name": "_r_2",
            "optional": false,
            "type": "FEATURE",
            "note": ""
        },
        "_r_3": {
            "name": "_r_3",
            "optional": false,
            "type": "FEATURE",
            "note": ""
        },
        "_r_4": {
            "name": "_r_4",
            "optional": true,
            "type": "FEATURE",
            "note": ""
        },
        "_r_5": {
            "name": "_r_5",
            "optional": false,
            "type": "FEATURE",
            "note": ""
        },
        "_r_6": {
            "name": "_r_6",
            "optional": false,
            "type": "FEATURE",
            "note": ""
        },
        "_r_6_11_12": {
            "name": "_r_6_11_12",
            "optional": false,
            "type": "FEATURE",
            "note": ""
        },
        "_r_6_7_8": {
            "name": "_r_6_7_8",
            "optional": false,
            "type": "FEATURE",
            "note": ""
        },
        "_r_6_9_10": {
            "name": "_r_6_9_10",
            "optional": false,
            "type": "FEATURE",
            "note": ""
        }
    },
    "tree": {
        "id": "_r",
        "children": [
            {
                "id": "_r_1"
            },
            {
                "id": "_r_2"
            },
            {
                "id": "_r_3"
            },
            {
                "id": "_r_4"
            },
            {
                "id": "_r_5"
            },
            {
                "id": "_r_6",
                "children": [
                    {
                        "id": "_r_6_11_12"
                    },
                    {
                        "id": "_r_6_7_8"
                    },
                    {
                        "id": "_r_6_9_10"
                    }
                ]
            }
        ]
    },
    "constraints": {}
}