{
    "id": "FM__r",
    "name": "FM__r",
    "features": {
        "_r": {
            "name": "_r",
            "optional": true,
            "type": "FEATURE",
            "note": ""
        },
        "_r_1": {
            "name": "_r_1",
            "optional": false,
            "type": "FEATURE",
            "note": ""
        },
        "_r_1_20": {
            "name": "_r_1_20",
            "optional": false,
            "type": "FEATURE",
            "note": ""
        },
        "_r_1_27": {
            "name": "_r_1_27",
            "optional": false,
            "type": "FEATURE",
            "note": ""
        },
        "_r_1_27_28": {
            "name": "_r_1_27_28",
            "optional": false,
            "type": "FEATURE",
            "note": ""
        },
        "_r_1_27_33": {
            "name": "_r_1_27_33",
            "optional": false,
            "type": "XOR",
            "note": ""
        },
        "_r_1_27_33_34_35": {
            "name": "_r_1_27_33_34_35",
            "optional": true,
            "type": "FEATURE",
            "note": ""
        },
        "_r_1_27_33_34_36": {
            "name": "_r_1_27_33_34_36",
            "optional": true,
            "type": "FEATURE",
            "note": ""
        },
        "_r_1_27_33_34_37": {
            "name": "_r_1_27_33_34_37",
            "optional": true,
            "type": "FEATURE",
            "note": ""
        },
        "_r_1_27_33_34_38": {
            "name": "_r_1_27_33_34_38",
            "optional": true,
            "type": "FEATURE",
            "note": ""
        },
        "_r_1_79": {
            "name": "_r_1_79",
            "optional": true,
            "type": "FEATURE",
            "note": ""
        },
        "_r_2": {
            "name": "_r_2",
            "optional": false,
            "type": "FEATURE",
            "note": ""
        },
        "_r_2_21": {
            "name": "_r_2_21",
            "optional": true,
            "type": "OR",
            "note": ""
        },
        "_r_2_21_82_83": {
            "name": "_r_2_21_82_83",
            "optional": true,
            "type": "FEATURE",
            "note": ""
        },
        "_r_2_21_82_84": {
            "name": "_r_2_21_82_84",
            "optional": true,
            "type": "FEATURE",
            "note": ""
        },
        "_r_2_22": {
            "name": "_r_2_22",
            "optional": true,
            "type": "FEATURE",
            "note": ""
        },
        "_r_2_23": {
            "name": "_r_2_23",
            "optional": true,
            "type": "FEATURE",
            "note": ""
        },
        "_r_2_76": {
            "name": "_r_2_76",
            "optional": false,
            "type": "FEATURE",
            "note": ""
        },
        "_r_2_78": {
            "name": "_r_2_78",
            "optional": false,
            "type": "FEATURE",
            "note": ""
        },
        "_r_39": {
            "name": "_r_39",
            "optional": false,
            "type": "FEATURE",
            "note": ""
        },
        "_r_39_40": {
            "name": "_r_39_40",
            "optional": true,
            "type": "FEATURE",
            "note": ""
        },
        "_r_39_41": {
            "name": "_r_39_41",
            "optional": false,
            "type": "OR",
            "note": ""
        },
        "_r_39_41_42_43": {
            "name": "_r_39_41_42_43",
            "optional": true,
            "type": "FEATURE",
            "note": ""
        },
        "_r_39_41_42_44": {
            "name": "_r_39_41_42_44",
            "optional": true,
            "type": "FEATURE",
            "note": ""
        },
        "_r_39_41_42_45": {
            "name": "_r_39_41_42_45",
            "optional": true,
            "type": "FEATURE",
            "note": ""
        },
        "_r_39_46": {
            "name": "_r_39_46",
            "optional": true,
            "type": "FEATURE",
            "note": ""
        },
        "_r_47": {
            "name": "_r_47",
            "optional": true,
            "type": "FEATURE",
            "note": ""
        },
        "_r_47_48": {
            "name": "_r_47_48",
            "optional": false,
            "type": "FEATURE",
            "note": ""
        },
        "_r_47_55": {
            "name": "_r_47_55",
            "optional": true,
            "type": "FEATURE",
            "note": ""
        },
        "_r_47_56": {
            "name": "_r_47_56",
            "optional": true,
            "type": "FEATURE",
            "note": ""
        },
        "_r_54": {
            "name": "_r_54",
            "optional": true,
            "type": "FEATURE",
            "note": ""
        },
        "_r_54_57": {
            "name": "_r_54_57",
            "optional": true,
            "type": "XOR",
            "note": ""
        },
        "_r_54_57_62_63": {
            "name": "_r_54_57_62_63",
            "optional": true,
            "type": "FEATURE",
            "note": ""
        },
        "_r_54_57_62_64": {
            "name": "_r_54_57_62_64",
            "optional": true,
            "type": "FEATURE",
            "note": ""
        },
        "_r_54_57_62_65": {
            "name": "_r_54_57_62_65",
            "optional": true,
            "type": "FEATURE",
            "note": ""
        },
        "_r_54_58": {
            "name": "_r_54_58",
            "optional": true,
            "type": "OR",
            "note": ""
        },
        "_r_54_58_59_60": {
            "name": "_r_54_58_59_60",
            "optional": true,
            "type": "FEATURE",
            "note": ""
        },
        "_r_54_58_59_61": {
            "name": "_r_54_58_59_61",
            "optional": true,
            "type": "FEATURE",
            "note": ""
        },
        "_r_66": {
            "name": "_r_66",
            "optional": false,
            "type": "FEATURE",
            "note": ""
        },
        "_r_66_67": {
            "name": "_r_66_67",
            "optional": false,
            "type": "OR",
            "note": ""
        },
        "_r_66_67_68_69": {
            "name": "_r_66_67_68_69",
            "optional": true,
            "type": "FEATURE",
            "note": ""
        },
        "_r_66_67_68_70": {
            "name": "_r_66_67_68_70",
            "optional": true,
            "type": "FEATURE",
            "note": ""
        },
        "_r_66_67_68_71": {
            "name": "_r_66_67_68_71",
            "optional": true,
            "type": "FEATURE",
            "note": ""
        },
        "_r_66_72": {
            "name": "_r_66_72",
            "optional": true,
            "type": "XOR",
            "note": ""
        },
        "_r_66_72_73_74": {
            "name": "_r_66_72_73_74",
            "optional": true,
            "type": "FEATURE",
            "note": ""
        },
        "_r_66_72_73_75": {
            "name": "_r_66_72_73_75",
            "optional": true,
            "type": "FEATURE",
            "note": ""
        },
        "_r_80": {
            "name": "_r_80",
            "optional": false,
            "type": "FEATURE",
            "note": ""
        },
        "_r_80_81": {
            "name": "_r_80_81",
            "optional": false,
            "type": "FEATURE",
            "note": ""
        }
    },
    "tree": {
        "id": "_r",
        "children": [
            {
                "id": "_r_1",
                "children": [
                    {
                        "id": "_r_1_20"
                    },
                    {
                        "id": "_r_1_27",
                        "children": [
                            {
                                "id": "_r_1_27_28"
                            },
                            {
                                "id": "_r_1_27_33",
                                "children": [
                                    {
                                        "id": "_r_1_27_33_34_35"
                                    },
                                    {
                                        "id": "_r_1_27_33_34_36"
                                    },
                                    {
                                        "id": "_r_1_27_33_34_37"
                                    },
                                    {
                                        "id": "_r_1_27_33_34_38"
                                    }
                                ]
                            }
                        ]
                    },
                    {
                        "id": "_r_1_79"
                    }
                ]
            },
            {
                "id": "_r_2",
                "children": [
                    {
                        "id": "_r_2_21",
                        "children": [
                            {
                                "id": "_r_2_21_82_83"
                            },
                            {
                                "id": "_r_2_21_82_84"
                            }
                        ]
                    },
                    {
                        "id": "_r_2_22"
                    },
                    {
                        "id": "_r_2_23"
                    },
                    {
                        "id": "_r_2_76"
                    },
                    {
                        "id": "_r_2_78"
                    }
                ]
            },
            {
                "id": "_r_39",
                "children": [
                    {
                        "id": "_r_39_40"
                    },
                    {
                        "id": "_r_39_41",
                        "children": [
                            {
                                "id": "_r_39_41_42_43"
                            },
                            {
                                "id": "_r_39_41_42_44"
                            },
                            {
                                "id": "_r_39_41_42_45"
                            }
                        ]
                    },
                    {
                        "id": "_r_39_46"
                    }
                ]
            },
            {
                "id": "_r_47",
                "children": [
                    {
                        "id": "_r_47_48"
                    },
                    {
                        "id": "_r_47_55"
                    },
                    {
                        "id": "_r_47_56"
                    }
                ]
            },
            {
                "id": "_r_54",
                "children": [
                    {
                        "id": "_r_54_57",
                        "children": [
                            {
                                "id": "_r_54_57_62_63"
                            },
                            {
                                "id": "_r_54_57_62_64"
                            },
                            {
                                "id": "_r_54_57_62_65"
                            }
                        ]
                    },
                    {
                        "id": "_r_54_58",
                        "children": [
                            {
                                "id": "_r_54_58_59_60"
                            },
                            {
                                "id": "_r_54_58_59_61"
                            }
                        ]
                    }
                ]
            },
            {
                "id": "_r_66",
                "children": [
                    {
                        "id": "_r_66_67",
                        "children": [
                            {
                                "id": "_r_66_67_68_69"
                            },
                            {
                                "id": "_r_66_67_68_70"
                            },
                            {
                                "id": "_r_66_67_68_71"
                            }
                        ]
                    },
                    {
                        "id": "_r_66_72",
                        "children": [
                            {
                                "id": "_r_66_72_73_74"
                            },
                            {
                                "id": "_r_66_72_73_75"
                            }
                        ]
                    }
                ]
            },
            {
                "id": "_r_80",
                "children": [
                    {
                        "id": "_r_80_81"
                    }
                ]
            }
        ]
    },
    "constraints": {
        "Constraint 0": {
            "type": "ImpliesTerm",
            "operands": [
                {
                    "type": "FeatureTerm",
                    "operands": [
                        "_r_2_22"
                    ]
                },
                {
                    "type": "FeatureTerm",
                    "operands": [
                        "_r_1_79"
                    ]
                }
            ]
        },
        "Constraint 1": {
            "type": "ImpliesTerm",
            "operands": [
                {
                    "type": "FeatureTerm",
                    "operands": [
                        "_r_66_67_68_71"
                    ]
                },
                {
                    "type": "NotTerm",
                    "operands": [
                        {
                            "type": "FeatureTerm",
                            "operands": [
                                "_r_66_72"
                            ]
                        }
                    ]
                }
            ]
        }
    }
}