{
    "id": "FM__r",
    "name": "FM__r",
    "features": {
        "_r": {
            "name": "_r",
            "optional": true,
            "type": "FEATURE",
            "note": ""
        },
        "_r_1": {
            "name": "_r_1",
            "optional": false,
            "type": "FEATURE",
            "note": ""
        },
        "_r_1_12": {
            "name": "_r_1_12",
            "optional": true,
            "type": "XOR",
            "note": ""
        },
        "_r_1_12_13_14": {
            "name": "_r_1_12_13_14",
            "optional": true,
            "type": "FEATURE",
            "note": ""
        },
        "_r_1_12_13_15": {
            "name": "_r_1_12_13_15",
            "optional": true,
            "type": "FEATURE",
            "note": ""
        },
        "_r_1_12_13_16": {
            "name": "_r_1_12_13_16",
            "optional": true,
            "type": "FEATURE",
            "note": ""
        },
        "_r_1_7": {
            "name": "_r_1_7",
            "optional": false,
            "type": "FEATURE",
            "note": ""
        },
        "_r_1_7_10": {
            "name": "_r_1_7_10",
            "optional": true,
            "type": "FEATURE",
            "note": ""
        },
        "_r_1_7_17": {
            "name": "_r_1_7_17",
            "optional": true,
            "type": "FEATURE",
            "note": ""
        },
        "_r_1_7_9": {
            "name": "_r_1_7_9",
            "optional": false,
            "type": "FEATURE",
            "note": ""
        },
        "_r_27": {
            "name": "_r_27",
            "optional": false,
            "type": "FEATURE",
            "note": ""
        },
        "_r_27_28": {
            "name": "_r_27_28",
            "optional": false,
            "type": "FEATURE",
            "note": ""
        },
        "_r_27_28_29": {
            "name": "_r_27_28_29",
            "optional": false,
            "type": "FEATURE",
            "note": ""
        },
        "_r_27_28_30": {
            "name": "_r_27_28_30",
            "optional": true,
            "type": "FEATURE",
            "note": ""
        },
        "_r_27_28_31": {
            "name": "_r_27_28_31",
            "optional": false,
            "type": "FEATURE",
            "note": ""
        },
        "_r_27_28_31_36": {
            "name": "_r_27_28_31_36",
            "optional": false,
            "type": "FEATURE",
            "note": ""
        },
        "_r_27_28_31_36_37": {
            "name": "_r_27_28_31_36_37",
            "optional": false,
            "type": "FEATURE",
            "note": ""
        },
        "_r_27_28_31_36_38": {
            "name": "_r_27_28_31_36_38",
            "optional": false,
            "type": "FEATURE",
            "note": ""
        },
        "_r_27_28_31_40": {
            "name": "_r_27_28_31_40",
            "optional": false,
            "type": "XOR",
            "note": ""
        },
        "_r_27_28_31_40_41_42": {
            "name": "_r_27_28_31_40_41_42",
            "optional": true,
            "type": "FEATURE",
            "note": ""
        },
        "_r_27_28_31_40_41_43": {
            "name": "_r_27_28_31_40_41_43",
            "optional": true,
            "type": "FEATURE",
            "note": ""
        },
        "_r_27_28_44": {
            "name": "_r_27_28_44",
            "optional": true,
            "type": "FEATURE",
            "note": ""
        },
        "_r_27_28_44_45": {
            "name": "_r_27_28_44_45",
            "optional": false,
            "type": "XOR",
            "note": ""
        },
        "_r_27_28_44_45_47_48": {
            "name": "_r_27_28_44_45_47_48",
            "optional": true,
            "type": "FEATURE",
            "note": ""
        },
        "_r_27_28_44_45_47_49": {
            "name": "_r_27_28_44_45_47_49",
            "optional": true,
            "type": "FEATURE",
            "note": ""
        },
        "_r_27_28_44_50": {
            "name": "_r_27_28_44_50",
            "optional": false,
            "type": "FEATURE",
            "note": ""
        },
        "_r_3": {
            "name": "_r_3",
            "optional": false,
            "type": "FEATURE",
            "note": ""
        },
        "_r_3_18": {
            "name": "_r_3_18",
            "optional": false,
            "type": "FEATURE",
            "note": ""
        },
        "_r_3_18_19": {
            "name": "_r_3_18_19",
            "optional": false,
            "type": "FEATURE",
            "note": ""
        },
        "_r_3_18_20": {
            "name": "_r_3_18_20",
            "optional": false,
            "type": "FEATURE",
            "note": ""
        },
        "_r_3_18_21": {
            "name": "_r_3_18_21",
            "optional": true,
            "type": "FEATURE",
            "note": ""
        },
        "_r_3_18_22": {
            "name": "_r_3_18_22",
            "optional": true,
            "type": "XOR",
            "note": ""
        },
        "_r_3_18_22_23_24": {
            "name": "_r_3_18_22_23_24",
            "optional": true,
            "type": "FEATURE",
            "note": ""
        },
        "_r_3_18_22_23_25": {
            "name": "_r_3_18_22_23_25",
            "optional": true,
            "type": "FEATURE",
            "note": ""
        },
        "_r_3_18_22_23_26": {
            "name": "_r_3_18_22_23_26",
            "optional": true,
            "type": "FEATURE",
            "note": ""
        },
        "_r_51": {
            "name": "_r_51",
            "optional": true,
            "type": "FEATURE",
            "note": ""
        },
        "_r_51_52": {
            "name": "_r_51_52",
            "optional": false,
            "type": "OR",
            "note": ""
        },
        "_r_51_52_54_55": {
            "name": "_r_51_52_54_55",
            "optional": true,
            "type": "FEATURE",
            "note": ""
        },
        "_r_51_52_54_56": {
            "name": "_r_51_52_54_56",
            "optional": true,
            "type": "FEATURE",
            "note": ""
        },
        "_r_51_53": {
            "name": "_r_51_53",
            "optional": false,
            "type": "FEATURE",
            "note": ""
        }
    },
    "tree": {
        "id": "_r",
        "children": [
            {
                "id": "_r_1",
                "children": [
                    {
                        "id": "_r_1_12",
                        "children": [
                            {
                                "id": "_r_1_12_13_14"
                            },
                            {
                                "id": "_r_1_12_13_15"
                            },
                            {
                                "id": "_r_1_12_13_16"
                            }
                        ]
                    },
                    {
                        "id": "_r_1_7",
                        "children": [
                            {
                                "id": "_r_1_7_10"
                            },
                            {
                                "id": "_r_1_7_17"
                            },
                            {
                                "id": "_r_1_7_9"
                            }
                        ]
                    }
                ]
            },
            {
                "id": "_r_27",
                "children": [
                    {
                        "id": "_r_27_28",
                        "children": [
                            {
                                "id": "_r_27_28_29"
                            },
                            {
                                "id": "_r_27_28_30"
                            },
                            {
                                "id": "_r_27_28_31",
                                "children": [
                                    {
                                        "id": "_r_27_28_31_36",
                                        "children": [
                                            {
                                                "id": "_r_27_28_31_36_37"
                                            },
                                            {
                                                "id": "_r_27_28_31_36_38"
                                            }
                                        ]
                                    },
                                    {
                                        "id": "_r_27_28_31_40",
                                        "children": [
                                            {
                                                "id": "_r_27_28_31_40_41_42"
                                            },
                                            {
                                                "id": "_r_27_28_31_40_41_43"
                                            }
                                        ]
                                    }
                                ]
                            },
                            {
                                "id": "_r_27_28_44",
                                "children": [
                                    {
                                        "id": "_r_27_28_44_45",
                                        "children": [
                                            {
                                                "id": "_r_27_28_44_45_47_48"
                                            },
                                            {
                                                "id": "_r_27_28_44_45_47_49"
                                            }
                                        ]
                                    },
                                    {
                                        "id": "_r_27_28_44_50"
                                    }
                                ]
                            }
                        ]
                    }
                ]
            },
            {
                "id": "_r_3",
                "children": [
                    {
                        "id": "_r_3_18",
                        "children": [
                            {
                                "id": "_r_3_18_19"
                            },
                            {
                                "id": "_r_3_18_20"
                            },
                            {
                                "id": "_r_3_18_21"
                            },
                            {
                                "id": "_r_3_18_22",
                                "children": [
                                    {
                                        "id": "_r_3_18_22_23_24"
                                    },
                                    {
                                        "id": "_r_3_18_22_23_25"
                                    },
                                    {
                                        "id": "_r_3_18_22_23_26"
                                    }
                                ]
                            }
                        ]
                    }
                ]
            },
            {
                "id": "_r_51",
                "children": [
                    {
                        "id": "_r_51_52",
                        "children": [
                            {
                                "id": "_r_51_52_54_55"
                            },
                            {
                                "id": "_r_51_52_54_56"
                            }
                        ]
                    },
                    {
                        "id": "_r_51_53"
                    }
                ]
            }
        ]
    },
    "constraints": {}
}