{
    "id": "FM__r",
    "name": "FM__r",
    "features": {
        "_r": {
            "name": "_r",
            "optional": true,
            "type": "FEATURE",
            "note": ""
        },
        "_r_1": {
            "name": "_r_1",
            "optional": true,
            "type": "FEATURE",
            "note": ""
        },
        "_r_12": {
            "name": "_r_12",
            "optional": true,
            "type": "FEATURE",
            "note": ""
        },
        "_r_12_13": {
            "name": "_r_12_13",
            "optional": true,
            "type": "FEATURE",
            "note": ""
        },
        "_r_12_14": {
            "name": "_r_12_14",
            "optional": true,
            "type": "FEATURE",
            "note": ""
        },
        "_r_12_15": {
            "name": "_r_12_15",
            "optional": true,
            "type": "FEATURE",
            "note": ""
        },
        "_r_1_16": {
            "name": "_r_1_16",
            "optional": true,
            "type": "FEATURE",
            "note": ""
        },
        "_r_1_7": {
            "name": "_r_1_7",
            "optional": true,
            "type": "FEATURE",
            "note": ""
        },
        "_r_2": {
            "name": "_r_2",
            "optional": true,
            "type": "FEATURE",
            "note": ""
        },
        "_r_2_3": {
            "name": "_r_2_3",
            "optional": true,
            "type": "FEATURE",
            "note": ""
        },
        "_r_2_3_6": {
            "name": "_r_2_3_6",
            "optional": true,
            "type": "FEATURE",
            "note": ""
        },
        "_r_2_4": {
            "name": "_r_2_4",
            "optional": true,
            "type": "FEATURE",
            "note": ""
        },
        "_r_5": {
            "name": "_r_5",
            "optional": true,
            "type": "FEATURE",
            "note": ""
        },
        "_r_9": {
            "name": "_r_9",
            "optional": true,
            "type": "FEATURE",
            "note": ""
        },
        "_r_9_10": {
            "name": "_r_9_10",
            "optional": true,
            "type": "FEATURE",
            "note": ""
        },
        "_r_9_11": {
            "name": "_r_9_11",
            "optional": true,
            "type": "FEATURE",
            "note": ""
        }
    },
    "tree": {
        "id": "_r",
        "children": [
            {
                "id": "_r_1",
                "children": [
                    {
                        "id": "_r_1_16"
                    },
                    {
                        "id": "_r_1_7"
                    }
                ]
            },
            {
                "id": "_r_12",
                "children": [
                    {
                        "id": "_r_12_13"
                    },
                    {
                        "id": "_r_12_14"
                    },
                    {
                        "id": "_r_12_15"
                    }
                ]
            },
            {
                "id": "_r_2",
                "children": [
                    {
                        "id": "_r_2_3",
                        "children": [
                            {
                                "id": "_r_2_3_6"
                            }
                        ]
                    },
                    {
                        "id": "_r_2_4"
                    }
                ]
            },
            {
                "id": "_r_5"
            },
            {
                "id": "_r_9",
                "children": [
                    {
                        "id": "_r_9_10"
                    },
                    {
                        "id": "_r_9_11"
                    }
                ]
            }
        ]
    },
    "constraints": {}
}