{
    "id": "FM__r",
    "name": "FM__r",
    "features": {
        "_r": {
            "name": "_r",
            "optional": true,
            "type": "FEATURE",
            "note": ""
        },
        "_r_1": {
            "name": "_r_1",
            "optional": false,
            "type": "FEATURE",
            "note": ""
        },
        "_r_1_14": {
            "name": "_r_1_14",
            "optional": false,
            "type": "FEATURE",
            "note": ""
        },
        "_r_1_14_15": {
            "name": "_r_1_14_15",
            "optional": false,
            "type": "FEATURE",
            "note": ""
        },
        "_r_1_14_15_17": {
            "name": "_r_1_14_15_17",
            "optional": false,
            "type": "FEATURE",
            "note": ""
        },
        "_r_1_14_15_18": {
            "name": "_r_1_14_15_18",
            "optional": false,
            "type": "FEATURE",
            "note": ""
        },
        "_r_1_14_19": {
            "name": "_r_1_14_19",
            "optional": false,
            "type": "FEATURE",
            "note": ""
        },
        "_r_1_14_20": {
            "name": "_r_1_14_20",
            "optional": false,
            "type": "FEATURE",
            "note": ""
        },
        "_r_1_14_20_21": {
            "name": "_r_1_14_20_21",
            "optional": false,
            "type": "FEATURE",
            "note": ""
        },
        "_r_1_14_20_22": {
            "name": "_r_1_14_20_22",
            "optional": false,
            "type": "FEATURE",
            "note": ""
        },
        "_r_1_24": {
            "name": "_r_1_24",
            "optional": false,
            "type": "FEATURE",
            "note": ""
        },
        "_r_1_26": {
            "name": "_r_1_26",
            "optional": true,
            "type": "FEATURE",
            "note": ""
        },
        "_r_1_3": {
            "name": "_r_1_3",
            "optional": false,
            "type": "FEATURE",
            "note": ""
        },
        "_r_1_3_4": {
            "name": "_r_1_3_4",
            "optional": false,
            "type": "FEATURE",
            "note": ""
        },
        "_r_1_3_5": {
            "name": "_r_1_3_5",
            "optional": false,
            "type": "FEATURE",
            "note": ""
        },
        "_r_1_6": {
            "name": "_r_1_6",
            "optional": false,
            "type": "OR",
            "note": ""
        },
        "_r_1_6_7_12": {
            "name": "_r_1_6_7_12",
            "optional": true,
            "type": "FEATURE",
            "note": ""
        },
        "_r_1_6_7_13": {
            "name": "_r_1_6_7_13",
            "optional": true,
            "type": "FEATURE",
            "note": ""
        },
        "_r_1_6_7_8": {
            "name": "_r_1_6_7_8",
            "optional": true,
            "type": "FEATURE",
            "note": ""
        },
        "_r_2": {
            "name": "_r_2",
            "optional": false,
            "type": "FEATURE",
            "note": ""
        },
        "_r_2_27": {
            "name": "_r_2_27",
            "optional": true,
            "type": "FEATURE",
            "note": ""
        },
        "_r_2_28": {
            "name": "_r_2_28",
            "optional": false,
            "type": "FEATURE",
            "note": ""
        },
        "_r_2_29": {
            "name": "_r_2_29",
            "optional": false,
            "type": "FEATURE",
            "note": ""
        },
        "_r_2_29_30": {
            "name": "_r_2_29_30",
            "optional": true,
            "type": "FEATURE",
            "note": ""
        },
        "_r_2_29_31": {
            "name": "_r_2_29_31",
            "optional": false,
            "type": "FEATURE",
            "note": ""
        },
        "_r_2_32": {
            "name": "_r_2_32",
            "optional": true,
            "type": "FEATURE",
            "note": ""
        },
        "_r_2_35": {
            "name": "_r_2_35",
            "optional": true,
            "type": "FEATURE",
            "note": ""
        },
        "_r_2_36": {
            "name": "_r_2_36",
            "optional": true,
            "type": "FEATURE",
            "note": ""
        }
    },
    "tree": {
        "id": "_r",
        "children": [
            {
                "id": "_r_1",
                "children": [
                    {
                        "id": "_r_1_14",
                        "children": [
                            {
                                "id": "_r_1_14_15",
                                "children": [
                                    {
                                        "id": "_r_1_14_15_17"
                                    },
                                    {
                                        "id": "_r_1_14_15_18"
                                    }
                                ]
                            },
                            {
                                "id": "_r_1_14_19"
                            },
                            {
                                "id": "_r_1_14_20",
                                "children": [
                                    {
                                        "id": "_r_1_14_20_21"
                                    },
                                    {
                                        "id": "_r_1_14_20_22"
                                    }
                                ]
                            }
                        ]
                    },
                    {
                        "id": "_r_1_24"
                    },
                    {
                        "id": "_r_1_26"
                    },
                    {
                        "id": "_r_1_3",
                        "children": [
                            {
                                "id": "_r_1_3_4"
                            },
                            {
                                "id": "_r_1_3_5"
                            }
                        ]
                    },
                    {
                        "id": "_r_1_6",
                        "children": [
                            {
                                "id": "_r_1_6_7_12"
                            },
                            {
                                "id": "_r_1_6_7_13"
                            },
                            {
                                "id": "_r_1_6_7_8"
                            }
                        ]
                    }
                ]
            },
            {
                "id": "_r_2",
                "children": [
                    {
                        "id": "_r_2_27"
                    },
                    {
                        "id": "_r_2_28"
                    },
                    {
                        "id": "_r_2_29",
                        "children": [
                            {
                                "id": "_r_2_29_30"
                            },
                            {
                                "id": "_r_2_29_31"
                            }
                        ]
                    },
                    {
                        "id": "_r_2_32"
                    },
                    {
                        "id": "_r_2_35"
                    },
                    {
                        "id": "_r_2_36"
                    }
                ]
            }
        ]
    },
    "constraints": {}
}