{
    "id": "FM__r",
    "name": "FM__r",
    "features": {
        "_r": {
            "name": "_r",
            "optional": true,
            "type": "XOR",
            "note": ""
        },
        "_r_11": {
            "name": "_r_11",
            "optional": false,
            "type": "FEATURE",
            "note": ""
        },
        "_r_12": {
            "name": "_r_12",
            "optional": false,
            "type": "FEATURE",
            "note": ""
        },
        "_r_13": {
            "name": "_r_13",
            "optional": false,
            "type": "FEATURE",
            "note": ""
        },
        "_r_15_16": {
            "name": "_r_15_16",
            "optional": true,
            "type": "FEATURE",
            "note": ""
        },
        "_r_15_17": {
            "name": "_r_15_17",
            "optional": true,
            "type": "FEATURE",
            "note": ""
        },
        "_r_15_19": {
            "name": "_r_15_19",
            "optional": true,
            "type": "FEATURE",
            "note": ""
        },
        "_r_2": {
            "name": "_r_2",
            "optional": true,
            "type": "OR",
            "note": ""
        },
        "_r_20_21": {
            "name": "_r_20_21",
            "optional": true,
            "type": "FEATURE",
            "note": ""
        },
        "_r_20_22": {
            "name": "_r_20_22",
            "optional": true,
            "type": "FEATURE",
            "note": ""
        },
        "_r_20_22_23": {
            "name": "_r_20_22_23",
            "optional": false,
            "type": "FEATURE",
            "note": ""
        },
        "_r_2_3_4": {
            "name": "_r_2_3_4",
            "optional": true,
            "type": "FEATURE",
            "note": ""
        },
        "_r_2_3_8": {
            "name": "_r_2_3_8",
            "optional": true,
            "type": "FEATURE",
            "note": ""
        }
    },
    "tree": {
        "id": "_r",
        "children": [
            {
                "id": "_r_11"
            },
            {
                "id": "_r_12"
            },
            {
                "id": "_r_13"
            },
            {
                "id": "_r_15_16"
            },
            {
                "id": "_r_15_17"
            },
            {
                "id": "_r_15_19"
            },
            {
                "id": "_r_2",
                "children": [
                    {
                        "id": "_r_2_3_4"
                    },
                    {
                        "id": "_r_2_3_8"
                    }
                ]
            },
            {
                "id": "_r_20_21"
            },
            {
                "id": "_r_20_22",
                "children": [
                    {
                        "id": "_r_20_22_23"
                    }
                ]
            }
        ]
    },
    "constraints": {
        "Constraint 0": {
            "type": "ImpliesTerm",
            "operands": [
                {
                    "type": "FeatureTerm",
                    "operands": [
                        "_r_2"
                    ]
                },
                {
                    "type": "FeatureTerm",
                    "operands": [
                        "_r_20_21"
                    ]
                }
            ]
        },
        "Constraint 1": {
            "type": "ImpliesTerm",
            "operands": [
                {
                    "type": "FeatureTerm",
                    "operands": [
                        "_r_15_19"
                    ]
                },
                {
                    "type": "NotTerm",
                    "operands": [
                        {
                            "type": "FeatureTerm",
                            "operands": [
                                "_r_20_21"
                            ]
                        }
                    ]
                }
            ]
        },
        "Constraint 2": {
            "type": "ImpliesTerm",
            "operands": [
                {
                    "type": "FeatureTerm",
                    "operands": [
                        "_r_2_3_8"
                    ]
                },
                {
                    "type": "FeatureTerm",
                    "operands": [
                        "_r_15_16"
                    ]
                }
            ]
        },
        "Constraint 3": {
            "type": "ImpliesTerm",
            "operands": [
                {
                    "type": "FeatureTerm",
                    "operands": [
                        "_r_15_19"
                    ]
                },
                {
                    "type": "FeatureTerm",
                    "operands": [
                        "_r_20_22"
                    ]
                }
            ]
        }
    }
}