{
    "id": "FM__r",
    "name": "FM__r",
    "features": {
        "_r": {
            "name": "_r",
            "optional": true,
            "type": "OR",
            "note": ""
        },
        "_r_1": {
            "name": "_r_1",
            "optional": false,
            "type": "FEATURE",
            "note": ""
        },
        "_r_14": {
            "name": "_r_14",
            "optional": false,
            "type": "XOR",
            "note": ""
        },
        "_r_14_15_16": {
            "name": "_r_14_15_16",
            "optional": true,
            "type": "FEATURE",
            "note": ""
        },
        "_r_14_15_17": {
            "name": "_r_14_15_17",
            "optional": true,
            "type": "FEATURE",
            "note": ""
        },
        "_r_14_15_20": {
            "name": "_r_14_15_20",
            "optional": true,
            "type": "FEATURE",
            "note": ""
        },
        "_r_18": {
            "name": "_r_18",
            "optional": false,
            "type": "FEATURE",
            "note": ""
        },
        "_r_19": {
            "name": "_r_19",
            "optional": false,
            "type": "FEATURE",
            "note": ""
        },
        "_r_20": {
            "name": "_r_20",
            "optional": false,
            "type": "FEATURE",
            "note": ""
        },
        "_r_21": {
            "name": "_r_21",
            "optional": false,
            "type": "FEATURE",
            "note": ""
        },
        "_r_23": {
            "name": "_r_23",
            "optional": true,
            "type": "FEATURE",
            "note": ""
        },
        "_r_24": {
            "name": "_r_24",
            "optional": false,
            "type": "XOR",
            "note": ""
        },
        "_r_24_25_26": {
            "name": "_r_24_25_26",
            "optional": true,
            "type": "FEATURE",
            "note": ""
        },
        "_r_24_25_27": {
            "name": "_r_24_25_27",
            "optional": true,
            "type": "FEATURE",
            "note": ""
        },
        "_r_24_25_29": {
            "name": "_r_24_25_29",
            "optional": true,
            "type": "FEATURE",
            "note": ""
        },
        "_r_24_25_30": {
            "name": "_r_24_25_30",
            "optional": true,
            "type": "FEATURE",
            "note": ""
        },
        "_r_2_3": {
            "name": "_r_2_3",
            "optional": true,
            "type": "FEATURE",
            "note": ""
        },
        "_r_2_4": {
            "name": "_r_2_4",
            "optional": true,
            "type": "FEATURE",
            "note": ""
        },
        "_r_2_4_53": {
            "name": "_r_2_4_53",
            "optional": false,
            "type": "FEATURE",
            "note": ""
        },
        "_r_2_5": {
            "name": "_r_2_5",
            "optional": true,
            "type": "FEATURE",
            "note": ""
        },
        "_r_31": {
            "name": "_r_31",
            "optional": true,
            "type": "FEATURE",
            "note": ""
        },
        "_r_33": {
            "name": "_r_33",
            "optional": true,
            "type": "OR",
            "note": ""
        },
        "_r_33_34_35": {
            "name": "_r_33_34_35",
            "optional": true,
            "type": "FEATURE",
            "note": ""
        },
        "_r_33_34_36": {
            "name": "_r_33_34_36",
            "optional": true,
            "type": "OR",
            "note": ""
        },
        "_r_33_34_36_54_55": {
            "name": "_r_33_34_36_54_55",
            "optional": true,
            "type": "FEATURE",
            "note": ""
        },
        "_r_33_34_36_54_56": {
            "name": "_r_33_34_36_54_56",
            "optional": true,
            "type": "FEATURE",
            "note": ""
        },
        "_r_33_34_36_54_57": {
            "name": "_r_33_34_36_54_57",
            "optional": true,
            "type": "FEATURE",
            "note": ""
        },
        "_r_37": {
            "name": "_r_37",
            "optional": true,
            "type": "FEATURE",
            "note": ""
        },
        "_r_38": {
            "name": "_r_38",
            "optional": true,
            "type": "XOR",
            "note": ""
        },
        "_r_38_40_41": {
            "name": "_r_38_40_41",
            "optional": true,
            "type": "FEATURE",
            "note": ""
        },
        "_r_38_40_42": {
            "name": "_r_38_40_42",
            "optional": true,
            "type": "FEATURE",
            "note": ""
        },
        "_r_46": {
            "name": "_r_46",
            "optional": false,
            "type": "OR",
            "note": ""
        },
        "_r_46_49_50": {
            "name": "_r_46_49_50",
            "optional": true,
            "type": "FEATURE",
            "note": ""
        },
        "_r_46_49_51": {
            "name": "_r_46_49_51",
            "optional": true,
            "type": "FEATURE",
            "note": ""
        },
        "_r_46_49_52": {
            "name": "_r_46_49_52",
            "optional": true,
            "type": "FEATURE",
            "note": ""
        },
        "_r_6": {
            "name": "_r_6",
            "optional": false,
            "type": "FEATURE",
            "note": ""
        },
        "_r_6_10": {
            "name": "_r_6_10",
            "optional": true,
            "type": "FEATURE",
            "note": ""
        },
        "_r_6_11": {
            "name": "_r_6_11",
            "optional": true,
            "type": "FEATURE",
            "note": ""
        },
        "_r_6_11_12": {
            "name": "_r_6_11_12",
            "optional": true,
            "type": "FEATURE",
            "note": ""
        },
        "_r_6_11_13": {
            "name": "_r_6_11_13",
            "optional": true,
            "type": "FEATURE",
            "note": ""
        },
        "_r_6_7": {
            "name": "_r_6_7",
            "optional": true,
            "type": "FEATURE",
            "note": ""
        },
        "_r_6_7_8": {
            "name": "_r_6_7_8",
            "optional": false,
            "type": "FEATURE",
            "note": ""
        },
        "_r_6_7_9": {
            "name": "_r_6_7_9",
            "optional": false,
            "type": "FEATURE",
            "note": ""
        }
    },
    "tree": {
        "id": "_r",
        "children": [
            {
                "id": "_r_1"
            },
            {
                "id": "_r_14",
                "children": [
                    {
                        "id": "_r_14_15_16"
                    },
                    {
                        "id": "_r_14_15_17"
                    },
                    {
                        "id": "_r_14_15_20"
                    }
                ]
            },
            {
                "id": "_r_18"
            },
            {
                "id": "_r_19"
            },
            {
                "id": "_r_20"
            },
            {
                "id": "_r_21"
            },
            {
                "id": "_r_23"
            },
            {
                "id": "_r_24",
                "children": [
                    {
                        "id": "_r_24_25_26"
                    },
                    {
                        "id": "_r_24_25_27"
                    },
                    {
                        "id": "_r_24_25_29"
                    },
                    {
                        "id": "_r_24_25_30"
                    }
                ]
            },
            {
                "id": "_r_2_3"
            },
            {
                "id": "_r_2_4",
                "children": [
                    {
                        "id": "_r_2_4_53"
                    }
                ]
            },
            {
                "id": "_r_2_5"
            },
            {
                "id": "_r_31"
            },
            {
                "id": "_r_33",
                "children": [
                    {
                        "id": "_r_33_34_35"
                    },
                    {
                        "id": "_r_33_34_36",
                        "children": [
                            {
                                "id": "_r_33_34_36_54_55"
                            },
                            {
                                "id": "_r_33_34_36_54_56"
                            },
                            {
                                "id": "_r_33_34_36_54_57"
                            }
                        ]
                    }
                ]
            },
            {
                "id": "_r_37"
            },
            {
                "id": "_r_38",
                "children": [
                    {
                        "id": "_r_38_40_41"
                    },
                    {
                        "id": "_r_38_40_42"
                    }
                ]
            },
            {
                "id": "_r_46",
                "children": [
                    {
                        "id": "_r_46_49_50"
                    },
                    {
                        "id": "_r_46_49_51"
                    },
                    {
                        "id": "_r_46_49_52"
                    }
                ]
            },
            {
                "id": "_r_6",
                "children": [
                    {
                        "id": "_r_6_10"
                    },
                    {
                        "id": "_r_6_11",
                        "children": [
                            {
                                "id": "_r_6_11_12"
                            },
                            {
                                "id": "_r_6_11_13"
                            }
                        ]
                    },
                    {
                        "id": "_r_6_7",
                        "children": [
                            {
                                "id": "_r_6_7_8"
                            },
                            {
                                "id": "_r_6_7_9"
                            }
                        ]
                    }
                ]
            }
        ]
    },
    "constraints": {
        "Constraint 0": {
            "type": "ImpliesTerm",
            "operands": [
                {
                    "type": "FeatureTerm",
                    "operands": [
                        "_r_2_5"
                    ]
                },
                {
                    "type": "FeatureTerm",
                    "operands": [
                        "_r_38"
                    ]
                }
            ]
        },
        "Constraint 1": {
            "type": "ImpliesTerm",
            "operands": [
                {
                    "type": "FeatureTerm",
                    "operands": [
                        "_r_2_3"
                    ]
                },
                {
                    "type": "FeatureTerm",
                    "operands": [
                        "_r_38"
                    ]
                }
            ]
        },
        "Constraint 2": {
            "type": "ImpliesTerm",
            "operands": [
                {
                    "type": "FeatureTerm",
                    "operands": [
                        "_r_6_10"
                    ]
                },
                {
                    "type": "FeatureTerm",
                    "operands": [
                        "_r_6_11"
                    ]
                }
            ]
        }
    }
}