{
    "id": "FM__r",
    "name": "FM__r",
    "features": {
        "_r": {
            "name": "_r",
            "optional": true,
            "type": "XOR",
            "note": ""
        },
        "_r_1": {
            "name": "_r_1",
            "optional": false,
            "type": "FEATURE",
            "note": ""
        },
        "_r_10": {
            "name": "_r_10",
            "optional": false,
            "type": "FEATURE",
            "note": ""
        },
        "_r_10_11": {
            "name": "_r_10_11",
            "optional": false,
            "type": "FEATURE",
            "note": ""
        },
        "_r_10_12": {
            "name": "_r_10_12",
            "optional": true,
            "type": "FEATURE",
            "note": ""
        },
        "_r_10_12_13": {
            "name": "_r_10_12_13",
            "optional": false,
            "type": "FEATURE",
            "note": ""
        },
        "_r_10_12_14": {
            "name": "_r_10_12_14",
            "optional": false,
            "type": "FEATURE",
            "note": ""
        },
        "_r_2": {
            "name": "_r_2",
            "optional": true,
            "type": "FEATURE",
            "note": ""
        },
        "_r_3_4": {
            "name": "_r_3_4",
            "optional": true,
            "type": "FEATURE",
            "note": ""
        },
        "_r_3_5": {
            "name": "_r_3_5",
            "optional": true,
            "type": "FEATURE",
            "note": ""
        },
        "_r_6_7": {
            "name": "_r_6_7",
            "optional": true,
            "type": "FEATURE",
            "note": ""
        },
        "_r_6_8": {
            "name": "_r_6_8",
            "optional": true,
            "type": "FEATURE",
            "note": ""
        }
    },
    "tree": {
        "id": "_r",
        "children": [
            {
                "id": "_r_1"
            },
            {
                "id": "_r_10",
                "children": [
                    {
                        "id": "_r_10_11"
                    },
                    {
                        "id": "_r_10_12",
                        "children": [
                            {
                                "id": "_r_10_12_13"
                            },
                            {
                                "id": "_r_10_12_14"
                            }
                        ]
                    }
                ]
            },
            {
                "id": "_r_2"
            },
            {
                "id": "_r_3_4"
            },
            {
                "id": "_r_3_5"
            },
            {
                "id": "_r_6_7"
            },
            {
                "id": "_r_6_8"
            }
        ]
    },
    "constraints": {}
}