{
    "id": "FM__r",
    "name": "FM__r",
    "features": {
        "_r": {
            "name": "_r",
            "optional": true,
            "type": "FEATURE",
            "note": ""
        },
        "_r_10": {
            "name": "_r_10",
            "optional": false,
            "type": "OR",
            "note": ""
        },
        "_r_10_11_12": {
            "name": "_r_10_11_12",
            "optional": true,
            "type": "FEATURE",
            "note": ""
        },
        "_r_10_11_13": {
            "name": "_r_10_11_13",
            "optional": true,
            "type": "FEATURE",
            "note": ""
        },
        "_r_10_11_14": {
            "name": "_r_10_11_14",
            "optional": true,
            "type": "FEATURE",
            "note": ""
        },
        "_r_15": {
            "name": "_r_15",
            "optional": false,
            "type": "OR",
            "note": ""
        },
        "_r_15_16_17": {
            "name": "_r_15_16_17",
            "optional": true,
            "type": "FEATURE",
            "note": ""
        },
        "_r_15_16_18": {
            "name": "_r_15_16_18",
            "optional": true,
            "type": "FEATURE",
            "note": ""
        },
        "_r_15_16_19": {
            "name": "_r_15_16_19",
            "optional": true,
            "type": "FEATURE",
            "note": ""
        },
        "_r_15_16_20": {
            "name": "_r_15_16_20",
            "optional": true,
            "type": "FEATURE",
            "note": ""
        },
        "_r_15_16_21": {
            "name": "_r_15_16_21",
            "optional": true,
            "type": "FEATURE",
            "note": ""
        },
        "_r_22": {
            "name": "_r_22",
            "optional": true,
            "type": "OR",
            "note": ""
        },
        "_r_22_23_25": {
            "name": "_r_22_23_25",
            "optional": true,
            "type": "FEATURE",
            "note": ""
        },
        "_r_22_23_26": {
            "name": "_r_22_23_26",
            "optional": true,
            "type": "FEATURE",
            "note": ""
        },
        "_r_27": {
            "name": "_r_27",
            "optional": false,
            "type": "FEATURE",
            "note": ""
        },
        "_r_27_21": {
            "name": "_r_27_21",
            "optional": true,
            "type": "FEATURE",
            "note": ""
        },
        "_r_27_22": {
            "name": "_r_27_22",
            "optional": true,
            "type": "FEATURE",
            "note": ""
        },
        "_r_27_28": {
            "name": "_r_27_28",
            "optional": true,
            "type": "FEATURE",
            "note": ""
        },
        "_r_27_30": {
            "name": "_r_27_30",
            "optional": true,
            "type": "FEATURE",
            "note": ""
        },
        "_r_6": {
            "name": "_r_6",
            "optional": false,
            "type": "XOR",
            "note": ""
        },
        "_r_6_7_8": {
            "name": "_r_6_7_8",
            "optional": true,
            "type": "FEATURE",
            "note": ""
        },
        "_r_6_7_9": {
            "name": "_r_6_7_9",
            "optional": true,
            "type": "FEATURE",
            "note": ""
        }
    },
    "tree": {
        "id": "_r",
        "children": [
            {
                "id": "_r_10",
                "children": [
                    {
                        "id": "_r_10_11_12"
                    },
                    {
                        "id": "_r_10_11_13"
                    },
                    {
                        "id": "_r_10_11_14"
                    }
                ]
            },
            {
                "id": "_r_15",
                "children": [
                    {
                        "id": "_r_15_16_17"
                    },
                    {
                        "id": "_r_15_16_18"
                    },
                    {
                        "id": "_r_15_16_19"
                    },
                    {
                        "id": "_r_15_16_20"
                    },
                    {
                        "id": "_r_15_16_21"
                    }
                ]
            },
            {
                "id": "_r_22",
                "children": [
                    {
                        "id": "_r_22_23_25"
                    },
                    {
                        "id": "_r_22_23_26"
                    }
                ]
            },
            {
                "id": "_r_27",
                "children": [
                    {
                        "id": "_r_27_21"
                    },
                    {
                        "id": "_r_27_22"
                    },
                    {
                        "id": "_r_27_28"
                    },
                    {
                        "id": "_r_27_30"
                    }
                ]
            },
            {
                "id": "_r_6",
                "children": [
                    {
                        "id": "_r_6_7_8"
                    },
                    {
                        "id": "_r_6_7_9"
                    }
                ]
            }
        ]
    },
    "constraints": {}
}