{
    "id": "FM__r",
    "name": "FM__r",
    "features": {
        "__r_3_16_17": {
            "name": "__r_3_16_17",
            "optional": true,
            "type": "FEATURE",
            "note": ""
        },
        "_r": {
            "name": "_r",
            "optional": true,
            "type": "FEATURE",
            "note": ""
        },
        "_r_1": {
            "name": "_r_1",
            "optional": false,
            "type": "OR",
            "note": ""
        },
        "_r_1_4_5": {
            "name": "_r_1_4_5",
            "optional": true,
            "type": "FEATURE",
            "note": ""
        },
        "_r_1_4_6": {
            "name": "_r_1_4_6",
            "optional": true,
            "type": "FEATURE",
            "note": ""
        },
        "_r_1_4_7": {
            "name": "_r_1_4_7",
            "optional": true,
            "type": "FEATURE",
            "note": ""
        },
        "_r_2": {
            "name": "_r_2",
            "optional": false,
            "type": "FEATURE",
            "note": ""
        },
        "_r_2_10": {
            "name": "_r_2_10",
            "optional": true,
            "type": "FEATURE",
            "note": ""
        },
        "_r_2_10_14": {
            "name": "_r_2_10_14",
            "optional": true,
            "type": "FEATURE",
            "note": ""
        },
        "_r_2_10_15": {
            "name": "_r_2_10_15",
            "optional": true,
            "type": "FEATURE",
            "note": ""
        },
        "_r_2_8": {
            "name": "_r_2_8",
            "optional": true,
            "type": "FEATURE",
            "note": ""
        },
        "_r_2_8_12": {
            "name": "_r_2_8_12",
            "optional": false,
            "type": "FEATURE",
            "note": ""
        },
        "_r_2_8_13": {
            "name": "_r_2_8_13",
            "optional": false,
            "type": "FEATURE",
            "note": ""
        },
        "_r_2_9": {
            "name": "_r_2_9",
            "optional": true,
            "type": "FEATURE",
            "note": ""
        },
        "_r_3": {
            "name": "_r_3",
            "optional": false,
            "type": "XOR",
            "note": ""
        },
        "_r_3_16_17": {
            "name": "_r_3_16_17",
            "optional": true,
            "type": "FEATURE",
            "note": ""
        },
        "_r_3_16_18": {
            "name": "_r_3_16_18",
            "optional": true,
            "type": "FEATURE",
            "note": ""
        }
    },
    "tree": {
        "id": "_r",
        "children": [
            {
                "id": "_r_1",
                "children": [
                    {
                        "id": "_r_1_4_5"
                    },
                    {
                        "id": "_r_1_4_6"
                    },
                    {
                        "id": "_r_1_4_7"
                    }
                ]
            },
            {
                "id": "_r_2",
                "children": [
                    {
                        "id": "_r_2_10",
                        "children": [
                            {
                                "id": "_r_2_10_14"
                            },
                            {
                                "id": "_r_2_10_15"
                            }
                        ]
                    },
                    {
                        "id": "_r_2_8",
                        "children": [
                            {
                                "id": "_r_2_8_12"
                            },
                            {
                                "id": "_r_2_8_13"
                            }
                        ]
                    },
                    {
                        "id": "_r_2_9"
                    }
                ]
            },
            {
                "id": "_r_3",
                "children": [
                    {
                        "id": "__r_3_16_17"
                    },
                    {
                        "id": "_r_3_16_17"
                    },
                    {
                        "id": "_r_3_16_18"
                    }
                ]
            }
        ]
    },
    "constraints": {}
}