{
    "id": "FM__r",
    "name": "FM__r",
    "features": {
        "_r": {
            "name": "_r",
            "optional": true,
            "type": "FEATURE",
            "note": ""
        },
        "_r_1": {
            "name": "_r_1",
            "optional": false,
            "type": "FEATURE",
            "note": ""
        },
        "_r_19": {
            "name": "_r_19",
            "optional": true,
            "type": "FEATURE",
            "note": ""
        },
        "_r_19_20": {
            "name": "_r_19_20",
            "optional": false,
            "type": "FEATURE",
            "note": ""
        },
        "_r_19_21": {
            "name": "_r_19_21",
            "optional": true,
            "type": "FEATURE",
            "note": ""
        },
        "_r_19_28": {
            "name": "_r_19_28",
            "optional": true,
            "type": "FEATURE",
            "note": ""
        },
        "_r_1_10": {
            "name": "_r_1_10",
            "optional": true,
            "type": "FEATURE",
            "note": ""
        },
        "_r_1_11": {
            "name": "_r_1_11",
            "optional": true,
            "type": "FEATURE",
            "note": ""
        },
        "_r_1_13": {
            "name": "_r_1_13",
            "optional": true,
            "type": "FEATURE",
            "note": ""
        },
        "_r_1_14": {
            "name": "_r_1_14",
            "optional": true,
            "type": "FEATURE",
            "note": ""
        },
        "_r_1_15": {
            "name": "_r_1_15",
            "optional": true,
            "type": "FEATURE",
            "note": ""
        },
        "_r_1_4": {
            "name": "_r_1_4",
            "optional": false,
            "type": "FEATURE",
            "note": ""
        },
        "_r_1_6": {
            "name": "_r_1_6",
            "optional": true,
            "type": "FEATURE",
            "note": ""
        },
        "_r_1_7": {
            "name": "_r_1_7",
            "optional": true,
            "type": "FEATURE",
            "note": ""
        },
        "_r_1_8": {
            "name": "_r_1_8",
            "optional": true,
            "type": "FEATURE",
            "note": ""
        },
        "_r_1_9": {
            "name": "_r_1_9",
            "optional": true,
            "type": "FEATURE",
            "note": ""
        },
        "_r_23": {
            "name": "_r_23",
            "optional": true,
            "type": "OR",
            "note": ""
        },
        "_r_23_24_25": {
            "name": "_r_23_24_25",
            "optional": true,
            "type": "FEATURE",
            "note": ""
        },
        "_r_23_24_26": {
            "name": "_r_23_24_26",
            "optional": true,
            "type": "FEATURE",
            "note": ""
        },
        "_r_27": {
            "name": "_r_27",
            "optional": true,
            "type": "FEATURE",
            "note": ""
        },
        "_r_3": {
            "name": "_r_3",
            "optional": true,
            "type": "FEATURE",
            "note": ""
        },
        "_r_3_18": {
            "name": "_r_3_18",
            "optional": false,
            "type": "FEATURE",
            "note": ""
        }
    },
    "tree": {
        "id": "_r",
        "children": [
            {
                "id": "_r_1",
                "children": [
                    {
                        "id": "_r_1_10"
                    },
                    {
                        "id": "_r_1_11"
                    },
                    {
                        "id": "_r_1_13"
                    },
                    {
                        "id": "_r_1_14"
                    },
                    {
                        "id": "_r_1_15"
                    },
                    {
                        "id": "_r_1_4"
                    },
                    {
                        "id": "_r_1_6"
                    },
                    {
                        "id": "_r_1_7"
                    },
                    {
                        "id": "_r_1_8"
                    },
                    {
                        "id": "_r_1_9"
                    }
                ]
            },
            {
                "id": "_r_19",
                "children": [
                    {
                        "id": "_r_19_20"
                    },
                    {
                        "id": "_r_19_21"
                    },
                    {
                        "id": "_r_19_28"
                    }
                ]
            },
            {
                "id": "_r_23",
                "children": [
                    {
                        "id": "_r_23_24_25"
                    },
                    {
                        "id": "_r_23_24_26"
                    }
                ]
            },
            {
                "id": "_r_27"
            },
            {
                "id": "_r_3",
                "children": [
                    {
                        "id": "_r_3_18"
                    }
                ]
            }
        ]
    },
    "constraints": {
        "Constraint 0": {
            "type": "ImpliesTerm",
            "operands": [
                {
                    "type": "FeatureTerm",
                    "operands": [
                        "_r_3"
                    ]
                },
                {
                    "type": "FeatureTerm",
                    "operands": [
                        "_r_19"
                    ]
                }
            ]
        },
        "Constraint 1": {
            "type": "ImpliesTerm",
            "operands": [
                {
                    "type": "FeatureTerm",
                    "operands": [
                        "_r_23"
                    ]
                },
                {
                    "type": "FeatureTerm",
                    "operands": [
                        "_r_27"
                    ]
                }
            ]
        }
    }
}