{
    "id": "FM__r",
    "name": "FM__r",
    "features": {
        "_r": {
            "name": "_r",
            "optional": true,
            "type": "FEATURE",
            "note": ""
        },
        "_r_1": {
            "name": "_r_1",
            "optional": false,
            "type": "XOR",
            "note": ""
        },
        "_r_1_7_10": {
            "name": "_r_1_7_10",
            "optional": true,
            "type": "FEATURE",
            "note": ""
        },
        "_r_1_7_8": {
            "name": "_r_1_7_8",
            "optional": true,
            "type": "FEATURE",
            "note": ""
        },
        "_r_1_7_9": {
            "name": "_r_1_7_9",
            "optional": true,
            "type": "FEATURE",
            "note": ""
        },
        "_r_3": {
            "name": "_r_3",
            "optional": false,
            "type": "OR",
            "note": ""
        },
        "_r_3_13_14": {
            "name": "_r_3_13_14",
            "optional": true,
            "type": "FEATURE",
            "note": ""
        },
        "_r_3_13_17": {
            "name": "_r_3_13_17",
            "optional": true,
            "type": "FEATURE",
            "note": ""
        },
        "_r_3_13_18": {
            "name": "_r_3_13_18",
            "optional": true,
            "type": "FEATURE",
            "note": ""
        },
        "_r_3_13_19": {
            "name": "_r_3_13_19",
            "optional": true,
            "type": "FEATURE",
            "note": ""
        },
        "_r_4": {
            "name": "_r_4",
            "optional": false,
            "type": "XOR",
            "note": ""
        },
        "_r_4_22_23": {
            "name": "_r_4_22_23",
            "optional": true,
            "type": "FEATURE",
            "note": ""
        },
        "_r_4_22_24": {
            "name": "_r_4_22_24",
            "optional": true,
            "type": "FEATURE",
            "note": ""
        },
        "_r_5": {
            "name": "_r_5",
            "optional": false,
            "type": "OR",
            "note": ""
        },
        "_r_5_20_21": {
            "name": "_r_5_20_21",
            "optional": true,
            "type": "FEATURE",
            "note": ""
        },
        "_r_5_20_22": {
            "name": "_r_5_20_22",
            "optional": true,
            "type": "FEATURE",
            "note": ""
        },
        "_r_5_20_23": {
            "name": "_r_5_20_23",
            "optional": true,
            "type": "FEATURE",
            "note": ""
        },
        "_r_5_20_24": {
            "name": "_r_5_20_24",
            "optional": true,
            "type": "FEATURE",
            "note": ""
        },
        "_r_6": {
            "name": "_r_6",
            "optional": false,
            "type": "OR",
            "note": ""
        },
        "_r_6_27_28": {
            "name": "_r_6_27_28",
            "optional": true,
            "type": "FEATURE",
            "note": ""
        },
        "_r_6_27_29": {
            "name": "_r_6_27_29",
            "optional": true,
            "type": "FEATURE",
            "note": ""
        },
        "_r_6_27_30": {
            "name": "_r_6_27_30",
            "optional": true,
            "type": "FEATURE",
            "note": ""
        },
        "_r_6_27_31": {
            "name": "_r_6_27_31",
            "optional": true,
            "type": "FEATURE",
            "note": ""
        }
    },
    "tree": {
        "id": "_r",
        "children": [
            {
                "id": "_r_1",
                "children": [
                    {
                        "id": "_r_1_7_10"
                    },
                    {
                        "id": "_r_1_7_8"
                    },
                    {
                        "id": "_r_1_7_9"
                    }
                ]
            },
            {
                "id": "_r_3",
                "children": [
                    {
                        "id": "_r_3_13_14"
                    },
                    {
                        "id": "_r_3_13_17"
                    },
                    {
                        "id": "_r_3_13_18"
                    },
                    {
                        "id": "_r_3_13_19"
                    }
                ]
            },
            {
                "id": "_r_4",
                "children": [
                    {
                        "id": "_r_4_22_23"
                    },
                    {
                        "id": "_r_4_22_24"
                    }
                ]
            },
            {
                "id": "_r_5",
                "children": [
                    {
                        "id": "_r_5_20_21"
                    },
                    {
                        "id": "_r_5_20_22"
                    },
                    {
                        "id": "_r_5_20_23"
                    },
                    {
                        "id": "_r_5_20_24"
                    }
                ]
            },
            {
                "id": "_r_6",
                "children": [
                    {
                        "id": "_r_6_27_28"
                    },
                    {
                        "id": "_r_6_27_29"
                    },
                    {
                        "id": "_r_6_27_30"
                    },
                    {
                        "id": "_r_6_27_31"
                    }
                ]
            }
        ]
    },
    "constraints": {
        "Constraint 0": {
            "type": "ImpliesTerm",
            "operands": [
                {
                    "type": "FeatureTerm",
                    "operands": [
                        "_r_5_20_21"
                    ]
                },
                {
                    "type": "FeatureTerm",
                    "operands": [
                        "_r_6_27_29"
                    ]
                }
            ]
        },
        "Constraint 1": {
            "type": "ImpliesTerm",
            "operands": [
                {
                    "type": "FeatureTerm",
                    "operands": [
                        "_r_1_7_8"
                    ]
                },
                {
                    "type": "NotTerm",
                    "operands": [
                        {
                            "type": "FeatureTerm",
                            "operands": [
                                "_r_1_7_9"
                            ]
                        }
                    ]
                }
            ]
        }
    }
}