{
    "id": "FM__r",
    "name": "FM__r",
    "features": {
        "_r": {
            "name": "_r",
            "optional": true,
            "type": "FEATURE",
            "note": ""
        },
        "_r_1": {
            "name": "_r_1",
            "optional": false,
            "type": "XOR",
            "note": ""
        },
        "_r_16": {
            "name": "_r_16",
            "optional": false,
            "type": "OR",
            "note": ""
        },
        "_r_16_17_18": {
            "name": "_r_16_17_18",
            "optional": true,
            "type": "FEATURE",
            "note": ""
        },
        "_r_16_17_19": {
            "name": "_r_16_17_19",
            "optional": true,
            "type": "FEATURE",
            "note": ""
        },
        "_r_16_17_20": {
            "name": "_r_16_17_20",
            "optional": true,
            "type": "FEATURE",
            "note": ""
        },
        "_r_1_2_3": {
            "name": "_r_1_2_3",
            "optional": true,
            "type": "FEATURE",
            "note": ""
        },
        "_r_1_2_4": {
            "name": "_r_1_2_4",
            "optional": true,
            "type": "FEATURE",
            "note": ""
        },
        "_r_5": {
            "name": "_r_5",
            "optional": false,
            "type": "XOR",
            "note": ""
        },
        "_r_5_6_7": {
            "name": "_r_5_6_7",
            "optional": true,
            "type": "FEATURE",
            "note": ""
        },
        "_r_5_6_8": {
            "name": "_r_5_6_8",
            "optional": true,
            "type": "FEATURE",
            "note": ""
        },
        "_r_9": {
            "name": "_r_9",
            "optional": false,
            "type": "XOR",
            "note": ""
        },
        "_r_9_10_11": {
            "name": "_r_9_10_11",
            "optional": true,
            "type": "FEATURE",
            "note": ""
        },
        "_r_9_10_12": {
            "name": "_r_9_10_12",
            "optional": true,
            "type": "XOR",
            "note": ""
        },
        "_r_9_10_12_13_14": {
            "name": "_r_9_10_12_13_14",
            "optional": true,
            "type": "FEATURE",
            "note": ""
        },
        "_r_9_10_12_13_15": {
            "name": "_r_9_10_12_13_15",
            "optional": true,
            "type": "FEATURE",
            "note": ""
        }
    },
    "tree": {
        "id": "_r",
        "children": [
            {
                "id": "_r_1",
                "children": [
                    {
                        "id": "_r_1_2_3"
                    },
                    {
                        "id": "_r_1_2_4"
                    }
                ]
            },
            {
                "id": "_r_16",
                "children": [
                    {
                        "id": "_r_16_17_18"
                    },
                    {
                        "id": "_r_16_17_19"
                    },
                    {
                        "id": "_r_16_17_20"
                    }
                ]
            },
            {
                "id": "_r_5",
                "children": [
                    {
                        "id": "_r_5_6_7"
                    },
                    {
                        "id": "_r_5_6_8"
                    }
                ]
            },
            {
                "id": "_r_9",
                "children": [
                    {
                        "id": "_r_9_10_11"
                    },
                    {
                        "id": "_r_9_10_12",
                        "children": [
                            {
                                "id": "_r_9_10_12_13_14"
                            },
                            {
                                "id": "_r_9_10_12_13_15"
                            }
                        ]
                    }
                ]
            }
        ]
    },
    "constraints": {}
}