{
    "id": "FM__r",
    "name": "FM__r",
    "features": {
        "_r": {
            "name": "_r",
            "optional": true,
            "type": "FEATURE",
            "note": ""
        },
        "_r_1": {
            "name": "_r_1",
            "optional": false,
            "type": "FEATURE",
            "note": ""
        },
        "_r_1_10": {
            "name": "_r_1_10",
            "optional": false,
            "type": "FEATURE",
            "note": ""
        },
        "_r_1_11": {
            "name": "_r_1_11",
            "optional": false,
            "type": "FEATURE",
            "note": ""
        },
        "_r_1_8": {
            "name": "_r_1_8",
            "optional": true,
            "type": "FEATURE",
            "note": ""
        },
        "_r_1_9": {
            "name": "_r_1_9",
            "optional": true,
            "type": "FEATURE",
            "note": ""
        },
        "_r_2": {
            "name": "_r_2",
            "optional": false,
            "type": "FEATURE",
            "note": ""
        },
        "_r_26": {
            "name": "_r_26",
            "optional": false,
            "type": "XOR",
            "note": ""
        },
        "_r_26_27_28": {
            "name": "_r_26_27_28",
            "optional": true,
            "type": "FEATURE",
            "note": ""
        },
        "_r_26_27_29": {
            "name": "_r_26_27_29",
            "optional": true,
            "type": "FEATURE",
            "note": ""
        },
        "_r_2_12": {
            "name": "_r_2_12",
            "optional": true,
            "type": "FEATURE",
            "note": ""
        },
        "_r_2_13": {
            "name": "_r_2_13",
            "optional": false,
            "type": "FEATURE",
            "note": ""
        },
        "_r_3": {
            "name": "_r_3",
            "optional": false,
            "type": "OR",
            "note": ""
        },
        "_r_3_16_17": {
            "name": "_r_3_16_17",
            "optional": true,
            "type": "FEATURE",
            "note": ""
        },
        "_r_3_16_18": {
            "name": "_r_3_16_18",
            "optional": true,
            "type": "FEATURE",
            "note": ""
        },
        "_r_3_16_19": {
            "name": "_r_3_16_19",
            "optional": true,
            "type": "FEATURE",
            "note": ""
        },
        "_r_4": {
            "name": "_r_4",
            "optional": true,
            "type": "FEATURE",
            "note": ""
        },
        "_r_4_20": {
            "name": "_r_4_20",
            "optional": false,
            "type": "FEATURE",
            "note": ""
        },
        "_r_4_21": {
            "name": "_r_4_21",
            "optional": true,
            "type": "OR",
            "note": ""
        },
        "_r_4_21_23_24": {
            "name": "_r_4_21_23_24",
            "optional": true,
            "type": "FEATURE",
            "note": ""
        },
        "_r_4_21_23_25": {
            "name": "_r_4_21_23_25",
            "optional": true,
            "type": "FEATURE",
            "note": ""
        },
        "_r_5": {
            "name": "_r_5",
            "optional": true,
            "type": "FEATURE",
            "note": ""
        },
        "_r_6": {
            "name": "_r_6",
            "optional": true,
            "type": "FEATURE",
            "note": ""
        },
        "_r_7": {
            "name": "_r_7",
            "optional": true,
            "type": "FEATURE",
            "note": ""
        }
    },
    "tree": {
        "id": "_r",
        "children": [
            {
                "id": "_r_1",
                "children": [
                    {
                        "id": "_r_1_10"
                    },
                    {
                        "id": "_r_1_11"
                    },
                    {
                        "id": "_r_1_8"
                    },
                    {
                        "id": "_r_1_9"
                    }
                ]
            },
            {
                "id": "_r_2",
                "children": [
                    {
                        "id": "_r_2_12"
                    },
                    {
                        "id": "_r_2_13"
                    }
                ]
            },
            {
                "id": "_r_26",
                "children": [
                    {
                        "id": "_r_26_27_28"
                    },
                    {
                        "id": "_r_26_27_29"
                    }
                ]
            },
            {
                "id": "_r_3",
                "children": [
                    {
                        "id": "_r_3_16_17"
                    },
                    {
                        "id": "_r_3_16_18"
                    },
                    {
                        "id": "_r_3_16_19"
                    }
                ]
            },
            {
                "id": "_r_4",
                "children": [
                    {
                        "id": "_r_4_20"
                    },
                    {
                        "id": "_r_4_21",
                        "children": [
                            {
                                "id": "_r_4_21_23_24"
                            },
                            {
                                "id": "_r_4_21_23_25"
                            }
                        ]
                    }
                ]
            },
            {
                "id": "_r_5"
            },
            {
                "id": "_r_6"
            },
            {
                "id": "_r_7"
            }
        ]
    },
    "constraints": {
        "Constraint 0": {
            "type": "ImpliesTerm",
            "operands": [
                {
                    "type": "FeatureTerm",
                    "operands": [
                        "_r_5"
                    ]
                },
                {
                    "type": "FeatureTerm",
                    "operands": [
                        "_r_7"
                    ]
                }
            ]
        },
        "Constraint 1": {
            "type": "ImpliesTerm",
            "operands": [
                {
                    "type": "FeatureTerm",
                    "operands": [
                        "_r_3_16_17"
                    ]
                },
                {
                    "type": "NotTerm",
                    "operands": [
                        {
                            "type": "FeatureTerm",
                            "operands": [
                                "_r_26_27_29"
                            ]
                        }
                    ]
                }
            ]
        },
        "Constraint 2": {
            "type": "ImpliesTerm",
            "operands": [
                {
                    "type": "FeatureTerm",
                    "operands": [
                        "_r_5"
                    ]
                },
                {
                    "type": "FeatureTerm",
                    "operands": [
                        "_r_6"
                    ]
                }
            ]
        },
        "Constraint 3": {
            "type": "ImpliesTerm",
            "operands": [
                {
                    "type": "FeatureTerm",
                    "operands": [
                        "_r_3_16_17"
                    ]
                },
                {
                    "type": "NotTerm",
                    "operands": [
                        {
                            "type": "FeatureTerm",
                            "operands": [
                                "_r_26_27_29"
                            ]
                        }
                    ]
                }
            ]
        },
        "Constraint 4": {
            "type": "ImpliesTerm",
            "operands": [
                {
                    "type": "FeatureTerm",
                    "operands": [
                        "_r_4"
                    ]
                },
                {
                    "type": "FeatureTerm",
                    "operands": [
                        "_r_5"
                    ]
                }
            ]
        },
        "Constraint 5": {
            "type": "ImpliesTerm",
            "operands": [
                {
                    "type": "FeatureTerm",
                    "operands": [
                        "_r_1_9"
                    ]
                },
                {
                    "type": "FeatureTerm",
                    "operands": [
                        "_r_5"
                    ]
                }
            ]
        }
    }
}