{
    "id": "FM__r",
    "name": "FM__r",
    "features": {
        "_r": {
            "name": "_r",
            "optional": true,
            "type": "FEATURE",
            "note": ""
        },
        "_r_11": {
            "name": "_r_11",
            "optional": false,
            "type": "XOR",
            "note": ""
        },
        "_r_11_12_13": {
            "name": "_r_11_12_13",
            "optional": true,
            "type": "FEATURE",
            "note": ""
        },
        "_r_11_12_14": {
            "name": "_r_11_12_14",
            "optional": true,
            "type": "FEATURE",
            "note": ""
        },
        "_r_11_12_15": {
            "name": "_r_11_12_15",
            "optional": true,
            "type": "FEATURE",
            "note": ""
        },
        "_r_2": {
            "name": "_r_2",
            "optional": false,
            "type": "FEATURE",
            "note": ""
        },
        "_r_2_17": {
            "name": "_r_2_17",
            "optional": true,
            "type": "FEATURE",
            "note": ""
        },
        "_r_2_18": {
            "name": "_r_2_18",
            "optional": true,
            "type": "FEATURE",
            "note": ""
        },
        "_r_3": {
            "name": "_r_3",
            "optional": false,
            "type": "FEATURE",
            "note": ""
        },
        "_r_5": {
            "name": "_r_5",
            "optional": true,
            "type": "FEATURE",
            "note": ""
        },
        "_r_5_6": {
            "name": "_r_5_6",
            "optional": true,
            "type": "FEATURE",
            "note": ""
        },
        "_r_5_7": {
            "name": "_r_5_7",
            "optional": true,
            "type": "FEATURE",
            "note": ""
        },
        "_r_5_8": {
            "name": "_r_5_8",
            "optional": true,
            "type": "FEATURE",
            "note": ""
        }
    },
    "tree": {
        "id": "_r",
        "children": [
            {
                "id": "_r_11",
                "children": [
                    {
                        "id": "_r_11_12_13"
                    },
                    {
                        "id": "_r_11_12_14"
                    },
                    {
                        "id": "_r_11_12_15"
                    }
                ]
            },
            {
                "id": "_r_2",
                "children": [
                    {
                        "id": "_r_2_17"
                    },
                    {
                        "id": "_r_2_18"
                    }
                ]
            },
            {
                "id": "_r_3"
            },
            {
                "id": "_r_5",
                "children": [
                    {
                        "id": "_r_5_6"
                    },
                    {
                        "id": "_r_5_7"
                    },
                    {
                        "id": "_r_5_8"
                    }
                ]
            }
        ]
    },
    "constraints": {}
}