{
    "id": "FM__r",
    "name": "FM__r",
    "features": {
        "_r": {
            "name": "_r",
            "optional": true,
            "type": "FEATURE",
            "note": ""
        },
        "_r_1": {
            "name": "_r_1",
            "optional": false,
            "type": "FEATURE",
            "note": ""
        },
        "_r_1_3": {
            "name": "_r_1_3",
            "optional": false,
            "type": "FEATURE",
            "note": ""
        },
        "_r_1_4": {
            "name": "_r_1_4",
            "optional": false,
            "type": "XOR",
            "note": ""
        },
        "_r_1_4_14": {
            "name": "_r_1_4_14",
            "optional": true,
            "type": "FEATURE",
            "note": ""
        },
        "_r_1_4_15": {
            "name": "_r_1_4_15",
            "optional": false,
            "type": "FEATURE",
            "note": ""
        },
        "_r_1_4_16_17": {
            "name": "_r_1_4_16_17",
            "optional": true,
            "type": "FEATURE",
            "note": ""
        },
        "_r_1_4_16_18": {
            "name": "_r_1_4_16_18",
            "optional": true,
            "type": "FEATURE",
            "note": ""
        },
        "_r_1_4_16_19": {
            "name": "_r_1_4_16_19",
            "optional": true,
            "type": "FEATURE",
            "note": ""
        },
        "_r_1_4_23": {
            "name": "_r_1_4_23",
            "optional": false,
            "type": "FEATURE",
            "note": ""
        },
        "_r_1_5": {
            "name": "_r_1_5",
            "optional": false,
            "type": "FEATURE",
            "note": ""
        },
        "_r_1_5_7": {
            "name": "_r_1_5_7",
            "optional": false,
            "type": "FEATURE",
            "note": ""
        },
        "_r_1_5_8": {
            "name": "_r_1_5_8",
            "optional": false,
            "type": "FEATURE",
            "note": ""
        },
        "_r_1_5_9": {
            "name": "_r_1_5_9",
            "optional": false,
            "type": "XOR",
            "note": ""
        },
        "_r_1_5_9_10_11": {
            "name": "_r_1_5_9_10_11",
            "optional": true,
            "type": "FEATURE",
            "note": ""
        },
        "_r_1_5_9_10_12": {
            "name": "_r_1_5_9_10_12",
            "optional": true,
            "type": "FEATURE",
            "note": ""
        },
        "_r_1_5_9_10_13": {
            "name": "_r_1_5_9_10_13",
            "optional": true,
            "type": "FEATURE",
            "note": ""
        },
        "_r_1_6": {
            "name": "_r_1_6",
            "optional": false,
            "type": "FEATURE",
            "note": ""
        },
        "_r_1_6_20": {
            "name": "_r_1_6_20",
            "optional": true,
            "type": "FEATURE",
            "note": ""
        },
        "_r_1_6_21": {
            "name": "_r_1_6_21",
            "optional": false,
            "type": "FEATURE",
            "note": ""
        }
    },
    "tree": {
        "id": "_r",
        "children": [
            {
                "id": "_r_1",
                "children": [
                    {
                        "id": "_r_1_3"
                    },
                    {
                        "id": "_r_1_4",
                        "children": [
                            {
                                "id": "_r_1_4_14"
                            },
                            {
                                "id": "_r_1_4_15"
                            },
                            {
                                "id": "_r_1_4_16_17"
                            },
                            {
                                "id": "_r_1_4_16_18"
                            },
                            {
                                "id": "_r_1_4_16_19"
                            },
                            {
                                "id": "_r_1_4_23"
                            }
                        ]
                    },
                    {
                        "id": "_r_1_5",
                        "children": [
                            {
                                "id": "_r_1_5_7"
                            },
                            {
                                "id": "_r_1_5_8"
                            },
                            {
                                "id": "_r_1_5_9",
                                "children": [
                                    {
                                        "id": "_r_1_5_9_10_11"
                                    },
                                    {
                                        "id": "_r_1_5_9_10_12"
                                    },
                                    {
                                        "id": "_r_1_5_9_10_13"
                                    }
                                ]
                            }
                        ]
                    },
                    {
                        "id": "_r_1_6",
                        "children": [
                            {
                                "id": "_r_1_6_20"
                            },
                            {
                                "id": "_r_1_6_21"
                            }
                        ]
                    }
                ]
            }
        ]
    },
    "constraints": {}
}