{
    "id": "FM__r",
    "name": "FM__r",
    "features": {
        "_r": {
            "name": "_r",
            "optional": true,
            "type": "FEATURE",
            "note": ""
        },
        "_r_1": {
            "name": "_r_1",
            "optional": false,
            "type": "FEATURE",
            "note": ""
        },
        "_r_1_24": {
            "name": "_r_1_24",
            "optional": false,
            "type": "FEATURE",
            "note": ""
        },
        "_r_1_24_25": {
            "name": "_r_1_24_25",
            "optional": false,
            "type": "FEATURE",
            "note": ""
        },
        "_r_1_26": {
            "name": "_r_1_26",
            "optional": false,
            "type": "FEATURE",
            "note": ""
        },
        "_r_1_26_27": {
            "name": "_r_1_26_27",
            "optional": false,
            "type": "FEATURE",
            "note": ""
        },
        "_r_1_26_28": {
            "name": "_r_1_26_28",
            "optional": false,
            "type": "FEATURE",
            "note": ""
        },
        "_r_1_29": {
            "name": "_r_1_29",
            "optional": false,
            "type": "FEATURE",
            "note": ""
        },
        "_r_1_29_31": {
            "name": "_r_1_29_31",
            "optional": false,
            "type": "FEATURE",
            "note": ""
        },
        "_r_1_29_32": {
            "name": "_r_1_29_32",
            "optional": false,
            "type": "FEATURE",
            "note": ""
        },
        "_r_1_29_33": {
            "name": "_r_1_29_33",
            "optional": false,
            "type": "FEATURE",
            "note": ""
        },
        "_r_1_29_34": {
            "name": "_r_1_29_34",
            "optional": false,
            "type": "FEATURE",
            "note": ""
        },
        "_r_1_4": {
            "name": "_r_1_4",
            "optional": false,
            "type": "FEATURE",
            "note": ""
        },
        "_r_1_4_5": {
            "name": "_r_1_4_5",
            "optional": false,
            "type": "FEATURE",
            "note": ""
        },
        "_r_1_6": {
            "name": "_r_1_6",
            "optional": false,
            "type": "XOR",
            "note": ""
        },
        "_r_1_6_14": {
            "name": "_r_1_6_14",
            "optional": false,
            "type": "XOR",
            "note": ""
        },
        "_r_1_6_14_15_16": {
            "name": "_r_1_6_14_15_16",
            "optional": true,
            "type": "FEATURE",
            "note": ""
        },
        "_r_1_6_14_15_17": {
            "name": "_r_1_6_14_15_17",
            "optional": true,
            "type": "FEATURE",
            "note": ""
        },
        "_r_1_6_14_15_18": {
            "name": "_r_1_6_14_15_18",
            "optional": true,
            "type": "FEATURE",
            "note": ""
        },
        "_r_1_6_19": {
            "name": "_r_1_6_19",
            "optional": false,
            "type": "FEATURE",
            "note": ""
        },
        "_r_1_6_20_21": {
            "name": "_r_1_6_20_21",
            "optional": true,
            "type": "FEATURE",
            "note": ""
        },
        "_r_1_6_20_22": {
            "name": "_r_1_6_20_22",
            "optional": true,
            "type": "FEATURE",
            "note": ""
        },
        "_r_1_6_20_23": {
            "name": "_r_1_6_20_23",
            "optional": true,
            "type": "FEATURE",
            "note": ""
        },
        "_r_1_6_7": {
            "name": "_r_1_6_7",
            "optional": false,
            "type": "FEATURE",
            "note": ""
        },
        "_r_1_6_7_8": {
            "name": "_r_1_6_7_8",
            "optional": false,
            "type": "FEATURE",
            "note": ""
        },
        "_r_1_6_9": {
            "name": "_r_1_6_9",
            "optional": false,
            "type": "XOR",
            "note": ""
        },
        "_r_1_6_9_10_11": {
            "name": "_r_1_6_9_10_11",
            "optional": true,
            "type": "FEATURE",
            "note": ""
        },
        "_r_1_6_9_10_12": {
            "name": "_r_1_6_9_10_12",
            "optional": true,
            "type": "FEATURE",
            "note": ""
        },
        "_r_1_6_9_10_13": {
            "name": "_r_1_6_9_10_13",
            "optional": true,
            "type": "FEATURE",
            "note": ""
        },
        "_r_2": {
            "name": "_r_2",
            "optional": false,
            "type": "FEATURE",
            "note": ""
        },
        "_r_2_35": {
            "name": "_r_2_35",
            "optional": false,
            "type": "FEATURE",
            "note": ""
        },
        "_r_2_35_36": {
            "name": "_r_2_35_36",
            "optional": false,
            "type": "FEATURE",
            "note": ""
        },
        "_r_2_37": {
            "name": "_r_2_37",
            "optional": false,
            "type": "FEATURE",
            "note": ""
        },
        "_r_2_37_38": {
            "name": "_r_2_37_38",
            "optional": false,
            "type": "FEATURE",
            "note": ""
        },
        "_r_2_37_38_39": {
            "name": "_r_2_37_38_39",
            "optional": false,
            "type": "FEATURE",
            "note": ""
        },
        "_r_2_37_40": {
            "name": "_r_2_37_40",
            "optional": false,
            "type": "XOR",
            "note": ""
        },
        "_r_2_37_40_43_44": {
            "name": "_r_2_37_40_43_44",
            "optional": true,
            "type": "FEATURE",
            "note": ""
        },
        "_r_2_37_40_43_45": {
            "name": "_r_2_37_40_43_45",
            "optional": true,
            "type": "FEATURE",
            "note": ""
        },
        "_r_2_37_40_43_46": {
            "name": "_r_2_37_40_43_46",
            "optional": true,
            "type": "FEATURE",
            "note": ""
        },
        "_r_2_37_47": {
            "name": "_r_2_37_47",
            "optional": false,
            "type": "XOR",
            "note": ""
        },
        "_r_2_37_47_48_49": {
            "name": "_r_2_37_47_48_49",
            "optional": true,
            "type": "FEATURE",
            "note": ""
        },
        "_r_2_37_47_48_50": {
            "name": "_r_2_37_47_48_50",
            "optional": true,
            "type": "FEATURE",
            "note": ""
        },
        "_r_2_37_47_48_51": {
            "name": "_r_2_37_47_48_51",
            "optional": true,
            "type": "FEATURE",
            "note": ""
        },
        "_r_2_52": {
            "name": "_r_2_52",
            "optional": false,
            "type": "FEATURE",
            "note": ""
        },
        "_r_2_52_53": {
            "name": "_r_2_52_53",
            "optional": false,
            "type": "FEATURE",
            "note": ""
        },
        "_r_2_54": {
            "name": "_r_2_54",
            "optional": false,
            "type": "FEATURE",
            "note": ""
        },
        "_r_2_54_55": {
            "name": "_r_2_54_55",
            "optional": false,
            "type": "FEATURE",
            "note": ""
        },
        "_r_2_54_56": {
            "name": "_r_2_54_56",
            "optional": false,
            "type": "FEATURE",
            "note": ""
        },
        "_r_2_57": {
            "name": "_r_2_57",
            "optional": false,
            "type": "FEATURE",
            "note": ""
        },
        "_r_2_57_58": {
            "name": "_r_2_57_58",
            "optional": false,
            "type": "FEATURE",
            "note": ""
        },
        "_r_2_57_59": {
            "name": "_r_2_57_59",
            "optional": false,
            "type": "FEATURE",
            "note": ""
        },
        "_r_2_57_60": {
            "name": "_r_2_57_60",
            "optional": false,
            "type": "FEATURE",
            "note": ""
        },
        "_r_2_57_61": {
            "name": "_r_2_57_61",
            "optional": false,
            "type": "FEATURE",
            "note": ""
        },
        "_r_3": {
            "name": "_r_3",
            "optional": false,
            "type": "FEATURE",
            "note": ""
        },
        "_r_3_62": {
            "name": "_r_3_62",
            "optional": false,
            "type": "FEATURE",
            "note": ""
        },
        "_r_3_62_63": {
            "name": "_r_3_62_63",
            "optional": false,
            "type": "FEATURE",
            "note": ""
        },
        "_r_3_64": {
            "name": "_r_3_64",
            "optional": true,
            "type": "FEATURE",
            "note": ""
        },
        "_r_3_65": {
            "name": "_r_3_65",
            "optional": true,
            "type": "FEATURE",
            "note": ""
        },
        "_r_3_65_66": {
            "name": "_r_3_65_66",
            "optional": false,
            "type": "XOR",
            "note": ""
        },
        "_r_3_65_66_67_68": {
            "name": "_r_3_65_66_67_68",
            "optional": true,
            "type": "FEATURE",
            "note": ""
        },
        "_r_3_65_66_67_69": {
            "name": "_r_3_65_66_67_69",
            "optional": true,
            "type": "FEATURE",
            "note": ""
        },
        "_r_3_65_70": {
            "name": "_r_3_65_70",
            "optional": false,
            "type": "XOR",
            "note": ""
        },
        "_r_3_65_70_71_72": {
            "name": "_r_3_65_70_71_72",
            "optional": true,
            "type": "FEATURE",
            "note": ""
        },
        "_r_3_65_70_71_73": {
            "name": "_r_3_65_70_71_73",
            "optional": true,
            "type": "FEATURE",
            "note": ""
        },
        "_r_3_74": {
            "name": "_r_3_74",
            "optional": false,
            "type": "FEATURE",
            "note": ""
        },
        "_r_3_74_75": {
            "name": "_r_3_74_75",
            "optional": false,
            "type": "FEATURE",
            "note": ""
        },
        "_r_3_76": {
            "name": "_r_3_76",
            "optional": false,
            "type": "FEATURE",
            "note": ""
        },
        "_r_3_76_77": {
            "name": "_r_3_76_77",
            "optional": false,
            "type": "FEATURE",
            "note": ""
        },
        "_r_3_76_78": {
            "name": "_r_3_76_78",
            "optional": false,
            "type": "FEATURE",
            "note": ""
        },
        "_r_3_76_79": {
            "name": "_r_3_76_79",
            "optional": true,
            "type": "FEATURE",
            "note": ""
        },
        "_r_3_76_80": {
            "name": "_r_3_76_80",
            "optional": true,
            "type": "FEATURE",
            "note": ""
        },
        "_r_3_81": {
            "name": "_r_3_81",
            "optional": false,
            "type": "FEATURE",
            "note": ""
        },
        "_r_3_81_82": {
            "name": "_r_3_81_82",
            "optional": false,
            "type": "FEATURE",
            "note": ""
        },
        "_r_3_81_83": {
            "name": "_r_3_81_83",
            "optional": true,
            "type": "FEATURE",
            "note": ""
        }
    },
    "tree": {
        "id": "_r",
        "children": [
            {
                "id": "_r_1",
                "children": [
                    {
                        "id": "_r_1_24",
                        "children": [
                            {
                                "id": "_r_1_24_25"
                            }
                        ]
                    },
                    {
                        "id": "_r_1_26",
                        "children": [
                            {
                                "id": "_r_1_26_27"
                            },
                            {
                                "id": "_r_1_26_28"
                            }
                        ]
                    },
                    {
                        "id": "_r_1_29",
                        "children": [
                            {
                                "id": "_r_1_29_31"
                            },
                            {
                                "id": "_r_1_29_32"
                            },
                            {
                                "id": "_r_1_29_33"
                            },
                            {
                                "id": "_r_1_29_34"
                            }
                        ]
                    },
                    {
                        "id": "_r_1_4",
                        "children": [
                            {
                                "id": "_r_1_4_5"
                            }
                        ]
                    },
                    {
                        "id": "_r_1_6",
                        "children": [
                            {
                                "id": "_r_1_6_14",
                                "children": [
                                    {
                                        "id": "_r_1_6_14_15_16"
                                    },
                                    {
                                        "id": "_r_1_6_14_15_17"
                                    },
                                    {
                                        "id": "_r_1_6_14_15_18"
                                    }
                                ]
                            },
                            {
                                "id": "_r_1_6_19"
                            },
                            {
                                "id": "_r_1_6_20_21"
                            },
                            {
                                "id": "_r_1_6_20_22"
                            },
                            {
                                "id": "_r_1_6_20_23"
                            },
                            {
                                "id": "_r_1_6_7",
                                "children": [
                                    {
                                        "id": "_r_1_6_7_8"
                                    }
                                ]
                            },
                            {
                                "id": "_r_1_6_9",
                                "children": [
                                    {
                                        "id": "_r_1_6_9_10_11"
                                    },
                                    {
                                        "id": "_r_1_6_9_10_12"
                                    },
                                    {
                                        "id": "_r_1_6_9_10_13"
                                    }
                                ]
                            }
                        ]
                    }
                ]
            },
            {
                "id": "_r_2",
                "children": [
                    {
                        "id": "_r_2_35",
                        "children": [
                            {
                                "id": "_r_2_35_36"
                            }
                        ]
                    },
                    {
                        "id": "_r_2_37",
                        "children": [
                            {
                                "id": "_r_2_37_38",
                                "children": [
                                    {
                                        "id": "_r_2_37_38_39"
                                    }
                                ]
                            },
                            {
                                "id": "_r_2_37_40",
                                "children": [
                                    {
                                        "id": "_r_2_37_40_43_44"
                                    },
                                    {
                                        "id": "_r_2_37_40_43_45"
                                    },
                                    {
                                        "id": "_r_2_37_40_43_46"
                                    }
                                ]
                            },
                            {
                                "id": "_r_2_37_47",
                                "children": [
                                    {
                                        "id": "_r_2_37_47_48_49"
                                    },
                                    {
                                        "id": "_r_2_37_47_48_50"
                                    },
                                    {
                                        "id": "_r_2_37_47_48_51"
                                    }
                                ]
                            }
                        ]
                    },
                    {
                        "id": "_r_2_52",
                        "children": [
                            {
                                "id": "_r_2_52_53"
                            }
                        ]
                    },
                    {
                        "id": "_r_2_54",
                        "children": [
                            {
                                "id": "_r_2_54_55"
                            },
                            {
                                "id": "_r_2_54_56"
                            }
                        ]
                    },
                    {
                        "id": "_r_2_57",
                        "children": [
                            {
                                "id": "_r_2_57_58"
                            },
                            {
                                "id": "_r_2_57_59"
                            },
                            {
                                "id": "_r_2_57_60"
                            },
                            {
                                "id": "_r_2_57_61"
                            }
                        ]
                    }
                ]
            },
            {
                "id": "_r_3",
                "children": [
                    {
                        "id": "_r_3_62",
                        "children": [
                            {
                                "id": "_r_3_62_63"
                            }
                        ]
                    },
                    {
                        "id": "_r_3_64"
                    },
                    {
                        "id": "_r_3_65",
                        "children": [
                            {
                                "id": "_r_3_65_66",
                                "children": [
                                    {
                                        "id": "_r_3_65_66_67_68"
                                    },
                                    {
                                        "id": "_r_3_65_66_67_69"
                                    }
                                ]
                            },
                            {
                                "id": "_r_3_65_70",
                                "children": [
                                    {
                                        "id": "_r_3_65_70_71_72"
                                    },
                                    {
                                        "id": "_r_3_65_70_71_73"
                                    }
                                ]
                            }
                        ]
                    },
                    {
                        "id": "_r_3_74",
                        "children": [
                            {
                                "id": "_r_3_74_75"
                            }
                        ]
                    },
                    {
                        "id": "_r_3_76",
                        "children": [
                            {
                                "id": "_r_3_76_77"
                            },
                            {
                                "id": "_r_3_76_78"
                            },
                            {
                                "id": "_r_3_76_79"
                            },
                            {
                                "id": "_r_3_76_80"
                            }
                        ]
                    },
                    {
                        "id": "_r_3_81",
                        "children": [
                            {
                                "id": "_r_3_81_82"
                            },
                            {
                                "id": "_r_3_81_83"
                            }
                        ]
                    }
                ]
            }
        ]
    },
    "constraints": {}
}