{
    "id": "FM__r",
    "name": "FM__r",
    "features": {
        "_r": {
            "name": "_r",
            "optional": true,
            "type": "FEATURE",
            "note": ""
        },
        "_r_1": {
            "name": "_r_1",
            "optional": false,
            "type": "XOR",
            "note": ""
        },
        "_r_14": {
            "name": "_r_14",
            "optional": false,
            "type": "XOR",
            "note": ""
        },
        "_r_14_15_16": {
            "name": "_r_14_15_16",
            "optional": true,
            "type": "FEATURE",
            "note": ""
        },
        "_r_14_15_17": {
            "name": "_r_14_15_17",
            "optional": true,
            "type": "FEATURE",
            "note": ""
        },
        "_r_14_15_20": {
            "name": "_r_14_15_20",
            "optional": true,
            "type": "FEATURE",
            "note": ""
        },
        "_r_14_15_21": {
            "name": "_r_14_15_21",
            "optional": true,
            "type": "FEATURE",
            "note": ""
        },
        "_r_14_15_22": {
            "name": "_r_14_15_22",
            "optional": true,
            "type": "FEATURE",
            "note": ""
        },
        "_r_1_2_3": {
            "name": "_r_1_2_3",
            "optional": true,
            "type": "FEATURE",
            "note": ""
        },
        "_r_1_2_4": {
            "name": "_r_1_2_4",
            "optional": true,
            "type": "FEATURE",
            "note": ""
        },
        "_r_1_2_5": {
            "name": "_r_1_2_5",
            "optional": true,
            "type": "FEATURE",
            "note": ""
        },
        "_r_1_2_6": {
            "name": "_r_1_2_6",
            "optional": true,
            "type": "FEATURE",
            "note": ""
        },
        "_r_23": {
            "name": "_r_23",
            "optional": false,
            "type": "XOR",
            "note": ""
        },
        "_r_23_24_25": {
            "name": "_r_23_24_25",
            "optional": true,
            "type": "FEATURE",
            "note": ""
        },
        "_r_23_24_26": {
            "name": "_r_23_24_26",
            "optional": true,
            "type": "FEATURE",
            "note": ""
        },
        "_r_23_24_27": {
            "name": "_r_23_24_27",
            "optional": true,
            "type": "FEATURE",
            "note": ""
        },
        "_r_23_24_28": {
            "name": "_r_23_24_28",
            "optional": true,
            "type": "FEATURE",
            "note": ""
        },
        "_r_29": {
            "name": "_r_29",
            "optional": false,
            "type": "XOR",
            "note": ""
        },
        "_r_29_30_31": {
            "name": "_r_29_30_31",
            "optional": true,
            "type": "FEATURE",
            "note": ""
        },
        "_r_29_30_32": {
            "name": "_r_29_30_32",
            "optional": true,
            "type": "FEATURE",
            "note": ""
        },
        "_r_33": {
            "name": "_r_33",
            "optional": true,
            "type": "OR",
            "note": ""
        },
        "_r_33_34_35": {
            "name": "_r_33_34_35",
            "optional": true,
            "type": "FEATURE",
            "note": ""
        },
        "_r_33_34_36": {
            "name": "_r_33_34_36",
            "optional": true,
            "type": "FEATURE",
            "note": ""
        },
        "_r_7": {
            "name": "_r_7",
            "optional": false,
            "type": "XOR",
            "note": ""
        },
        "_r_7_8_12": {
            "name": "_r_7_8_12",
            "optional": true,
            "type": "FEATURE",
            "note": ""
        },
        "_r_7_8_13": {
            "name": "_r_7_8_13",
            "optional": true,
            "type": "FEATURE",
            "note": ""
        },
        "_r_7_8_9": {
            "name": "_r_7_8_9",
            "optional": true,
            "type": "FEATURE",
            "note": ""
        }
    },
    "tree": {
        "id": "_r",
        "children": [
            {
                "id": "_r_1",
                "children": [
                    {
                        "id": "_r_1_2_3"
                    },
                    {
                        "id": "_r_1_2_4"
                    },
                    {
                        "id": "_r_1_2_5"
                    },
                    {
                        "id": "_r_1_2_6"
                    }
                ]
            },
            {
                "id": "_r_14",
                "children": [
                    {
                        "id": "_r_14_15_16"
                    },
                    {
                        "id": "_r_14_15_17"
                    },
                    {
                        "id": "_r_14_15_20"
                    },
                    {
                        "id": "_r_14_15_21"
                    },
                    {
                        "id": "_r_14_15_22"
                    }
                ]
            },
            {
                "id": "_r_23",
                "children": [
                    {
                        "id": "_r_23_24_25"
                    },
                    {
                        "id": "_r_23_24_26"
                    },
                    {
                        "id": "_r_23_24_27"
                    },
                    {
                        "id": "_r_23_24_28"
                    }
                ]
            },
            {
                "id": "_r_29",
                "children": [
                    {
                        "id": "_r_29_30_31"
                    },
                    {
                        "id": "_r_29_30_32"
                    }
                ]
            },
            {
                "id": "_r_33",
                "children": [
                    {
                        "id": "_r_33_34_35"
                    },
                    {
                        "id": "_r_33_34_36"
                    }
                ]
            },
            {
                "id": "_r_7",
                "children": [
                    {
                        "id": "_r_7_8_12"
                    },
                    {
                        "id": "_r_7_8_13"
                    },
                    {
                        "id": "_r_7_8_9"
                    }
                ]
            }
        ]
    },
    "constraints": {
        "Constraint 0": {
            "type": "ImpliesTerm",
            "operands": [
                {
                    "type": "FeatureTerm",
                    "operands": [
                        "_r_1_2_3"
                    ]
                },
                {
                    "type": "FeatureTerm",
                    "operands": [
                        "_r_7_8_9"
                    ]
                }
            ]
        },
        "Constraint 1": {
            "type": "ImpliesTerm",
            "operands": [
                {
                    "type": "FeatureTerm",
                    "operands": [
                        "_r_1_2_3"
                    ]
                },
                {
                    "type": "NotTerm",
                    "operands": [
                        {
                            "type": "FeatureTerm",
                            "operands": [
                                "_r_7_8_12"
                            ]
                        }
                    ]
                }
            ]
        },
        "Constraint 2": {
            "type": "ImpliesTerm",
            "operands": [
                {
                    "type": "FeatureTerm",
                    "operands": [
                        "_r_1_2_3"
                    ]
                },
                {
                    "type": "NotTerm",
                    "operands": [
                        {
                            "type": "FeatureTerm",
                            "operands": [
                                "_r_7_8_13"
                            ]
                        }
                    ]
                }
            ]
        },
        "Constraint 3": {
            "type": "ImpliesTerm",
            "operands": [
                {
                    "type": "FeatureTerm",
                    "operands": [
                        "_r_14_15_17"
                    ]
                },
                {
                    "type": "NotTerm",
                    "operands": [
                        {
                            "type": "FeatureTerm",
                            "operands": [
                                "_r_23_24_27"
                            ]
                        }
                    ]
                }
            ]
        },
        "Constraint 4": {
            "type": "ImpliesTerm",
            "operands": [
                {
                    "type": "FeatureTerm",
                    "operands": [
                        "_r_14_15_17"
                    ]
                },
                {
                    "type": "NotTerm",
                    "operands": [
                        {
                            "type": "FeatureTerm",
                            "operands": [
                                "_r_23_24_28"
                            ]
                        }
                    ]
                }
            ]
        },
        "Constraint 5": {
            "type": "ImpliesTerm",
            "operands": [
                {
                    "type": "FeatureTerm",
                    "operands": [
                        "_r_14_15_20"
                    ]
                },
                {
                    "type": "NotTerm",
                    "operands": [
                        {
                            "type": "FeatureTerm",
                            "operands": [
                                "_r_23_24_25"
                            ]
                        }
                    ]
                }
            ]
        },
        "Constraint 6": {
            "type": "ImpliesTerm",
            "operands": [
                {
                    "type": "FeatureTerm",
                    "operands": [
                        "_r_14_15_16"
                    ]
                },
                {
                    "type": "NotTerm",
                    "operands": [
                        {
                            "type": "FeatureTerm",
                            "operands": [
                                "_r_23_24_27"
                            ]
                        }
                    ]
                }
            ]
        },
        "Constraint 7": {
            "type": "ImpliesTerm",
            "operands": [
                {
                    "type": "FeatureTerm",
                    "operands": [
                        "_r_14_15_20"
                    ]
                },
                {
                    "type": "NotTerm",
                    "operands": [
                        {
                            "type": "FeatureTerm",
                            "operands": [
                                "_r_23_24_26"
                            ]
                        }
                    ]
                }
            ]
        },
        "Constraint 8": {
            "type": "ImpliesTerm",
            "operands": [
                {
                    "type": "FeatureTerm",
                    "operands": [
                        "_r_14_15_16"
                    ]
                },
                {
                    "type": "NotTerm",
                    "operands": [
                        {
                            "type": "FeatureTerm",
                            "operands": [
                                "_r_23_24_28"
                            ]
                        }
                    ]
                }
            ]
        },
        "Constraint 9": {
            "type": "ImpliesTerm",
            "operands": [
                {
                    "type": "FeatureTerm",
                    "operands": [
                        "_r_14_15_21"
                    ]
                },
                {
                    "type": "NotTerm",
                    "operands": [
                        {
                            "type": "FeatureTerm",
                            "operands": [
                                "_r_23_24_25"
                            ]
                        }
                    ]
                }
            ]
        },
        "Constraint 10": {
            "type": "ImpliesTerm",
            "operands": [
                {
                    "type": "FeatureTerm",
                    "operands": [
                        "_r_1_2_5"
                    ]
                },
                {
                    "type": "NotTerm",
                    "operands": [
                        {
                            "type": "FeatureTerm",
                            "operands": [
                                "_r_7_8_9"
                            ]
                        }
                    ]
                }
            ]
        },
        "Constraint 11": {
            "type": "ImpliesTerm",
            "operands": [
                {
                    "type": "FeatureTerm",
                    "operands": [
                        "_r_14_15_21"
                    ]
                },
                {
                    "type": "NotTerm",
                    "operands": [
                        {
                            "type": "FeatureTerm",
                            "operands": [
                                "_r_23_24_26"
                            ]
                        }
                    ]
                }
            ]
        },
        "Constraint 12": {
            "type": "ImpliesTerm",
            "operands": [
                {
                    "type": "FeatureTerm",
                    "operands": [
                        "_r_1_2_6"
                    ]
                },
                {
                    "type": "NotTerm",
                    "operands": [
                        {
                            "type": "FeatureTerm",
                            "operands": [
                                "_r_7_8_9"
                            ]
                        }
                    ]
                }
            ]
        },
        "Constraint 13": {
            "type": "ImpliesTerm",
            "operands": [
                {
                    "type": "FeatureTerm",
                    "operands": [
                        "_r_14_15_22"
                    ]
                },
                {
                    "type": "NotTerm",
                    "operands": [
                        {
                            "type": "FeatureTerm",
                            "operands": [
                                "_r_23_24_25"
                            ]
                        }
                    ]
                }
            ]
        },
        "Constraint 14": {
            "type": "ImpliesTerm",
            "operands": [
                {
                    "type": "FeatureTerm",
                    "operands": [
                        "_r_14_15_22"
                    ]
                },
                {
                    "type": "NotTerm",
                    "operands": [
                        {
                            "type": "FeatureTerm",
                            "operands": [
                                "_r_23_24_26"
                            ]
                        }
                    ]
                }
            ]
        },
        "Constraint 15": {
            "type": "ImpliesTerm",
            "operands": [
                {
                    "type": "FeatureTerm",
                    "operands": [
                        "_r_1_2_3"
                    ]
                },
                {
                    "type": "FeatureTerm",
                    "operands": [
                        "_r_7_8_9"
                    ]
                }
            ]
        },
        "Constraint 16": {
            "type": "ImpliesTerm",
            "operands": [
                {
                    "type": "FeatureTerm",
                    "operands": [
                        "_r_1_2_4"
                    ]
                },
                {
                    "type": "NotTerm",
                    "operands": [
                        {
                            "type": "FeatureTerm",
                            "operands": [
                                "_r_7_8_9"
                            ]
                        }
                    ]
                }
            ]
        }
    }
}