{
    "id": "FM__r",
    "name": "FM__r",
    "features": {
        "_r": {
            "name": "_r",
            "optional": true,
            "type": "FEATURE",
            "note": ""
        },
        "_r_2": {
            "name": "_r_2",
            "optional": false,
            "type": "FEATURE",
            "note": ""
        },
        "_r_2_11": {
            "name": "_r_2_11",
            "optional": false,
            "type": "XOR",
            "note": ""
        },
        "_r_2_11_71_72": {
            "name": "_r_2_11_71_72",
            "optional": true,
            "type": "FEATURE",
            "note": ""
        },
        "_r_2_11_71_73": {
            "name": "_r_2_11_71_73",
            "optional": true,
            "type": "FEATURE",
            "note": ""
        },
        "_r_2_12": {
            "name": "_r_2_12",
            "optional": false,
            "type": "FEATURE",
            "note": ""
        },
        "_r_2_13": {
            "name": "_r_2_13",
            "optional": true,
            "type": "XOR",
            "note": ""
        },
        "_r_2_13_74_75": {
            "name": "_r_2_13_74_75",
            "optional": true,
            "type": "FEATURE",
            "note": ""
        },
        "_r_2_13_74_77": {
            "name": "_r_2_13_74_77",
            "optional": true,
            "type": "FEATURE",
            "note": ""
        },
        "_r_2_14": {
            "name": "_r_2_14",
            "optional": true,
            "type": "FEATURE",
            "note": ""
        },
        "_r_3": {
            "name": "_r_3",
            "optional": false,
            "type": "FEATURE",
            "note": ""
        },
        "_r_3_4": {
            "name": "_r_3_4",
            "optional": false,
            "type": "XOR",
            "note": ""
        },
        "_r_3_4_30_31": {
            "name": "_r_3_4_30_31",
            "optional": true,
            "type": "FEATURE",
            "note": ""
        },
        "_r_3_4_30_32": {
            "name": "_r_3_4_30_32",
            "optional": true,
            "type": "FEATURE",
            "note": ""
        },
        "_r_3_4_30_33": {
            "name": "_r_3_4_30_33",
            "optional": true,
            "type": "FEATURE",
            "note": ""
        },
        "_r_3_5": {
            "name": "_r_3_5",
            "optional": false,
            "type": "OR",
            "note": ""
        },
        "_r_3_5_34_35": {
            "name": "_r_3_5_34_35",
            "optional": true,
            "type": "OR",
            "note": ""
        },
        "_r_3_5_34_35_39_40": {
            "name": "_r_3_5_34_35_39_40",
            "optional": true,
            "type": "FEATURE",
            "note": ""
        },
        "_r_3_5_34_35_39_41": {
            "name": "_r_3_5_34_35_39_41",
            "optional": true,
            "type": "FEATURE",
            "note": ""
        },
        "_r_3_5_34_36": {
            "name": "_r_3_5_34_36",
            "optional": true,
            "type": "OR",
            "note": ""
        },
        "_r_3_5_34_36_46_47": {
            "name": "_r_3_5_34_36_46_47",
            "optional": true,
            "type": "FEATURE",
            "note": ""
        },
        "_r_3_5_34_36_46_48": {
            "name": "_r_3_5_34_36_46_48",
            "optional": true,
            "type": "FEATURE",
            "note": ""
        },
        "_r_3_5_34_36_46_49": {
            "name": "_r_3_5_34_36_46_49",
            "optional": true,
            "type": "FEATURE",
            "note": ""
        },
        "_r_3_6": {
            "name": "_r_3_6",
            "optional": false,
            "type": "OR",
            "note": ""
        },
        "_r_3_6_50_51": {
            "name": "_r_3_6_50_51",
            "optional": true,
            "type": "FEATURE",
            "note": ""
        },
        "_r_3_6_50_52": {
            "name": "_r_3_6_50_52",
            "optional": true,
            "type": "FEATURE",
            "note": ""
        },
        "_r_3_6_50_53": {
            "name": "_r_3_6_50_53",
            "optional": true,
            "type": "FEATURE",
            "note": ""
        },
        "_r_3_7": {
            "name": "_r_3_7",
            "optional": false,
            "type": "XOR",
            "note": ""
        },
        "_r_3_7_54_55": {
            "name": "_r_3_7_54_55",
            "optional": true,
            "type": "FEATURE",
            "note": ""
        },
        "_r_3_7_54_57": {
            "name": "_r_3_7_54_57",
            "optional": true,
            "type": "FEATURE",
            "note": ""
        },
        "_r_3_7_54_58": {
            "name": "_r_3_7_54_58",
            "optional": true,
            "type": "FEATURE",
            "note": ""
        },
        "_r_3_8": {
            "name": "_r_3_8",
            "optional": false,
            "type": "XOR",
            "note": ""
        },
        "_r_3_8_59_60": {
            "name": "_r_3_8_59_60",
            "optional": true,
            "type": "FEATURE",
            "note": ""
        },
        "_r_3_8_59_61": {
            "name": "_r_3_8_59_61",
            "optional": true,
            "type": "FEATURE",
            "note": ""
        },
        "_r_3_9": {
            "name": "_r_3_9",
            "optional": true,
            "type": "XOR",
            "note": ""
        },
        "_r_3_9_64_65": {
            "name": "_r_3_9_64_65",
            "optional": true,
            "type": "FEATURE",
            "note": ""
        },
        "_r_3_9_64_66": {
            "name": "_r_3_9_64_66",
            "optional": true,
            "type": "FEATURE",
            "note": ""
        },
        "_r_3_9_64_67": {
            "name": "_r_3_9_64_67",
            "optional": true,
            "type": "FEATURE",
            "note": ""
        }
    },
    "tree": {
        "id": "_r",
        "children": [
            {
                "id": "_r_2",
                "children": [
                    {
                        "id": "_r_2_11",
                        "children": [
                            {
                                "id": "_r_2_11_71_72"
                            },
                            {
                                "id": "_r_2_11_71_73"
                            }
                        ]
                    },
                    {
                        "id": "_r_2_12"
                    },
                    {
                        "id": "_r_2_13",
                        "children": [
                            {
                                "id": "_r_2_13_74_75"
                            },
                            {
                                "id": "_r_2_13_74_77"
                            }
                        ]
                    },
                    {
                        "id": "_r_2_14"
                    }
                ]
            },
            {
                "id": "_r_3",
                "children": [
                    {
                        "id": "_r_3_4",
                        "children": [
                            {
                                "id": "_r_3_4_30_31"
                            },
                            {
                                "id": "_r_3_4_30_32"
                            },
                            {
                                "id": "_r_3_4_30_33"
                            }
                        ]
                    },
                    {
                        "id": "_r_3_5",
                        "children": [
                            {
                                "id": "_r_3_5_34_35",
                                "children": [
                                    {
                                        "id": "_r_3_5_34_35_39_40"
                                    },
                                    {
                                        "id": "_r_3_5_34_35_39_41"
                                    }
                                ]
                            },
                            {
                                "id": "_r_3_5_34_36",
                                "children": [
                                    {
                                        "id": "_r_3_5_34_36_46_47"
                                    },
                                    {
                                        "id": "_r_3_5_34_36_46_48"
                                    },
                                    {
                                        "id": "_r_3_5_34_36_46_49"
                                    }
                                ]
                            }
                        ]
                    },
                    {
                        "id": "_r_3_6",
                        "children": [
                            {
                                "id": "_r_3_6_50_51"
                            },
                            {
                                "id": "_r_3_6_50_52"
                            },
                            {
                                "id": "_r_3_6_50_53"
                            }
                        ]
                    },
                    {
                        "id": "_r_3_7",
                        "children": [
                            {
                                "id": "_r_3_7_54_55"
                            },
                            {
                                "id": "_r_3_7_54_57"
                            },
                            {
                                "id": "_r_3_7_54_58"
                            }
                        ]
                    },
                    {
                        "id": "_r_3_8",
                        "children": [
                            {
                                "id": "_r_3_8_59_60"
                            },
                            {
                                "id": "_r_3_8_59_61"
                            }
                        ]
                    },
                    {
                        "id": "_r_3_9",
                        "children": [
                            {
                                "id": "_r_3_9_64_65"
                            },
                            {
                                "id": "_r_3_9_64_66"
                            },
                            {
                                "id": "_r_3_9_64_67"
                            }
                        ]
                    }
                ]
            }
        ]
    },
    "constraints": {}
}