{
    "id": "FM__r",
    "name": "FM__r",
    "features": {
        "_r": {
            "name": "_r",
            "optional": true,
            "type": "FEATURE",
            "note": ""
        },
        "_r_1": {
            "name": "_r_1",
            "optional": false,
            "type": "XOR",
            "note": ""
        },
        "_r_11": {
            "name": "_r_11",
            "optional": false,
            "type": "XOR",
            "note": ""
        },
        "_r_11_12_13": {
            "name": "_r_11_12_13",
            "optional": true,
            "type": "FEATURE",
            "note": ""
        },
        "_r_11_12_15": {
            "name": "_r_11_12_15",
            "optional": true,
            "type": "FEATURE",
            "note": ""
        },
        "_r_11_12_53": {
            "name": "_r_11_12_53",
            "optional": true,
            "type": "FEATURE",
            "note": ""
        },
        "_r_16": {
            "name": "_r_16",
            "optional": false,
            "type": "XOR",
            "note": ""
        },
        "_r_16_17_18": {
            "name": "_r_16_17_18",
            "optional": true,
            "type": "FEATURE",
            "note": ""
        },
        "_r_16_17_19": {
            "name": "_r_16_17_19",
            "optional": true,
            "type": "FEATURE",
            "note": ""
        },
        "_r_16_17_20": {
            "name": "_r_16_17_20",
            "optional": true,
            "type": "FEATURE",
            "note": ""
        },
        "_r_16_17_21": {
            "name": "_r_16_17_21",
            "optional": true,
            "type": "FEATURE",
            "note": ""
        },
        "_r_16_17_24": {
            "name": "_r_16_17_24",
            "optional": true,
            "type": "FEATURE",
            "note": ""
        },
        "_r_16_17_25": {
            "name": "_r_16_17_25",
            "optional": true,
            "type": "FEATURE",
            "note": ""
        },
        "_r_16_17_26": {
            "name": "_r_16_17_26",
            "optional": true,
            "type": "FEATURE",
            "note": ""
        },
        "_r_16_17_27": {
            "name": "_r_16_17_27",
            "optional": true,
            "type": "FEATURE",
            "note": ""
        },
        "_r_16_17_45": {
            "name": "_r_16_17_45",
            "optional": true,
            "type": "FEATURE",
            "note": ""
        },
        "_r_16_17_46": {
            "name": "_r_16_17_46",
            "optional": true,
            "type": "FEATURE",
            "note": ""
        },
        "_r_16_17_47": {
            "name": "_r_16_17_47",
            "optional": true,
            "type": "FEATURE",
            "note": ""
        },
        "_r_16_17_48": {
            "name": "_r_16_17_48",
            "optional": true,
            "type": "FEATURE",
            "note": ""
        },
        "_r_16_17_49": {
            "name": "_r_16_17_49",
            "optional": true,
            "type": "FEATURE",
            "note": ""
        },
        "_r_16_17_50": {
            "name": "_r_16_17_50",
            "optional": true,
            "type": "FEATURE",
            "note": ""
        },
        "_r_16_17_51": {
            "name": "_r_16_17_51",
            "optional": true,
            "type": "FEATURE",
            "note": ""
        },
        "_r_16_17_52": {
            "name": "_r_16_17_52",
            "optional": true,
            "type": "FEATURE",
            "note": ""
        },
        "_r_1_6_22": {
            "name": "_r_1_6_22",
            "optional": true,
            "type": "FEATURE",
            "note": ""
        },
        "_r_1_6_23": {
            "name": "_r_1_6_23",
            "optional": true,
            "type": "FEATURE",
            "note": ""
        },
        "_r_1_6_44": {
            "name": "_r_1_6_44",
            "optional": true,
            "type": "FEATURE",
            "note": ""
        },
        "_r_1_6_7": {
            "name": "_r_1_6_7",
            "optional": true,
            "type": "FEATURE",
            "note": ""
        },
        "_r_1_6_8": {
            "name": "_r_1_6_8",
            "optional": true,
            "type": "FEATURE",
            "note": ""
        },
        "_r_1_6_9": {
            "name": "_r_1_6_9",
            "optional": true,
            "type": "FEATURE",
            "note": ""
        },
        "_r_28": {
            "name": "_r_28",
            "optional": false,
            "type": "XOR",
            "note": ""
        },
        "_r_28_29_30": {
            "name": "_r_28_29_30",
            "optional": true,
            "type": "FEATURE",
            "note": ""
        },
        "_r_28_29_31": {
            "name": "_r_28_29_31",
            "optional": true,
            "type": "FEATURE",
            "note": ""
        },
        "_r_28_29_32": {
            "name": "_r_28_29_32",
            "optional": true,
            "type": "FEATURE",
            "note": ""
        },
        "_r_33": {
            "name": "_r_33",
            "optional": false,
            "type": "XOR",
            "note": ""
        },
        "_r_33_34_35": {
            "name": "_r_33_34_35",
            "optional": true,
            "type": "FEATURE",
            "note": ""
        },
        "_r_33_34_36": {
            "name": "_r_33_34_36",
            "optional": true,
            "type": "FEATURE",
            "note": ""
        },
        "_r_33_34_37": {
            "name": "_r_33_34_37",
            "optional": true,
            "type": "FEATURE",
            "note": ""
        },
        "_r_33_34_38": {
            "name": "_r_33_34_38",
            "optional": true,
            "type": "FEATURE",
            "note": ""
        },
        "_r_39": {
            "name": "_r_39",
            "optional": false,
            "type": "XOR",
            "note": ""
        },
        "_r_39_41_42": {
            "name": "_r_39_41_42",
            "optional": true,
            "type": "FEATURE",
            "note": ""
        },
        "_r_39_41_43": {
            "name": "_r_39_41_43",
            "optional": true,
            "type": "FEATURE",
            "note": ""
        }
    },
    "tree": {
        "id": "_r",
        "children": [
            {
                "id": "_r_1",
                "children": [
                    {
                        "id": "_r_1_6_22"
                    },
                    {
                        "id": "_r_1_6_23"
                    },
                    {
                        "id": "_r_1_6_44"
                    },
                    {
                        "id": "_r_1_6_7"
                    },
                    {
                        "id": "_r_1_6_8"
                    },
                    {
                        "id": "_r_1_6_9"
                    }
                ]
            },
            {
                "id": "_r_11",
                "children": [
                    {
                        "id": "_r_11_12_13"
                    },
                    {
                        "id": "_r_11_12_15"
                    },
                    {
                        "id": "_r_11_12_53"
                    }
                ]
            },
            {
                "id": "_r_16",
                "children": [
                    {
                        "id": "_r_16_17_18"
                    },
                    {
                        "id": "_r_16_17_19"
                    },
                    {
                        "id": "_r_16_17_20"
                    },
                    {
                        "id": "_r_16_17_21"
                    },
                    {
                        "id": "_r_16_17_24"
                    },
                    {
                        "id": "_r_16_17_25"
                    },
                    {
                        "id": "_r_16_17_26"
                    },
                    {
                        "id": "_r_16_17_27"
                    },
                    {
                        "id": "_r_16_17_45"
                    },
                    {
                        "id": "_r_16_17_46"
                    },
                    {
                        "id": "_r_16_17_47"
                    },
                    {
                        "id": "_r_16_17_48"
                    },
                    {
                        "id": "_r_16_17_49"
                    },
                    {
                        "id": "_r_16_17_50"
                    },
                    {
                        "id": "_r_16_17_51"
                    },
                    {
                        "id": "_r_16_17_52"
                    }
                ]
            },
            {
                "id": "_r_28",
                "children": [
                    {
                        "id": "_r_28_29_30"
                    },
                    {
                        "id": "_r_28_29_31"
                    },
                    {
                        "id": "_r_28_29_32"
                    }
                ]
            },
            {
                "id": "_r_33",
                "children": [
                    {
                        "id": "_r_33_34_35"
                    },
                    {
                        "id": "_r_33_34_36"
                    },
                    {
                        "id": "_r_33_34_37"
                    },
                    {
                        "id": "_r_33_34_38"
                    }
                ]
            },
            {
                "id": "_r_39",
                "children": [
                    {
                        "id": "_r_39_41_42"
                    },
                    {
                        "id": "_r_39_41_43"
                    }
                ]
            }
        ]
    },
    "constraints": {}
}