{
    "id": "FM__r0",
    "name": "FM__r0",
    "features": {
        "_r0": {
            "name": "_r0",
            "optional": true,
            "type": "FEATURE",
            "note": ""
        },
        "_r1": {
            "name": "_r1",
            "optional": false,
            "type": "FEATURE",
            "note": ""
        },
        "_r10": {
            "name": "_r10",
            "optional": true,
            "type": "FEATURE",
            "note": ""
        },
        "_r11": {
            "name": "_r11",
            "optional": true,
            "type": "FEATURE",
            "note": ""
        },
        "_r12": {
            "name": "_r12",
            "optional": true,
            "type": "FEATURE",
            "note": ""
        },
        "_r13": {
            "name": "_r13",
            "optional": true,
            "type": "FEATURE",
            "note": ""
        },
        "_r14": {
            "name": "_r14",
            "optional": true,
            "type": "FEATURE",
            "note": ""
        },
        "_r15": {
            "name": "_r15",
            "optional": true,
            "type": "XOR",
            "note": ""
        },
        "_r16": {
            "name": "_r16",
            "optional": true,
            "type": "FEATURE",
            "note": ""
        },
        "_r17": {
            "name": "_r17",
            "optional": true,
            "type": "XOR",
            "note": ""
        },
        "_r18": {
            "name": "_r18",
            "optional": true,
            "type": "FEATURE",
            "note": ""
        },
        "_r19": {
            "name": "_r19",
            "optional": true,
            "type": "FEATURE",
            "note": ""
        },
        "_r2": {
            "name": "_r2",
            "optional": false,
            "type": "FEATURE",
            "note": ""
        },
        "_r20": {
            "name": "_r20",
            "optional": true,
            "type": "FEATURE",
            "note": ""
        },
        "_r21": {
            "name": "_r21",
            "optional": true,
            "type": "XOR",
            "note": ""
        },
        "_r22": {
            "name": "_r22",
            "optional": true,
            "type": "FEATURE",
            "note": ""
        },
        "_r23": {
            "name": "_r23",
            "optional": true,
            "type": "FEATURE",
            "note": ""
        },
        "_r24": {
            "name": "_r24",
            "optional": true,
            "type": "FEATURE",
            "note": ""
        },
        "_r25": {
            "name": "_r25",
            "optional": false,
            "type": "XOR",
            "note": ""
        },
        "_r26": {
            "name": "_r26",
            "optional": true,
            "type": "FEATURE",
            "note": ""
        },
        "_r27": {
            "name": "_r27",
            "optional": true,
            "type": "FEATURE",
            "note": ""
        },
        "_r28": {
            "name": "_r28",
            "optional": true,
            "type": "FEATURE",
            "note": ""
        },
        "_r29": {
            "name": "_r29",
            "optional": true,
            "type": "FEATURE",
            "note": ""
        },
        "_r3": {
            "name": "_r3",
            "optional": true,
            "type": "FEATURE",
            "note": ""
        },
        "_r30": {
            "name": "_r30",
            "optional": true,
            "type": "FEATURE",
            "note": ""
        },
        "_r31": {
            "name": "_r31",
            "optional": false,
            "type": "XOR",
            "note": ""
        },
        "_r32": {
            "name": "_r32",
            "optional": true,
            "type": "FEATURE",
            "note": ""
        },
        "_r33": {
            "name": "_r33",
            "optional": true,
            "type": "FEATURE",
            "note": ""
        },
        "_r34": {
            "name": "_r34",
            "optional": true,
            "type": "FEATURE",
            "note": ""
        },
        "_r35": {
            "name": "_r35",
            "optional": true,
            "type": "FEATURE",
            "note": ""
        },
        "_r36": {
            "name": "_r36",
            "optional": true,
            "type": "FEATURE",
            "note": ""
        },
        "_r37": {
            "name": "_r37",
            "optional": true,
            "type": "FEATURE",
            "note": ""
        },
        "_r38": {
            "name": "_r38",
            "optional": true,
            "type": "FEATURE",
            "note": ""
        },
        "_r39": {
            "name": "_r39",
            "optional": true,
            "type": "FEATURE",
            "note": ""
        },
        "_r4": {
            "name": "_r4",
            "optional": true,
            "type": "FEATURE",
            "note": ""
        },
        "_r40": {
            "name": "_r40",
            "optional": true,
            "type": "FEATURE",
            "note": ""
        },
        "_r41": {
            "name": "_r41",
            "optional": true,
            "type": "FEATURE",
            "note": ""
        },
        "_r42": {
            "name": "_r42",
            "optional": true,
            "type": "FEATURE",
            "note": ""
        },
        "_r43": {
            "name": "_r43",
            "optional": true,
            "type": "FEATURE",
            "note": ""
        },
        "_r44": {
            "name": "_r44",
            "optional": false,
            "type": "FEATURE",
            "note": ""
        },
        "_r45": {
            "name": "_r45",
            "optional": false,
            "type": "FEATURE",
            "note": ""
        },
        "_r46": {
            "name": "_r46",
            "optional": false,
            "type": "FEATURE",
            "note": ""
        },
        "_r47": {
            "name": "_r47",
            "optional": false,
            "type": "FEATURE",
            "note": ""
        },
        "_r48": {
            "name": "_r48",
            "optional": false,
            "type": "FEATURE",
            "note": ""
        },
        "_r49": {
            "name": "_r49",
            "optional": false,
            "type": "FEATURE",
            "note": ""
        },
        "_r5": {
            "name": "_r5",
            "optional": true,
            "type": "XOR",
            "note": ""
        },
        "_r50": {
            "name": "_r50",
            "optional": false,
            "type": "FEATURE",
            "note": ""
        },
        "_r51": {
            "name": "_r51",
            "optional": false,
            "type": "FEATURE",
            "note": ""
        },
        "_r52": {
            "name": "_r52",
            "optional": false,
            "type": "FEATURE",
            "note": ""
        },
        "_r53": {
            "name": "_r53",
            "optional": false,
            "type": "FEATURE",
            "note": ""
        },
        "_r54": {
            "name": "_r54",
            "optional": false,
            "type": "FEATURE",
            "note": ""
        },
        "_r55": {
            "name": "_r55",
            "optional": false,
            "type": "FEATURE",
            "note": ""
        },
        "_r56": {
            "name": "_r56",
            "optional": false,
            "type": "FEATURE",
            "note": ""
        },
        "_r57": {
            "name": "_r57",
            "optional": false,
            "type": "FEATURE",
            "note": ""
        },
        "_r58": {
            "name": "_r58",
            "optional": false,
            "type": "FEATURE",
            "note": ""
        },
        "_r59": {
            "name": "_r59",
            "optional": false,
            "type": "FEATURE",
            "note": ""
        },
        "_r6": {
            "name": "_r6",
            "optional": true,
            "type": "FEATURE",
            "note": ""
        },
        "_r60": {
            "name": "_r60",
            "optional": false,
            "type": "FEATURE",
            "note": ""
        },
        "_r61": {
            "name": "_r61",
            "optional": false,
            "type": "FEATURE",
            "note": ""
        },
        "_r62": {
            "name": "_r62",
            "optional": false,
            "type": "FEATURE",
            "note": ""
        },
        "_r63": {
            "name": "_r63",
            "optional": false,
            "type": "FEATURE",
            "note": ""
        },
        "_r64": {
            "name": "_r64",
            "optional": false,
            "type": "FEATURE",
            "note": ""
        },
        "_r65": {
            "name": "_r65",
            "optional": true,
            "type": "FEATURE",
            "note": ""
        },
        "_r66": {
            "name": "_r66",
            "optional": true,
            "type": "FEATURE",
            "note": ""
        },
        "_r67": {
            "name": "_r67",
            "optional": true,
            "type": "FEATURE",
            "note": ""
        },
        "_r68": {
            "name": "_r68",
            "optional": true,
            "type": "FEATURE",
            "note": ""
        },
        "_r69": {
            "name": "_r69",
            "optional": true,
            "type": "FEATURE",
            "note": ""
        },
        "_r7": {
            "name": "_r7",
            "optional": true,
            "type": "FEATURE",
            "note": ""
        },
        "_r70": {
            "name": "_r70",
            "optional": false,
            "type": "FEATURE",
            "note": ""
        },
        "_r71": {
            "name": "_r71",
            "optional": false,
            "type": "FEATURE",
            "note": ""
        },
        "_r72": {
            "name": "_r72",
            "optional": false,
            "type": "FEATURE",
            "note": ""
        },
        "_r73": {
            "name": "_r73",
            "optional": false,
            "type": "FEATURE",
            "note": ""
        },
        "_r74": {
            "name": "_r74",
            "optional": false,
            "type": "FEATURE",
            "note": ""
        },
        "_r75": {
            "name": "_r75",
            "optional": true,
            "type": "FEATURE",
            "note": ""
        },
        "_r76": {
            "name": "_r76",
            "optional": true,
            "type": "FEATURE",
            "note": ""
        },
        "_r77": {
            "name": "_r77",
            "optional": true,
            "type": "FEATURE",
            "note": ""
        },
        "_r78": {
            "name": "_r78",
            "optional": false,
            "type": "FEATURE",
            "note": ""
        },
        "_r79": {
            "name": "_r79",
            "optional": false,
            "type": "XOR",
            "note": ""
        },
        "_r8": {
            "name": "_r8",
            "optional": true,
            "type": "FEATURE",
            "note": ""
        },
        "_r80": {
            "name": "_r80",
            "optional": true,
            "type": "FEATURE",
            "note": ""
        },
        "_r81": {
            "name": "_r81",
            "optional": true,
            "type": "FEATURE",
            "note": ""
        },
        "_r82": {
            "name": "_r82",
            "optional": true,
            "type": "FEATURE",
            "note": ""
        },
        "_r9": {
            "name": "_r9",
            "optional": true,
            "type": "XOR",
            "note": ""
        }
    },
    "tree": {
        "id": "_r0",
        "children": [
            {
                "id": "_r1",
                "children": [
                    {
                        "id": "_r2",
                        "children": [
                            {
                                "id": "_r14",
                                "children": [
                                    {
                                        "id": "_r15",
                                        "children": [
                                            {
                                                "id": "_r16"
                                            },
                                            {
                                                "id": "_r17",
                                                "children": [
                                                    {
                                                        "id": "_r18"
                                                    },
                                                    {
                                                        "id": "_r19"
                                                    },
                                                    {
                                                        "id": "_r20"
                                                    },
                                                    {
                                                        "id": "_r21",
                                                        "children": [
                                                            {
                                                                "id": "_r22"
                                                            },
                                                            {
                                                                "id": "_r23"
                                                            },
                                                            {
                                                                "id": "_r24"
                                                            }
                                                        ]
                                                    },
                                                    {
                                                        "id": "_r25",
                                                        "children": [
                                                            {
                                                                "id": "_r26"
                                                            },
                                                            {
                                                                "id": "_r27"
                                                            },
                                                            {
                                                                "id": "_r28"
                                                            },
                                                            {
                                                                "id": "_r29"
                                                            },
                                                            {
                                                                "id": "_r30"
                                                            }
                                                        ]
                                                    },
                                                    {
                                                        "id": "_r31",
                                                        "children": [
                                                            {
                                                                "id": "_r32"
                                                            },
                                                            {
                                                                "id": "_r33"
                                                            },
                                                            {
                                                                "id": "_r34"
                                                            },
                                                            {
                                                                "id": "_r35"
                                                            },
                                                            {
                                                                "id": "_r36"
                                                            },
                                                            {
                                                                "id": "_r37"
                                                            },
                                                            {
                                                                "id": "_r38"
                                                            },
                                                            {
                                                                "id": "_r39"
                                                            },
                                                            {
                                                                "id": "_r40"
                                                            },
                                                            {
                                                                "id": "_r41"
                                                            },
                                                            {
                                                                "id": "_r42"
                                                            }
                                                        ]
                                                    },
                                                    {
                                                        "id": "_r43"
                                                    }
                                                ]
                                            }
                                        ]
                                    }
                                ]
                            },
                            {
                                "id": "_r3",
                                "children": [
                                    {
                                        "id": "_r4"
                                    }
                                ]
                            },
                            {
                                "id": "_r44",
                                "children": [
                                    {
                                        "id": "_r45",
                                        "children": [
                                            {
                                                "id": "_r46"
                                            }
                                        ]
                                    },
                                    {
                                        "id": "_r47",
                                        "children": [
                                            {
                                                "id": "_r48"
                                            }
                                        ]
                                    },
                                    {
                                        "id": "_r49",
                                        "children": [
                                            {
                                                "id": "_r50"
                                            }
                                        ]
                                    },
                                    {
                                        "id": "_r51",
                                        "children": [
                                            {
                                                "id": "_r52"
                                            }
                                        ]
                                    },
                                    {
                                        "id": "_r53",
                                        "children": [
                                            {
                                                "id": "_r54"
                                            },
                                            {
                                                "id": "_r55"
                                            }
                                        ]
                                    },
                                    {
                                        "id": "_r56",
                                        "children": [
                                            {
                                                "id": "_r57"
                                            },
                                            {
                                                "id": "_r58"
                                            }
                                        ]
                                    },
                                    {
                                        "id": "_r59",
                                        "children": [
                                            {
                                                "id": "_r60"
                                            },
                                            {
                                                "id": "_r61"
                                            }
                                        ]
                                    },
                                    {
                                        "id": "_r62",
                                        "children": [
                                            {
                                                "id": "_r63"
                                            },
                                            {
                                                "id": "_r64"
                                            }
                                        ]
                                    }
                                ]
                            },
                            {
                                "id": "_r5",
                                "children": [
                                    {
                                        "id": "_r6"
                                    },
                                    {
                                        "id": "_r7"
                                    },
                                    {
                                        "id": "_r8"
                                    }
                                ]
                            },
                            {
                                "id": "_r9",
                                "children": [
                                    {
                                        "id": "_r10"
                                    },
                                    {
                                        "id": "_r11"
                                    },
                                    {
                                        "id": "_r12"
                                    },
                                    {
                                        "id": "_r13"
                                    }
                                ]
                            }
                        ]
                    },
                    {
                        "id": "_r65",
                        "children": [
                            {
                                "id": "_r66",
                                "children": [
                                    {
                                        "id": "_r67",
                                        "children": [
                                            {
                                                "id": "_r68",
                                                "children": [
                                                    {
                                                        "id": "_r69"
                                                    }
                                                ]
                                            }
                                        ]
                                    }
                                ]
                            }
                        ]
                    },
                    {
                        "id": "_r70",
                        "children": [
                            {
                                "id": "_r71",
                                "children": [
                                    {
                                        "id": "_r72",
                                        "children": [
                                            {
                                                "id": "_r73",
                                                "children": [
                                                    {
                                                        "id": "_r74"
                                                    }
                                                ]
                                            },
                                            {
                                                "id": "_r75",
                                                "children": [
                                                    {
                                                        "id": "_r76"
                                                    },
                                                    {
                                                        "id": "_r77"
                                                    }
                                                ]
                                            }
                                        ]
                                    }
                                ]
                            },
                            {
                                "id": "_r78",
                                "children": [
                                    {
                                        "id": "_r79",
                                        "children": [
                                            {
                                                "id": "_r80"
                                            },
                                            {
                                                "id": "_r81"
                                            },
                                            {
                                                "id": "_r82"
                                            }
                                        ]
                                    }
                                ]
                            }
                        ]
                    }
                ]
            }
        ]
    },
    "constraints": {}
}