{
    "id": "FM__r",
    "name": "FM__r",
    "features": {
        "_r": {
            "name": "_r",
            "optional": true,
            "type": "FEATURE",
            "note": ""
        },
        "_r_1": {
            "name": "_r_1",
            "optional": false,
            "type": "FEATURE",
            "note": ""
        },
        "_r_1_24": {
            "name": "_r_1_24",
            "optional": false,
            "type": "FEATURE",
            "note": ""
        },
        "_r_1_24_25": {
            "name": "_r_1_24_25",
            "optional": false,
            "type": "FEATURE",
            "note": ""
        },
        "_r_1_24_25_26": {
            "name": "_r_1_24_25_26",
            "optional": false,
            "type": "FEATURE",
            "note": ""
        },
        "_r_1_24_25_28": {
            "name": "_r_1_24_25_28",
            "optional": true,
            "type": "FEATURE",
            "note": ""
        },
        "_r_1_24_29": {
            "name": "_r_1_24_29",
            "optional": false,
            "type": "FEATURE",
            "note": ""
        },
        "_r_1_24_29_30": {
            "name": "_r_1_24_29_30",
            "optional": false,
            "type": "FEATURE",
            "note": ""
        },
        "_r_1_24_29_30_31": {
            "name": "_r_1_24_29_30_31",
            "optional": false,
            "type": "FEATURE",
            "note": ""
        },
        "_r_1_24_29_30_32": {
            "name": "_r_1_24_29_30_32",
            "optional": true,
            "type": "FEATURE",
            "note": ""
        },
        "_r_1_24_29_30_33": {
            "name": "_r_1_24_29_30_33",
            "optional": true,
            "type": "FEATURE",
            "note": ""
        },
        "_r_1_24_29_34": {
            "name": "_r_1_24_29_34",
            "optional": false,
            "type": "FEATURE",
            "note": ""
        },
        "_r_1_24_29_34_35": {
            "name": "_r_1_24_29_34_35",
            "optional": false,
            "type": "FEATURE",
            "note": ""
        },
        "_r_1_24_29_34_37": {
            "name": "_r_1_24_29_34_37",
            "optional": true,
            "type": "FEATURE",
            "note": ""
        },
        "_r_1_24_29_34_38": {
            "name": "_r_1_24_29_34_38",
            "optional": true,
            "type": "FEATURE",
            "note": ""
        },
        "_r_1_24_29_39": {
            "name": "_r_1_24_29_39",
            "optional": false,
            "type": "FEATURE",
            "note": ""
        },
        "_r_1_24_29_39_40": {
            "name": "_r_1_24_29_39_40",
            "optional": false,
            "type": "FEATURE",
            "note": ""
        },
        "_r_1_3": {
            "name": "_r_1_3",
            "optional": false,
            "type": "FEATURE",
            "note": ""
        },
        "_r_1_3_15": {
            "name": "_r_1_3_15",
            "optional": false,
            "type": "FEATURE",
            "note": ""
        },
        "_r_1_3_15_16": {
            "name": "_r_1_3_15_16",
            "optional": false,
            "type": "FEATURE",
            "note": ""
        },
        "_r_1_3_15_17": {
            "name": "_r_1_3_15_17",
            "optional": false,
            "type": "FEATURE",
            "note": ""
        },
        "_r_1_3_15_18": {
            "name": "_r_1_3_15_18",
            "optional": false,
            "type": "FEATURE",
            "note": ""
        },
        "_r_1_3_15_19": {
            "name": "_r_1_3_15_19",
            "optional": true,
            "type": "FEATURE",
            "note": ""
        },
        "_r_1_3_20": {
            "name": "_r_1_3_20",
            "optional": false,
            "type": "FEATURE",
            "note": ""
        },
        "_r_1_3_20_21": {
            "name": "_r_1_3_20_21",
            "optional": true,
            "type": "FEATURE",
            "note": ""
        },
        "_r_1_3_20_22": {
            "name": "_r_1_3_20_22",
            "optional": true,
            "type": "FEATURE",
            "note": ""
        },
        "_r_1_3_20_23": {
            "name": "_r_1_3_20_23",
            "optional": true,
            "type": "FEATURE",
            "note": ""
        },
        "_r_1_3_4": {
            "name": "_r_1_3_4",
            "optional": false,
            "type": "FEATURE",
            "note": ""
        },
        "_r_1_3_4_11": {
            "name": "_r_1_3_4_11",
            "optional": false,
            "type": "FEATURE",
            "note": ""
        },
        "_r_1_3_4_11_12": {
            "name": "_r_1_3_4_11_12",
            "optional": false,
            "type": "FEATURE",
            "note": ""
        },
        "_r_1_3_4_11_13": {
            "name": "_r_1_3_4_11_13",
            "optional": true,
            "type": "FEATURE",
            "note": ""
        },
        "_r_1_3_4_5": {
            "name": "_r_1_3_4_5",
            "optional": false,
            "type": "FEATURE",
            "note": ""
        },
        "_r_1_3_4_5_7": {
            "name": "_r_1_3_4_5_7",
            "optional": false,
            "type": "FEATURE",
            "note": ""
        },
        "_r_1_3_4_5_7_14": {
            "name": "_r_1_3_4_5_7_14",
            "optional": false,
            "type": "FEATURE",
            "note": ""
        },
        "_r_1_3_4_6": {
            "name": "_r_1_3_4_6",
            "optional": false,
            "type": "FEATURE",
            "note": ""
        },
        "_r_1_3_4_6_8": {
            "name": "_r_1_3_4_6_8",
            "optional": false,
            "type": "FEATURE",
            "note": ""
        },
        "_r_1_3_4_6_8_10": {
            "name": "_r_1_3_4_6_8_10",
            "optional": true,
            "type": "FEATURE",
            "note": ""
        },
        "_r_1_3_4_6_8_9": {
            "name": "_r_1_3_4_6_8_9",
            "optional": false,
            "type": "FEATURE",
            "note": ""
        },
        "_r_2": {
            "name": "_r_2",
            "optional": false,
            "type": "FEATURE",
            "note": ""
        },
        "_r_2_41_42": {
            "name": "_r_2_41_42",
            "optional": false,
            "type": "FEATURE",
            "note": ""
        },
        "_r_2_41_42_43": {
            "name": "_r_2_41_42_43",
            "optional": true,
            "type": "FEATURE",
            "note": ""
        },
        "_r_2_41_42_45": {
            "name": "_r_2_41_42_45",
            "optional": true,
            "type": "FEATURE",
            "note": ""
        },
        "_r_2_47_48": {
            "name": "_r_2_47_48",
            "optional": false,
            "type": "FEATURE",
            "note": ""
        },
        "_r_2_47_48_49": {
            "name": "_r_2_47_48_49",
            "optional": true,
            "type": "FEATURE",
            "note": ""
        },
        "_r_2_47_48_50": {
            "name": "_r_2_47_48_50",
            "optional": true,
            "type": "FEATURE",
            "note": ""
        },
        "_r_2_52_53": {
            "name": "_r_2_52_53",
            "optional": false,
            "type": "FEATURE",
            "note": ""
        },
        "_r_2_52_53_55": {
            "name": "_r_2_52_53_55",
            "optional": true,
            "type": "FEATURE",
            "note": ""
        },
        "_r_2_52_53_57": {
            "name": "_r_2_52_53_57",
            "optional": true,
            "type": "FEATURE",
            "note": ""
        },
        "_r_2_58_59": {
            "name": "_r_2_58_59",
            "optional": false,
            "type": "FEATURE",
            "note": ""
        },
        "_r_2_58_59_60": {
            "name": "_r_2_58_59_60",
            "optional": true,
            "type": "FEATURE",
            "note": ""
        },
        "_r_2_58_59_61": {
            "name": "_r_2_58_59_61",
            "optional": true,
            "type": "FEATURE",
            "note": ""
        },
        "_r_2_58_59_62": {
            "name": "_r_2_58_59_62",
            "optional": true,
            "type": "FEATURE",
            "note": ""
        }
    },
    "tree": {
        "id": "_r",
        "children": [
            {
                "id": "_r_1",
                "children": [
                    {
                        "id": "_r_1_24",
                        "children": [
                            {
                                "id": "_r_1_24_25",
                                "children": [
                                    {
                                        "id": "_r_1_24_25_26"
                                    },
                                    {
                                        "id": "_r_1_24_25_28"
                                    }
                                ]
                            },
                            {
                                "id": "_r_1_24_29",
                                "children": [
                                    {
                                        "id": "_r_1_24_29_30",
                                        "children": [
                                            {
                                                "id": "_r_1_24_29_30_31"
                                            },
                                            {
                                                "id": "_r_1_24_29_30_32"
                                            },
                                            {
                                                "id": "_r_1_24_29_30_33"
                                            }
                                        ]
                                    },
                                    {
                                        "id": "_r_1_24_29_34",
                                        "children": [
                                            {
                                                "id": "_r_1_24_29_34_35"
                                            },
                                            {
                                                "id": "_r_1_24_29_34_37"
                                            },
                                            {
                                                "id": "_r_1_24_29_34_38"
                                            }
                                        ]
                                    },
                                    {
                                        "id": "_r_1_24_29_39",
                                        "children": [
                                            {
                                                "id": "_r_1_24_29_39_40"
                                            }
                                        ]
                                    }
                                ]
                            }
                        ]
                    },
                    {
                        "id": "_r_1_3",
                        "children": [
                            {
                                "id": "_r_1_3_15",
                                "children": [
                                    {
                                        "id": "_r_1_3_15_16"
                                    },
                                    {
                                        "id": "_r_1_3_15_17"
                                    },
                                    {
                                        "id": "_r_1_3_15_18"
                                    },
                                    {
                                        "id": "_r_1_3_15_19"
                                    }
                                ]
                            },
                            {
                                "id": "_r_1_3_20",
                                "children": [
                                    {
                                        "id": "_r_1_3_20_21"
                                    },
                                    {
                                        "id": "_r_1_3_20_22"
                                    },
                                    {
                                        "id": "_r_1_3_20_23"
                                    }
                                ]
                            },
                            {
                                "id": "_r_1_3_4",
                                "children": [
                                    {
                                        "id": "_r_1_3_4_11",
                                        "children": [
                                            {
                                                "id": "_r_1_3_4_11_12"
                                            },
                                            {
                                                "id": "_r_1_3_4_11_13"
                                            }
                                        ]
                                    },
                                    {
                                        "id": "_r_1_3_4_5",
                                        "children": [
                                            {
                                                "id": "_r_1_3_4_5_7",
                                                "children": [
                                                    {
                                                        "id": "_r_1_3_4_5_7_14"
                                                    }
                                                ]
                                            }
                                        ]
                                    },
                                    {
                                        "id": "_r_1_3_4_6",
                                        "children": [
                                            {
                                                "id": "_r_1_3_4_6_8",
                                                "children": [
                                                    {
                                                        "id": "_r_1_3_4_6_8_10"
                                                    },
                                                    {
                                                        "id": "_r_1_3_4_6_8_9"
                                                    }
                                                ]
                                            }
                                        ]
                                    }
                                ]
                            }
                        ]
                    }
                ]
            },
            {
                "id": "_r_2",
                "children": [
                    {
                        "id": "_r_2_41_42",
                        "children": [
                            {
                                "id": "_r_2_41_42_43"
                            },
                            {
                                "id": "_r_2_41_42_45"
                            }
                        ]
                    },
                    {
                        "id": "_r_2_47_48",
                        "children": [
                            {
                                "id": "_r_2_47_48_49"
                            },
                            {
                                "id": "_r_2_47_48_50"
                            }
                        ]
                    },
                    {
                        "id": "_r_2_52_53",
                        "children": [
                            {
                                "id": "_r_2_52_53_55"
                            },
                            {
                                "id": "_r_2_52_53_57"
                            }
                        ]
                    },
                    {
                        "id": "_r_2_58_59",
                        "children": [
                            {
                                "id": "_r_2_58_59_60"
                            },
                            {
                                "id": "_r_2_58_59_61"
                            },
                            {
                                "id": "_r_2_58_59_62"
                            }
                        ]
                    }
                ]
            }
        ]
    },
    "constraints": {
        "Constraint 0": {
            "type": "ImpliesTerm",
            "operands": [
                {
                    "type": "FeatureTerm",
                    "operands": [
                        "_r_1_3_15_16"
                    ]
                },
                {
                    "type": "FeatureTerm",
                    "operands": [
                        "_r_1_24_25_26"
                    ]
                }
            ]
        },
        "Constraint 1": {
            "type": "ImpliesTerm",
            "operands": [
                {
                    "type": "FeatureTerm",
                    "operands": [
                        "_r_2"
                    ]
                },
                {
                    "type": "FeatureTerm",
                    "operands": [
                        "_r_2_58_59"
                    ]
                }
            ]
        },
        "Constraint 2": {
            "type": "ImpliesTerm",
            "operands": [
                {
                    "type": "FeatureTerm",
                    "operands": [
                        "_r_1_3_15_17"
                    ]
                },
                {
                    "type": "FeatureTerm",
                    "operands": [
                        "_r_1_24_25_26"
                    ]
                }
            ]
        },
        "Constraint 3": {
            "type": "ImpliesTerm",
            "operands": [
                {
                    "type": "FeatureTerm",
                    "operands": [
                        "_r_1_3_15_18"
                    ]
                },
                {
                    "type": "FeatureTerm",
                    "operands": [
                        "_r_1_24_25_26"
                    ]
                }
            ]
        }
    }
}