{
    "id": "FM__r",
    "name": "FM__r",
    "features": {
        "_r": {
            "name": "_r",
            "optional": true,
            "type": "FEATURE",
            "note": ""
        },
        "_r_1": {
            "name": "_r_1",
            "optional": false,
            "type": "FEATURE",
            "note": ""
        },
        "_r_1_25": {
            "name": "_r_1_25",
            "optional": false,
            "type": "FEATURE",
            "note": ""
        },
        "_r_1_26": {
            "name": "_r_1_26",
            "optional": true,
            "type": "FEATURE",
            "note": ""
        },
        "_r_1_27": {
            "name": "_r_1_27",
            "optional": true,
            "type": "FEATURE",
            "note": ""
        },
        "_r_2": {
            "name": "_r_2",
            "optional": false,
            "type": "FEATURE",
            "note": ""
        },
        "_r_2_4": {
            "name": "_r_2_4",
            "optional": false,
            "type": "FEATURE",
            "note": ""
        },
        "_r_2_4_23": {
            "name": "_r_2_4_23",
            "optional": false,
            "type": "FEATURE",
            "note": ""
        },
        "_r_2_4_9": {
            "name": "_r_2_4_9",
            "optional": false,
            "type": "FEATURE",
            "note": ""
        },
        "_r_2_5": {
            "name": "_r_2_5",
            "optional": true,
            "type": "FEATURE",
            "note": ""
        },
        "_r_2_6": {
            "name": "_r_2_6",
            "optional": true,
            "type": "FEATURE",
            "note": ""
        },
        "_r_2_6_7": {
            "name": "_r_2_6_7",
            "optional": true,
            "type": "FEATURE",
            "note": ""
        },
        "_r_2_6_8": {
            "name": "_r_2_6_8",
            "optional": true,
            "type": "FEATURE",
            "note": ""
        },
        "_r_3": {
            "name": "_r_3",
            "optional": false,
            "type": "FEATURE",
            "note": ""
        },
        "_r_3_17_18": {
            "name": "_r_3_17_18",
            "optional": false,
            "type": "FEATURE",
            "note": ""
        },
        "_r_3_19_20": {
            "name": "_r_3_19_20",
            "optional": false,
            "type": "FEATURE",
            "note": ""
        }
    },
    "tree": {
        "id": "_r",
        "children": [
            {
                "id": "_r_1",
                "children": [
                    {
                        "id": "_r_1_25"
                    },
                    {
                        "id": "_r_1_26"
                    },
                    {
                        "id": "_r_1_27"
                    }
                ]
            },
            {
                "id": "_r_2",
                "children": [
                    {
                        "id": "_r_2_4",
                        "children": [
                            {
                                "id": "_r_2_4_23"
                            },
                            {
                                "id": "_r_2_4_9"
                            }
                        ]
                    },
                    {
                        "id": "_r_2_5"
                    },
                    {
                        "id": "_r_2_6",
                        "children": [
                            {
                                "id": "_r_2_6_7"
                            },
                            {
                                "id": "_r_2_6_8"
                            }
                        ]
                    }
                ]
            },
            {
                "id": "_r_3",
                "children": [
                    {
                        "id": "_r_3_17_18"
                    },
                    {
                        "id": "_r_3_19_20"
                    }
                ]
            }
        ]
    },
    "constraints": {
        "Constraint 0": {
            "type": "ImpliesTerm",
            "operands": [
                {
                    "type": "FeatureTerm",
                    "operands": [
                        "_r_2_5"
                    ]
                },
                {
                    "type": "FeatureTerm",
                    "operands": [
                        "_r_2_6"
                    ]
                }
            ]
        },
        "Constraint 1": {
            "type": "ImpliesTerm",
            "operands": [
                {
                    "type": "FeatureTerm",
                    "operands": [
                        "_r_3_17_18"
                    ]
                },
                {
                    "type": "FeatureTerm",
                    "operands": [
                        "_r_1_25"
                    ]
                }
            ]
        }
    }
}