{
    "id": "FM__r",
    "name": "FM__r",
    "features": {
        "_r": {
            "name": "_r",
            "optional": true,
            "type": "FEATURE",
            "note": ""
        },
        "_r_1": {
            "name": "_r_1",
            "optional": true,
            "type": "FEATURE",
            "note": ""
        },
        "_r_14": {
            "name": "_r_14",
            "optional": true,
            "type": "FEATURE",
            "note": ""
        },
        "_r_2": {
            "name": "_r_2",
            "optional": false,
            "type": "FEATURE",
            "note": ""
        },
        "_r_2_3": {
            "name": "_r_2_3",
            "optional": false,
            "type": "FEATURE",
            "note": ""
        },
        "_r_2_4": {
            "name": "_r_2_4",
            "optional": true,
            "type": "XOR",
            "note": ""
        },
        "_r_2_4_6_7": {
            "name": "_r_2_4_6_7",
            "optional": true,
            "type": "FEATURE",
            "note": ""
        },
        "_r_2_4_6_8": {
            "name": "_r_2_4_6_8",
            "optional": true,
            "type": "FEATURE",
            "note": ""
        },
        "_r_2_5": {
            "name": "_r_2_5",
            "optional": true,
            "type": "FEATURE",
            "note": ""
        },
        "_r_9": {
            "name": "_r_9",
            "optional": true,
            "type": "OR",
            "note": ""
        },
        "_r_9_10_11": {
            "name": "_r_9_10_11",
            "optional": true,
            "type": "FEATURE",
            "note": ""
        },
        "_r_9_10_12": {
            "name": "_r_9_10_12",
            "optional": true,
            "type": "FEATURE",
            "note": ""
        },
        "_r_9_10_13": {
            "name": "_r_9_10_13",
            "optional": true,
            "type": "FEATURE",
            "note": ""
        }
    },
    "tree": {
        "id": "_r",
        "children": [
            {
                "id": "_r_1"
            },
            {
                "id": "_r_14"
            },
            {
                "id": "_r_2",
                "children": [
                    {
                        "id": "_r_2_3"
                    },
                    {
                        "id": "_r_2_4",
                        "children": [
                            {
                                "id": "_r_2_4_6_7"
                            },
                            {
                                "id": "_r_2_4_6_8"
                            }
                        ]
                    },
                    {
                        "id": "_r_2_5"
                    }
                ]
            },
            {
                "id": "_r_9",
                "children": [
                    {
                        "id": "_r_9_10_11"
                    },
                    {
                        "id": "_r_9_10_12"
                    },
                    {
                        "id": "_r_9_10_13"
                    }
                ]
            }
        ]
    },
    "constraints": {
        "Constraint 0": {
            "type": "ImpliesTerm",
            "operands": [
                {
                    "type": "FeatureTerm",
                    "operands": [
                        "_r_1"
                    ]
                },
                {
                    "type": "FeatureTerm",
                    "operands": [
                        "_r_9"
                    ]
                }
            ]
        },
        "Constraint 1": {
            "type": "ImpliesTerm",
            "operands": [
                {
                    "type": "FeatureTerm",
                    "operands": [
                        "_r_2_4_6_8"
                    ]
                },
                {
                    "type": "NotTerm",
                    "operands": [
                        {
                            "type": "FeatureTerm",
                            "operands": [
                                "_r_14"
                            ]
                        }
                    ]
                }
            ]
        }
    }
}