{
    "id": "FM__r0",
    "name": "FM__r0",
    "features": {
        "_r0": {
            "name": "_r0",
            "optional": true,
            "type": "FEATURE",
            "note": ""
        },
        "_r1": {
            "name": "_r1",
            "optional": true,
            "type": "FEATURE",
            "note": ""
        },
        "_r10": {
            "name": "_r10",
            "optional": true,
            "type": "FEATURE",
            "note": ""
        },
        "_r11": {
            "name": "_r11",
            "optional": false,
            "type": "XOR",
            "note": ""
        },
        "_r12": {
            "name": "_r12",
            "optional": true,
            "type": "FEATURE",
            "note": ""
        },
        "_r13": {
            "name": "_r13",
            "optional": true,
            "type": "XOR",
            "note": ""
        },
        "_r14": {
            "name": "_r14",
            "optional": true,
            "type": "FEATURE",
            "note": ""
        },
        "_r15": {
            "name": "_r15",
            "optional": true,
            "type": "FEATURE",
            "note": ""
        },
        "_r16": {
            "name": "_r16",
            "optional": true,
            "type": "FEATURE",
            "note": ""
        },
        "_r17": {
            "name": "_r17",
            "optional": true,
            "type": "FEATURE",
            "note": ""
        },
        "_r18": {
            "name": "_r18",
            "optional": true,
            "type": "FEATURE",
            "note": ""
        },
        "_r19": {
            "name": "_r19",
            "optional": true,
            "type": "FEATURE",
            "note": ""
        },
        "_r2": {
            "name": "_r2",
            "optional": true,
            "type": "FEATURE",
            "note": ""
        },
        "_r20": {
            "name": "_r20",
            "optional": true,
            "type": "FEATURE",
            "note": ""
        },
        "_r21": {
            "name": "_r21",
            "optional": true,
            "type": "FEATURE",
            "note": ""
        },
        "_r22": {
            "name": "_r22",
            "optional": true,
            "type": "FEATURE",
            "note": ""
        },
        "_r23": {
            "name": "_r23",
            "optional": true,
            "type": "FEATURE",
            "note": ""
        },
        "_r24": {
            "name": "_r24",
            "optional": true,
            "type": "XOR",
            "note": ""
        },
        "_r25": {
            "name": "_r25",
            "optional": true,
            "type": "FEATURE",
            "note": ""
        },
        "_r26": {
            "name": "_r26",
            "optional": true,
            "type": "FEATURE",
            "note": ""
        },
        "_r27": {
            "name": "_r27",
            "optional": true,
            "type": "FEATURE",
            "note": ""
        },
        "_r28": {
            "name": "_r28",
            "optional": true,
            "type": "XOR",
            "note": ""
        },
        "_r29": {
            "name": "_r29",
            "optional": true,
            "type": "FEATURE",
            "note": ""
        },
        "_r3": {
            "name": "_r3",
            "optional": true,
            "type": "XOR",
            "note": ""
        },
        "_r30": {
            "name": "_r30",
            "optional": true,
            "type": "FEATURE",
            "note": ""
        },
        "_r31": {
            "name": "_r31",
            "optional": true,
            "type": "FEATURE",
            "note": ""
        },
        "_r32": {
            "name": "_r32",
            "optional": true,
            "type": "FEATURE",
            "note": ""
        },
        "_r33": {
            "name": "_r33",
            "optional": true,
            "type": "FEATURE",
            "note": ""
        },
        "_r34": {
            "name": "_r34",
            "optional": true,
            "type": "FEATURE",
            "note": ""
        },
        "_r35": {
            "name": "_r35",
            "optional": true,
            "type": "FEATURE",
            "note": ""
        },
        "_r36": {
            "name": "_r36",
            "optional": true,
            "type": "FEATURE",
            "note": ""
        },
        "_r37": {
            "name": "_r37",
            "optional": true,
            "type": "FEATURE",
            "note": ""
        },
        "_r38": {
            "name": "_r38",
            "optional": true,
            "type": "FEATURE",
            "note": ""
        },
        "_r4": {
            "name": "_r4",
            "optional": true,
            "type": "FEATURE",
            "note": ""
        },
        "_r5": {
            "name": "_r5",
            "optional": true,
            "type": "FEATURE",
            "note": ""
        },
        "_r6": {
            "name": "_r6",
            "optional": true,
            "type": "FEATURE",
            "note": ""
        },
        "_r7": {
            "name": "_r7",
            "optional": true,
            "type": "FEATURE",
            "note": ""
        },
        "_r8": {
            "name": "_r8",
            "optional": true,
            "type": "FEATURE",
            "note": ""
        },
        "_r9": {
            "name": "_r9",
            "optional": true,
            "type": "FEATURE",
            "note": ""
        }
    },
    "tree": {
        "id": "_r0",
        "children": [
            {
                "id": "_r1"
            },
            {
                "id": "_r2"
            },
            {
                "id": "_r21",
                "children": [
                    {
                        "id": "_r22"
                    },
                    {
                        "id": "_r23"
                    },
                    {
                        "id": "_r24",
                        "children": [
                            {
                                "id": "_r25"
                            },
                            {
                                "id": "_r26"
                            }
                        ]
                    },
                    {
                        "id": "_r27"
                    }
                ]
            },
            {
                "id": "_r28",
                "children": [
                    {
                        "id": "_r29"
                    },
                    {
                        "id": "_r30"
                    },
                    {
                        "id": "_r31"
                    },
                    {
                        "id": "_r32"
                    },
                    {
                        "id": "_r33"
                    },
                    {
                        "id": "_r34"
                    }
                ]
            },
            {
                "id": "_r3",
                "children": [
                    {
                        "id": "_r4"
                    },
                    {
                        "id": "_r5"
                    },
                    {
                        "id": "_r6"
                    }
                ]
            },
            {
                "id": "_r35"
            },
            {
                "id": "_r36"
            },
            {
                "id": "_r37"
            },
            {
                "id": "_r38"
            },
            {
                "id": "_r7",
                "children": [
                    {
                        "id": "_r10",
                        "children": [
                            {
                                "id": "_r11",
                                "children": [
                                    {
                                        "id": "_r12"
                                    },
                                    {
                                        "id": "_r13",
                                        "children": [
                                            {
                                                "id": "_r14",
                                                "children": [
                                                    {
                                                        "id": "_r15"
                                                    }
                                                ]
                                            },
                                            {
                                                "id": "_r16",
                                                "children": [
                                                    {
                                                        "id": "_r17"
                                                    }
                                                ]
                                            }
                                        ]
                                    }
                                ]
                            },
                            {
                                "id": "_r18"
                            },
                            {
                                "id": "_r19"
                            }
                        ]
                    },
                    {
                        "id": "_r20"
                    },
                    {
                        "id": "_r8"
                    },
                    {
                        "id": "_r9"
                    }
                ]
            }
        ]
    },
    "constraints": {
        "Constraint 0": {
            "type": "ImpliesTerm",
            "operands": [
                {
                    "type": "FeatureTerm",
                    "operands": [
                        "_r9"
                    ]
                },
                {
                    "type": "FeatureTerm",
                    "operands": [
                        "_r10"
                    ]
                }
            ]
        },
        "Constraint 1": {
            "type": "ImpliesTerm",
            "operands": [
                {
                    "type": "FeatureTerm",
                    "operands": [
                        "_r8"
                    ]
                },
                {
                    "type": "FeatureTerm",
                    "operands": [
                        "_r10"
                    ]
                }
            ]
        }
    }
}