{
    "id": "FM__r",
    "name": "FM__r",
    "features": {
        "_r": {
            "name": "_r",
            "optional": true,
            "type": "FEATURE",
            "note": ""
        },
        "_r_1": {
            "name": "_r_1",
            "optional": false,
            "type": "FEATURE",
            "note": ""
        },
        "_r_1_10": {
            "name": "_r_1_10",
            "optional": false,
            "type": "XOR",
            "note": ""
        },
        "_r_1_10_28_29": {
            "name": "_r_1_10_28_29",
            "optional": true,
            "type": "FEATURE",
            "note": ""
        },
        "_r_1_10_28_30": {
            "name": "_r_1_10_28_30",
            "optional": true,
            "type": "FEATURE",
            "note": ""
        },
        "_r_1_9": {
            "name": "_r_1_9",
            "optional": false,
            "type": "XOR",
            "note": ""
        },
        "_r_1_9_37_38": {
            "name": "_r_1_9_37_38",
            "optional": true,
            "type": "FEATURE",
            "note": ""
        },
        "_r_1_9_37_39": {
            "name": "_r_1_9_37_39",
            "optional": true,
            "type": "FEATURE",
            "note": ""
        },
        "_r_2": {
            "name": "_r_2",
            "optional": false,
            "type": "XOR",
            "note": ""
        },
        "_r_2_12_13": {
            "name": "_r_2_12_13",
            "optional": true,
            "type": "FEATURE",
            "note": ""
        },
        "_r_2_12_14": {
            "name": "_r_2_12_14",
            "optional": true,
            "type": "FEATURE",
            "note": ""
        },
        "_r_3": {
            "name": "_r_3",
            "optional": false,
            "type": "XOR",
            "note": ""
        },
        "_r_3_21_22": {
            "name": "_r_3_21_22",
            "optional": true,
            "type": "FEATURE",
            "note": ""
        },
        "_r_3_21_23": {
            "name": "_r_3_21_23",
            "optional": true,
            "type": "FEATURE",
            "note": ""
        },
        "_r_4": {
            "name": "_r_4",
            "optional": false,
            "type": "FEATURE",
            "note": ""
        },
        "_r_4_24": {
            "name": "_r_4_24",
            "optional": false,
            "type": "FEATURE",
            "note": ""
        },
        "_r_4_24_26": {
            "name": "_r_4_24_26",
            "optional": false,
            "type": "FEATURE",
            "note": ""
        },
        "_r_4_25": {
            "name": "_r_4_25",
            "optional": false,
            "type": "FEATURE",
            "note": ""
        },
        "_r_4_25_32": {
            "name": "_r_4_25_32",
            "optional": true,
            "type": "FEATURE",
            "note": ""
        },
        "_r_4_25_33": {
            "name": "_r_4_25_33",
            "optional": true,
            "type": "FEATURE",
            "note": ""
        },
        "_r_6": {
            "name": "_r_6",
            "optional": false,
            "type": "FEATURE",
            "note": ""
        },
        "_r_6_15": {
            "name": "_r_6_15",
            "optional": true,
            "type": "FEATURE",
            "note": ""
        },
        "_r_6_16": {
            "name": "_r_6_16",
            "optional": true,
            "type": "FEATURE",
            "note": ""
        },
        "_r_6_17": {
            "name": "_r_6_17",
            "optional": true,
            "type": "FEATURE",
            "note": ""
        },
        "_r_7": {
            "name": "_r_7",
            "optional": false,
            "type": "FEATURE",
            "note": ""
        },
        "_r_7_19": {
            "name": "_r_7_19",
            "optional": false,
            "type": "FEATURE",
            "note": ""
        },
        "_r_7_20": {
            "name": "_r_7_20",
            "optional": false,
            "type": "FEATURE",
            "note": ""
        },
        "_r_8": {
            "name": "_r_8",
            "optional": false,
            "type": "XOR",
            "note": ""
        },
        "_r_8_40_41": {
            "name": "_r_8_40_41",
            "optional": true,
            "type": "FEATURE",
            "note": ""
        },
        "_r_8_40_42": {
            "name": "_r_8_40_42",
            "optional": true,
            "type": "FEATURE",
            "note": ""
        },
        "_r_8_40_43": {
            "name": "_r_8_40_43",
            "optional": true,
            "type": "FEATURE",
            "note": ""
        }
    },
    "tree": {
        "id": "_r",
        "children": [
            {
                "id": "_r_1",
                "children": [
                    {
                        "id": "_r_1_10",
                        "children": [
                            {
                                "id": "_r_1_10_28_29"
                            },
                            {
                                "id": "_r_1_10_28_30"
                            }
                        ]
                    },
                    {
                        "id": "_r_1_9",
                        "children": [
                            {
                                "id": "_r_1_9_37_38"
                            },
                            {
                                "id": "_r_1_9_37_39"
                            }
                        ]
                    }
                ]
            },
            {
                "id": "_r_2",
                "children": [
                    {
                        "id": "_r_2_12_13"
                    },
                    {
                        "id": "_r_2_12_14"
                    }
                ]
            },
            {
                "id": "_r_3",
                "children": [
                    {
                        "id": "_r_3_21_22"
                    },
                    {
                        "id": "_r_3_21_23"
                    }
                ]
            },
            {
                "id": "_r_4",
                "children": [
                    {
                        "id": "_r_4_24",
                        "children": [
                            {
                                "id": "_r_4_24_26"
                            }
                        ]
                    },
                    {
                        "id": "_r_4_25",
                        "children": [
                            {
                                "id": "_r_4_25_32"
                            },
                            {
                                "id": "_r_4_25_33"
                            }
                        ]
                    }
                ]
            },
            {
                "id": "_r_6",
                "children": [
                    {
                        "id": "_r_6_15"
                    },
                    {
                        "id": "_r_6_16"
                    },
                    {
                        "id": "_r_6_17"
                    }
                ]
            },
            {
                "id": "_r_7",
                "children": [
                    {
                        "id": "_r_7_19"
                    },
                    {
                        "id": "_r_7_20"
                    }
                ]
            },
            {
                "id": "_r_8",
                "children": [
                    {
                        "id": "_r_8_40_41"
                    },
                    {
                        "id": "_r_8_40_42"
                    },
                    {
                        "id": "_r_8_40_43"
                    }
                ]
            }
        ]
    },
    "constraints": {}
}