{
    "id": "FM__r",
    "name": "FM__r",
    "features": {
        "_r": {
            "name": "_r",
            "optional": true,
            "type": "OR",
            "note": ""
        },
        "_r_1": {
            "name": "_r_1",
            "optional": true,
            "type": "OR",
            "note": ""
        },
        "_r_13": {
            "name": "_r_13",
            "optional": true,
            "type": "OR",
            "note": ""
        },
        "_r_13_14_15": {
            "name": "_r_13_14_15",
            "optional": true,
            "type": "FEATURE",
            "note": ""
        },
        "_r_13_14_16": {
            "name": "_r_13_14_16",
            "optional": true,
            "type": "FEATURE",
            "note": ""
        },
        "_r_13_14_28": {
            "name": "_r_13_14_28",
            "optional": true,
            "type": "FEATURE",
            "note": ""
        },
        "_r_18": {
            "name": "_r_18",
            "optional": true,
            "type": "OR",
            "note": ""
        },
        "_r_18_19_20": {
            "name": "_r_18_19_20",
            "optional": true,
            "type": "FEATURE",
            "note": ""
        },
        "_r_18_19_21": {
            "name": "_r_18_19_21",
            "optional": true,
            "type": "FEATURE",
            "note": ""
        },
        "_r_18_19_22": {
            "name": "_r_18_19_22",
            "optional": true,
            "type": "FEATURE",
            "note": ""
        },
        "_r_1_2_3": {
            "name": "_r_1_2_3",
            "optional": true,
            "type": "FEATURE",
            "note": ""
        },
        "_r_1_2_4": {
            "name": "_r_1_2_4",
            "optional": true,
            "type": "FEATURE",
            "note": ""
        },
        "_r_1_2_5": {
            "name": "_r_1_2_5",
            "optional": true,
            "type": "OR",
            "note": ""
        },
        "_r_1_2_5_9_10": {
            "name": "_r_1_2_5_9_10",
            "optional": true,
            "type": "FEATURE",
            "note": ""
        },
        "_r_1_2_5_9_11": {
            "name": "_r_1_2_5_9_11",
            "optional": true,
            "type": "FEATURE",
            "note": ""
        },
        "_r_1_2_7": {
            "name": "_r_1_2_7",
            "optional": true,
            "type": "FEATURE",
            "note": ""
        },
        "_r_1_2_7_12": {
            "name": "_r_1_2_7_12",
            "optional": true,
            "type": "FEATURE",
            "note": ""
        },
        "_r_23": {
            "name": "_r_23",
            "optional": true,
            "type": "XOR",
            "note": ""
        },
        "_r_23_24_25": {
            "name": "_r_23_24_25",
            "optional": true,
            "type": "FEATURE",
            "note": ""
        },
        "_r_23_24_26": {
            "name": "_r_23_24_26",
            "optional": true,
            "type": "FEATURE",
            "note": ""
        },
        "_r_23_24_27": {
            "name": "_r_23_24_27",
            "optional": true,
            "type": "FEATURE",
            "note": ""
        },
        "_r_29": {
            "name": "_r_29",
            "optional": true,
            "type": "OR",
            "note": ""
        },
        "_r_29_30_31": {
            "name": "_r_29_30_31",
            "optional": true,
            "type": "FEATURE",
            "note": ""
        },
        "_r_29_30_32": {
            "name": "_r_29_30_32",
            "optional": true,
            "type": "FEATURE",
            "note": ""
        },
        "_r_29_30_33": {
            "name": "_r_29_30_33",
            "optional": true,
            "type": "FEATURE",
            "note": ""
        },
        "_r_29_30_34": {
            "name": "_r_29_30_34",
            "optional": true,
            "type": "XOR",
            "note": ""
        },
        "_r_29_30_34_36_37": {
            "name": "_r_29_30_34_36_37",
            "optional": true,
            "type": "FEATURE",
            "note": ""
        },
        "_r_29_30_34_36_38": {
            "name": "_r_29_30_34_36_38",
            "optional": true,
            "type": "FEATURE",
            "note": ""
        },
        "_r_39": {
            "name": "_r_39",
            "optional": true,
            "type": "FEATURE",
            "note": ""
        },
        "_r_40_41": {
            "name": "_r_40_41",
            "optional": true,
            "type": "FEATURE",
            "note": ""
        },
        "_r_40_42": {
            "name": "_r_40_42",
            "optional": true,
            "type": "FEATURE",
            "note": ""
        },
        "_r_40_43": {
            "name": "_r_40_43",
            "optional": true,
            "type": "FEATURE",
            "note": ""
        },
        "_r_40_44": {
            "name": "_r_40_44",
            "optional": true,
            "type": "FEATURE",
            "note": ""
        },
        "_r_45": {
            "name": "_r_45",
            "optional": true,
            "type": "FEATURE",
            "note": ""
        },
        "_r_48": {
            "name": "_r_48",
            "optional": true,
            "type": "XOR",
            "note": ""
        },
        "_r_48_49_50": {
            "name": "_r_48_49_50",
            "optional": true,
            "type": "FEATURE",
            "note": ""
        },
        "_r_48_49_51": {
            "name": "_r_48_49_51",
            "optional": true,
            "type": "FEATURE",
            "note": ""
        },
        "_r_48_49_52": {
            "name": "_r_48_49_52",
            "optional": true,
            "type": "FEATURE",
            "note": ""
        },
        "_r_53": {
            "name": "_r_53",
            "optional": true,
            "type": "XOR",
            "note": ""
        },
        "_r_53_57_58": {
            "name": "_r_53_57_58",
            "optional": true,
            "type": "FEATURE",
            "note": ""
        },
        "_r_53_57_59": {
            "name": "_r_53_57_59",
            "optional": true,
            "type": "FEATURE",
            "note": ""
        },
        "_r_60": {
            "name": "_r_60",
            "optional": true,
            "type": "OR",
            "note": ""
        },
        "_r_60_61_62": {
            "name": "_r_60_61_62",
            "optional": true,
            "type": "FEATURE",
            "note": ""
        },
        "_r_60_61_63": {
            "name": "_r_60_61_63",
            "optional": true,
            "type": "FEATURE",
            "note": ""
        },
        "_r_60_61_64": {
            "name": "_r_60_61_64",
            "optional": true,
            "type": "FEATURE",
            "note": ""
        }
    },
    "tree": {
        "id": "_r",
        "children": [
            {
                "id": "_r_1",
                "children": [
                    {
                        "id": "_r_1_2_3"
                    },
                    {
                        "id": "_r_1_2_4"
                    },
                    {
                        "id": "_r_1_2_5",
                        "children": [
                            {
                                "id": "_r_1_2_5_9_10"
                            },
                            {
                                "id": "_r_1_2_5_9_11"
                            }
                        ]
                    },
                    {
                        "id": "_r_1_2_7",
                        "children": [
                            {
                                "id": "_r_1_2_7_12"
                            }
                        ]
                    }
                ]
            },
            {
                "id": "_r_13",
                "children": [
                    {
                        "id": "_r_13_14_15"
                    },
                    {
                        "id": "_r_13_14_16"
                    },
                    {
                        "id": "_r_13_14_28"
                    }
                ]
            },
            {
                "id": "_r_18",
                "children": [
                    {
                        "id": "_r_18_19_20"
                    },
                    {
                        "id": "_r_18_19_21"
                    },
                    {
                        "id": "_r_18_19_22"
                    }
                ]
            },
            {
                "id": "_r_23",
                "children": [
                    {
                        "id": "_r_23_24_25"
                    },
                    {
                        "id": "_r_23_24_26"
                    },
                    {
                        "id": "_r_23_24_27"
                    }
                ]
            },
            {
                "id": "_r_29",
                "children": [
                    {
                        "id": "_r_29_30_31"
                    },
                    {
                        "id": "_r_29_30_32"
                    },
                    {
                        "id": "_r_29_30_33"
                    },
                    {
                        "id": "_r_29_30_34",
                        "children": [
                            {
                                "id": "_r_29_30_34_36_37"
                            },
                            {
                                "id": "_r_29_30_34_36_38"
                            }
                        ]
                    }
                ]
            },
            {
                "id": "_r_39"
            },
            {
                "id": "_r_40_41"
            },
            {
                "id": "_r_40_42"
            },
            {
                "id": "_r_40_43"
            },
            {
                "id": "_r_40_44"
            },
            {
                "id": "_r_45"
            },
            {
                "id": "_r_48",
                "children": [
                    {
                        "id": "_r_48_49_50"
                    },
                    {
                        "id": "_r_48_49_51"
                    },
                    {
                        "id": "_r_48_49_52"
                    }
                ]
            },
            {
                "id": "_r_53",
                "children": [
                    {
                        "id": "_r_53_57_58"
                    },
                    {
                        "id": "_r_53_57_59"
                    }
                ]
            },
            {
                "id": "_r_60",
                "children": [
                    {
                        "id": "_r_60_61_62"
                    },
                    {
                        "id": "_r_60_61_63"
                    },
                    {
                        "id": "_r_60_61_64"
                    }
                ]
            }
        ]
    },
    "constraints": {
        "Constraint 0": {
            "type": "ImpliesTerm",
            "operands": [
                {
                    "type": "FeatureTerm",
                    "operands": [
                        "_r_1"
                    ]
                },
                {
                    "type": "FeatureTerm",
                    "operands": [
                        "_r_23"
                    ]
                }
            ]
        },
        "Constraint 1": {
            "type": "ImpliesTerm",
            "operands": [
                {
                    "type": "FeatureTerm",
                    "operands": [
                        "_r_1"
                    ]
                },
                {
                    "type": "FeatureTerm",
                    "operands": [
                        "_r_23"
                    ]
                }
            ]
        },
        "Constraint 2": {
            "type": "ImpliesTerm",
            "operands": [
                {
                    "type": "FeatureTerm",
                    "operands": [
                        "_r_48"
                    ]
                },
                {
                    "type": "FeatureTerm",
                    "operands": [
                        "_r_53"
                    ]
                }
            ]
        }
    }
}