{
    "id": "FM__r",
    "name": "FM__r",
    "features": {
        "_r": {
            "name": "_r",
            "optional": true,
            "type": "OR",
            "note": ""
        },
        "_r_2_3": {
            "name": "_r_2_3",
            "optional": true,
            "type": "OR",
            "note": ""
        },
        "_r_2_3_8_10": {
            "name": "_r_2_3_8_10",
            "optional": true,
            "type": "OR",
            "note": ""
        },
        "_r_2_3_8_10_22_23": {
            "name": "_r_2_3_8_10_22_23",
            "optional": true,
            "type": "FEATURE",
            "note": ""
        },
        "_r_2_3_8_10_22_25": {
            "name": "_r_2_3_8_10_22_25",
            "optional": true,
            "type": "FEATURE",
            "note": ""
        },
        "_r_2_3_8_10_22_26": {
            "name": "_r_2_3_8_10_22_26",
            "optional": true,
            "type": "FEATURE",
            "note": ""
        },
        "_r_2_3_8_9": {
            "name": "_r_2_3_8_9",
            "optional": true,
            "type": "OR",
            "note": ""
        },
        "_r_2_3_8_9_19_20": {
            "name": "_r_2_3_8_9_19_20",
            "optional": true,
            "type": "OR",
            "note": ""
        },
        "_r_2_3_8_9_19_20_29_30": {
            "name": "_r_2_3_8_9_19_20_29_30",
            "optional": true,
            "type": "FEATURE",
            "note": ""
        },
        "_r_2_3_8_9_19_20_29_31": {
            "name": "_r_2_3_8_9_19_20_29_31",
            "optional": true,
            "type": "FEATURE",
            "note": ""
        },
        "_r_2_3_8_9_19_21": {
            "name": "_r_2_3_8_9_19_21",
            "optional": true,
            "type": "OR",
            "note": ""
        },
        "_r_2_3_8_9_19_21_32_33": {
            "name": "_r_2_3_8_9_19_21_32_33",
            "optional": true,
            "type": "FEATURE",
            "note": ""
        },
        "_r_2_3_8_9_19_21_32_34": {
            "name": "_r_2_3_8_9_19_21_32_34",
            "optional": true,
            "type": "FEATURE",
            "note": ""
        },
        "_r_2_4": {
            "name": "_r_2_4",
            "optional": true,
            "type": "FEATURE",
            "note": ""
        },
        "_r_2_5": {
            "name": "_r_2_5",
            "optional": true,
            "type": "FEATURE",
            "note": ""
        },
        "_r_6": {
            "name": "_r_6",
            "optional": true,
            "type": "OR",
            "note": ""
        },
        "_r_6_13_14": {
            "name": "_r_6_13_14",
            "optional": true,
            "type": "FEATURE",
            "note": ""
        },
        "_r_6_13_15": {
            "name": "_r_6_13_15",
            "optional": true,
            "type": "FEATURE",
            "note": ""
        },
        "_r_7": {
            "name": "_r_7",
            "optional": true,
            "type": "OR",
            "note": ""
        },
        "_r_7_16_17": {
            "name": "_r_7_16_17",
            "optional": true,
            "type": "FEATURE",
            "note": ""
        },
        "_r_7_16_18": {
            "name": "_r_7_16_18",
            "optional": true,
            "type": "FEATURE",
            "note": ""
        }
    },
    "tree": {
        "id": "_r",
        "children": [
            {
                "id": "_r_2_3",
                "children": [
                    {
                        "id": "_r_2_3_8_10",
                        "children": [
                            {
                                "id": "_r_2_3_8_10_22_23"
                            },
                            {
                                "id": "_r_2_3_8_10_22_25"
                            },
                            {
                                "id": "_r_2_3_8_10_22_26"
                            }
                        ]
                    },
                    {
                        "id": "_r_2_3_8_9",
                        "children": [
                            {
                                "id": "_r_2_3_8_9_19_20",
                                "children": [
                                    {
                                        "id": "_r_2_3_8_9_19_20_29_30"
                                    },
                                    {
                                        "id": "_r_2_3_8_9_19_20_29_31"
                                    }
                                ]
                            },
                            {
                                "id": "_r_2_3_8_9_19_21",
                                "children": [
                                    {
                                        "id": "_r_2_3_8_9_19_21_32_33"
                                    },
                                    {
                                        "id": "_r_2_3_8_9_19_21_32_34"
                                    }
                                ]
                            }
                        ]
                    }
                ]
            },
            {
                "id": "_r_2_4"
            },
            {
                "id": "_r_2_5"
            },
            {
                "id": "_r_6",
                "children": [
                    {
                        "id": "_r_6_13_14"
                    },
                    {
                        "id": "_r_6_13_15"
                    }
                ]
            },
            {
                "id": "_r_7",
                "children": [
                    {
                        "id": "_r_7_16_17"
                    },
                    {
                        "id": "_r_7_16_18"
                    }
                ]
            }
        ]
    },
    "constraints": {}
}