{
    "id": "FM__r",
    "name": "FM__r",
    "features": {
        "_r": {
            "name": "_r",
            "optional": true,
            "type": "FEATURE",
            "note": ""
        },
        "_r_10": {
            "name": "_r_10",
            "optional": false,
            "type": "FEATURE",
            "note": ""
        },
        "_r_11": {
            "name": "_r_11",
            "optional": false,
            "type": "FEATURE",
            "note": ""
        },
        "_r_12": {
            "name": "_r_12",
            "optional": false,
            "type": "FEATURE",
            "note": ""
        },
        "_r_12_19": {
            "name": "_r_12_19",
            "optional": true,
            "type": "FEATURE",
            "note": ""
        },
        "_r_12_22": {
            "name": "_r_12_22",
            "optional": true,
            "type": "FEATURE",
            "note": ""
        },
        "_r_12_24": {
            "name": "_r_12_24",
            "optional": false,
            "type": "FEATURE",
            "note": ""
        },
        "_r_12_25": {
            "name": "_r_12_25",
            "optional": false,
            "type": "FEATURE",
            "note": ""
        },
        "_r_18": {
            "name": "_r_18",
            "optional": true,
            "type": "FEATURE",
            "note": ""
        },
        "_r_3": {
            "name": "_r_3",
            "optional": false,
            "type": "XOR",
            "note": ""
        },
        "_r_3_13_14": {
            "name": "_r_3_13_14",
            "optional": true,
            "type": "FEATURE",
            "note": ""
        },
        "_r_3_13_15": {
            "name": "_r_3_13_15",
            "optional": true,
            "type": "FEATURE",
            "note": ""
        },
        "_r_5": {
            "name": "_r_5",
            "optional": false,
            "type": "FEATURE",
            "note": ""
        },
        "_r_6": {
            "name": "_r_6",
            "optional": false,
            "type": "OR",
            "note": ""
        },
        "_r_6_16_17": {
            "name": "_r_6_16_17",
            "optional": true,
            "type": "FEATURE",
            "note": ""
        },
        "_r_6_16_18": {
            "name": "_r_6_16_18",
            "optional": true,
            "type": "FEATURE",
            "note": ""
        },
        "_r_7": {
            "name": "_r_7",
            "optional": false,
            "type": "FEATURE",
            "note": ""
        },
        "_r_9": {
            "name": "_r_9",
            "optional": false,
            "type": "FEATURE",
            "note": ""
        }
    },
    "tree": {
        "id": "_r",
        "children": [
            {
                "id": "_r_10"
            },
            {
                "id": "_r_11"
            },
            {
                "id": "_r_12",
                "children": [
                    {
                        "id": "_r_12_19"
                    },
                    {
                        "id": "_r_12_22"
                    },
                    {
                        "id": "_r_12_24"
                    },
                    {
                        "id": "_r_12_25"
                    }
                ]
            },
            {
                "id": "_r_18"
            },
            {
                "id": "_r_3",
                "children": [
                    {
                        "id": "_r_3_13_14"
                    },
                    {
                        "id": "_r_3_13_15"
                    }
                ]
            },
            {
                "id": "_r_5"
            },
            {
                "id": "_r_6",
                "children": [
                    {
                        "id": "_r_6_16_17"
                    },
                    {
                        "id": "_r_6_16_18"
                    }
                ]
            },
            {
                "id": "_r_7"
            },
            {
                "id": "_r_9"
            }
        ]
    },
    "constraints": {
        "Constraint 0": {
            "type": "ImpliesTerm",
            "operands": [
                {
                    "type": "FeatureTerm",
                    "operands": [
                        "_r_3_13_15"
                    ]
                },
                {
                    "type": "FeatureTerm",
                    "operands": [
                        "_r_12_19"
                    ]
                }
            ]
        },
        "Constraint 1": {
            "type": "ImpliesTerm",
            "operands": [
                {
                    "type": "FeatureTerm",
                    "operands": [
                        "_r_3_13_15"
                    ]
                },
                {
                    "type": "FeatureTerm",
                    "operands": [
                        "_r_12_19"
                    ]
                }
            ]
        }
    }
}