{
    "id": "FM__r",
    "name": "FM__r",
    "features": {
        "_r": {
            "name": "_r",
            "optional": true,
            "type": "FEATURE",
            "note": ""
        },
        "_r_10": {
            "name": "_r_10",
            "optional": false,
            "type": "FEATURE",
            "note": ""
        },
        "_r_10_11": {
            "name": "_r_10_11",
            "optional": false,
            "type": "OR",
            "note": ""
        },
        "_r_10_11_24_25": {
            "name": "_r_10_11_24_25",
            "optional": true,
            "type": "FEATURE",
            "note": ""
        },
        "_r_10_11_24_26": {
            "name": "_r_10_11_24_26",
            "optional": true,
            "type": "FEATURE",
            "note": ""
        },
        "_r_10_12": {
            "name": "_r_10_12",
            "optional": true,
            "type": "FEATURE",
            "note": ""
        },
        "_r_10_13": {
            "name": "_r_10_13",
            "optional": true,
            "type": "FEATURE",
            "note": ""
        },
        "_r_10_14": {
            "name": "_r_10_14",
            "optional": true,
            "type": "FEATURE",
            "note": ""
        },
        "_r_10_16": {
            "name": "_r_10_16",
            "optional": true,
            "type": "FEATURE",
            "note": ""
        },
        "_r_10_17": {
            "name": "_r_10_17",
            "optional": true,
            "type": "FEATURE",
            "note": ""
        },
        "_r_10_18": {
            "name": "_r_10_18",
            "optional": true,
            "type": "FEATURE",
            "note": ""
        },
        "_r_10_19": {
            "name": "_r_10_19",
            "optional": true,
            "type": "FEATURE",
            "note": ""
        },
        "_r_20": {
            "name": "_r_20",
            "optional": true,
            "type": "FEATURE",
            "note": ""
        },
        "_r_21": {
            "name": "_r_21",
            "optional": true,
            "type": "FEATURE",
            "note": ""
        }
    },
    "tree": {
        "id": "_r",
        "children": [
            {
                "id": "_r_10",
                "children": [
                    {
                        "id": "_r_10_11",
                        "children": [
                            {
                                "id": "_r_10_11_24_25"
                            },
                            {
                                "id": "_r_10_11_24_26"
                            }
                        ]
                    },
                    {
                        "id": "_r_10_12"
                    },
                    {
                        "id": "_r_10_13"
                    },
                    {
                        "id": "_r_10_14"
                    },
                    {
                        "id": "_r_10_16"
                    },
                    {
                        "id": "_r_10_17"
                    },
                    {
                        "id": "_r_10_18"
                    },
                    {
                        "id": "_r_10_19"
                    }
                ]
            },
            {
                "id": "_r_20"
            },
            {
                "id": "_r_21"
            }
        ]
    },
    "constraints": {}
}