{
    "id": "FM__r",
    "name": "FM__r",
    "features": {
        "_r": {
            "name": "_r",
            "optional": true,
            "type": "XOR",
            "note": ""
        },
        "_r_1_2": {
            "name": "_r_1_2",
            "optional": true,
            "type": "FEATURE",
            "note": ""
        },
        "_r_1_2_5": {
            "name": "_r_1_2_5",
            "optional": false,
            "type": "FEATURE",
            "note": ""
        },
        "_r_1_2_5_6": {
            "name": "_r_1_2_5_6",
            "optional": false,
            "type": "FEATURE",
            "note": ""
        },
        "_r_1_2_5_6_10": {
            "name": "_r_1_2_5_6_10",
            "optional": false,
            "type": "FEATURE",
            "note": ""
        },
        "_r_1_2_5_6_10_16": {
            "name": "_r_1_2_5_6_10_16",
            "optional": false,
            "type": "FEATURE",
            "note": ""
        },
        "_r_1_2_5_6_10_16_17": {
            "name": "_r_1_2_5_6_10_16_17",
            "optional": false,
            "type": "FEATURE",
            "note": ""
        },
        "_r_1_2_5_6_10_16_17_19": {
            "name": "_r_1_2_5_6_10_16_17_19",
            "optional": false,
            "type": "FEATURE",
            "note": ""
        },
        "_r_1_2_5_6_10_16_17_19_20": {
            "name": "_r_1_2_5_6_10_16_17_19_20",
            "optional": false,
            "type": "FEATURE",
            "note": ""
        },
        "_r_1_2_5_6_10_16_17_19_20_23": {
            "name": "_r_1_2_5_6_10_16_17_19_20_23",
            "optional": false,
            "type": "FEATURE",
            "note": ""
        },
        "_r_1_2_5_6_10_16_17_19_20_23_24": {
            "name": "_r_1_2_5_6_10_16_17_19_20_23_24",
            "optional": false,
            "type": "FEATURE",
            "note": ""
        },
        "_r_1_2_5_6_10_16_17_19_20_23_25": {
            "name": "_r_1_2_5_6_10_16_17_19_20_23_25",
            "optional": false,
            "type": "FEATURE",
            "note": ""
        },
        "_r_1_2_5_6_10_16_17_19_21": {
            "name": "_r_1_2_5_6_10_16_17_19_21",
            "optional": false,
            "type": "FEATURE",
            "note": ""
        },
        "_r_1_2_5_6_10_16_17_19_21_22": {
            "name": "_r_1_2_5_6_10_16_17_19_21_22",
            "optional": false,
            "type": "FEATURE",
            "note": ""
        },
        "_r_1_2_5_6_10_16_18": {
            "name": "_r_1_2_5_6_10_16_18",
            "optional": false,
            "type": "FEATURE",
            "note": ""
        },
        "_r_1_2_5_6_10_16_18_26": {
            "name": "_r_1_2_5_6_10_16_18_26",
            "optional": false,
            "type": "FEATURE",
            "note": ""
        },
        "_r_1_2_5_6_10_16_18_26_27": {
            "name": "_r_1_2_5_6_10_16_18_26_27",
            "optional": false,
            "type": "FEATURE",
            "note": ""
        },
        "_r_1_2_5_6_10_16_18_26_27_30": {
            "name": "_r_1_2_5_6_10_16_18_26_27_30",
            "optional": false,
            "type": "FEATURE",
            "note": ""
        },
        "_r_1_2_5_6_10_16_18_26_27_30_31": {
            "name": "_r_1_2_5_6_10_16_18_26_27_30_31",
            "optional": false,
            "type": "FEATURE",
            "note": ""
        },
        "_r_1_2_5_6_10_16_18_26_27_30_32": {
            "name": "_r_1_2_5_6_10_16_18_26_27_30_32",
            "optional": false,
            "type": "FEATURE",
            "note": ""
        },
        "_r_1_2_5_6_10_16_18_26_28": {
            "name": "_r_1_2_5_6_10_16_18_26_28",
            "optional": false,
            "type": "FEATURE",
            "note": ""
        },
        "_r_1_2_5_6_10_16_18_26_28_29": {
            "name": "_r_1_2_5_6_10_16_18_26_28_29",
            "optional": false,
            "type": "FEATURE",
            "note": ""
        },
        "_r_1_2_5_7": {
            "name": "_r_1_2_5_7",
            "optional": false,
            "type": "FEATURE",
            "note": ""
        },
        "_r_1_2_5_8": {
            "name": "_r_1_2_5_8",
            "optional": false,
            "type": "XOR",
            "note": ""
        },
        "_r_1_2_5_8_11_12": {
            "name": "_r_1_2_5_8_11_12",
            "optional": true,
            "type": "FEATURE",
            "note": ""
        },
        "_r_1_2_5_8_11_13": {
            "name": "_r_1_2_5_8_11_13",
            "optional": true,
            "type": "FEATURE",
            "note": ""
        },
        "_r_1_2_5_8_11_14": {
            "name": "_r_1_2_5_8_11_14",
            "optional": true,
            "type": "FEATURE",
            "note": ""
        },
        "_r_1_2_5_8_11_15": {
            "name": "_r_1_2_5_8_11_15",
            "optional": true,
            "type": "FEATURE",
            "note": ""
        },
        "_r_1_2_5_9": {
            "name": "_r_1_2_5_9",
            "optional": false,
            "type": "FEATURE",
            "note": ""
        },
        "_r_1_3": {
            "name": "_r_1_3",
            "optional": true,
            "type": "FEATURE",
            "note": ""
        }
    },
    "tree": {
        "id": "_r",
        "children": [
            {
                "id": "_r_1_2",
                "children": [
                    {
                        "id": "_r_1_2_5",
                        "children": [
                            {
                                "id": "_r_1_2_5_6",
                                "children": [
                                    {
                                        "id": "_r_1_2_5_6_10",
                                        "children": [
                                            {
                                                "id": "_r_1_2_5_6_10_16",
                                                "children": [
                                                    {
                                                        "id": "_r_1_2_5_6_10_16_17",
                                                        "children": [
                                                            {
                                                                "id": "_r_1_2_5_6_10_16_17_19",
                                                                "children": [
                                                                    {
                                                                        "id": "_r_1_2_5_6_10_16_17_19_20",
                                                                        "children": [
                                                                            {
                                                                                "id": "_r_1_2_5_6_10_16_17_19_20_23",
                                                                                "children": [
                                                                                    {
                                                                                        "id": "_r_1_2_5_6_10_16_17_19_20_23_24"
                                                                                    },
                                                                                    {
                                                                                        "id": "_r_1_2_5_6_10_16_17_19_20_23_25"
                                                                                    }
                                                                                ]
                                                                            }
                                                                        ]
                                                                    },
                                                                    {
                                                                        "id": "_r_1_2_5_6_10_16_17_19_21",
                                                                        "children": [
                                                                            {
                                                                                "id": "_r_1_2_5_6_10_16_17_19_21_22"
                                                                            }
                                                                        ]
                                                                    }
                                                                ]
                                                            }
                                                        ]
                                                    },
                                                    {
                                                        "id": "_r_1_2_5_6_10_16_18",
                                                        "children": [
                                                            {
                                                                "id": "_r_1_2_5_6_10_16_18_26",
                                                                "children": [
                                                                    {
                                                                        "id": "_r_1_2_5_6_10_16_18_26_27",
                                                                        "children": [
                                                                            {
                                                                                "id": "_r_1_2_5_6_10_16_18_26_27_30",
                                                                                "children": [
                                                                                    {
                                                                                        "id": "_r_1_2_5_6_10_16_18_26_27_30_31"
                                                                                    },
                                                                                    {
                                                                                        "id": "_r_1_2_5_6_10_16_18_26_27_30_32"
                                                                                    }
                                                                                ]
                                                                            }
                                                                        ]
                                                                    },
                                                                    {
                                                                        "id": "_r_1_2_5_6_10_16_18_26_28",
                                                                        "children": [
                                                                            {
                                                                                "id": "_r_1_2_5_6_10_16_18_26_28_29"
                                                                            }
                                                                        ]
                                                                    }
                                                                ]
                                                            }
                                                        ]
                                                    }
                                                ]
                                            }
                                        ]
                                    }
                                ]
                            },
                            {
                                "id": "_r_1_2_5_7"
                            },
                            {
                                "id": "_r_1_2_5_8",
                                "children": [
                                    {
                                        "id": "_r_1_2_5_8_11_12"
                                    },
                                    {
                                        "id": "_r_1_2_5_8_11_13"
                                    },
                                    {
                                        "id": "_r_1_2_5_8_11_14"
                                    },
                                    {
                                        "id": "_r_1_2_5_8_11_15"
                                    }
                                ]
                            },
                            {
                                "id": "_r_1_2_5_9"
                            }
                        ]
                    }
                ]
            },
            {
                "id": "_r_1_3"
            }
        ]
    },
    "constraints": {}
}