{
    "id": "FM__r",
    "name": "FM__r",
    "features": {
        "_r": {
            "name": "_r",
            "optional": true,
            "type": "FEATURE",
            "note": ""
        },
        "_r_1": {
            "name": "_r_1",
            "optional": false,
            "type": "FEATURE",
            "note": ""
        },
        "_r_1_3": {
            "name": "_r_1_3",
            "optional": false,
            "type": "OR",
            "note": ""
        },
        "_r_1_3_9_10": {
            "name": "_r_1_3_9_10",
            "optional": true,
            "type": "OR",
            "note": ""
        },
        "_r_1_3_9_10_12_13": {
            "name": "_r_1_3_9_10_12_13",
            "optional": true,
            "type": "FEATURE",
            "note": ""
        },
        "_r_1_3_9_10_12_14": {
            "name": "_r_1_3_9_10_12_14",
            "optional": true,
            "type": "FEATURE",
            "note": ""
        },
        "_r_1_3_9_10_12_15": {
            "name": "_r_1_3_9_10_12_15",
            "optional": true,
            "type": "FEATURE",
            "note": ""
        },
        "_r_1_3_9_10_12_16": {
            "name": "_r_1_3_9_10_12_16",
            "optional": true,
            "type": "FEATURE",
            "note": ""
        },
        "_r_1_3_9_11": {
            "name": "_r_1_3_9_11",
            "optional": true,
            "type": "OR",
            "note": ""
        },
        "_r_1_3_9_11_17_18": {
            "name": "_r_1_3_9_11_17_18",
            "optional": true,
            "type": "FEATURE",
            "note": ""
        },
        "_r_1_3_9_11_17_19": {
            "name": "_r_1_3_9_11_17_19",
            "optional": true,
            "type": "FEATURE",
            "note": ""
        },
        "_r_1_3_9_11_17_20": {
            "name": "_r_1_3_9_11_17_20",
            "optional": true,
            "type": "FEATURE",
            "note": ""
        },
        "_r_1_4": {
            "name": "_r_1_4",
            "optional": true,
            "type": "FEATURE",
            "note": ""
        },
        "_r_1_5": {
            "name": "_r_1_5",
            "optional": false,
            "type": "OR",
            "note": ""
        },
        "_r_1_5_6_7": {
            "name": "_r_1_5_6_7",
            "optional": true,
            "type": "FEATURE",
            "note": ""
        },
        "_r_1_5_6_8": {
            "name": "_r_1_5_6_8",
            "optional": true,
            "type": "FEATURE",
            "note": ""
        },
        "_r_2": {
            "name": "_r_2",
            "optional": true,
            "type": "FEATURE",
            "note": ""
        }
    },
    "tree": {
        "id": "_r",
        "children": [
            {
                "id": "_r_1",
                "children": [
                    {
                        "id": "_r_1_3",
                        "children": [
                            {
                                "id": "_r_1_3_9_10",
                                "children": [
                                    {
                                        "id": "_r_1_3_9_10_12_13"
                                    },
                                    {
                                        "id": "_r_1_3_9_10_12_14"
                                    },
                                    {
                                        "id": "_r_1_3_9_10_12_15"
                                    },
                                    {
                                        "id": "_r_1_3_9_10_12_16"
                                    }
                                ]
                            },
                            {
                                "id": "_r_1_3_9_11",
                                "children": [
                                    {
                                        "id": "_r_1_3_9_11_17_18"
                                    },
                                    {
                                        "id": "_r_1_3_9_11_17_19"
                                    },
                                    {
                                        "id": "_r_1_3_9_11_17_20"
                                    }
                                ]
                            }
                        ]
                    },
                    {
                        "id": "_r_1_4"
                    },
                    {
                        "id": "_r_1_5",
                        "children": [
                            {
                                "id": "_r_1_5_6_7"
                            },
                            {
                                "id": "_r_1_5_6_8"
                            }
                        ]
                    }
                ]
            },
            {
                "id": "_r_2"
            }
        ]
    },
    "constraints": {}
}