{
    "id": "FM__r",
    "name": "FM__r",
    "features": {
        "_r": {
            "name": "_r",
            "optional": true,
            "type": "FEATURE",
            "note": ""
        },
        "_r_1": {
            "name": "_r_1",
            "optional": false,
            "type": "FEATURE",
            "note": ""
        },
        "_r_13": {
            "name": "_r_13",
            "optional": false,
            "type": "FEATURE",
            "note": ""
        },
        "_r_13_14": {
            "name": "_r_13_14",
            "optional": false,
            "type": "FEATURE",
            "note": ""
        },
        "_r_13_14_15": {
            "name": "_r_13_14_15",
            "optional": false,
            "type": "FEATURE",
            "note": ""
        },
        "_r_13_14_17": {
            "name": "_r_13_14_17",
            "optional": true,
            "type": "FEATURE",
            "note": ""
        },
        "_r_1_18": {
            "name": "_r_1_18",
            "optional": true,
            "type": "FEATURE",
            "note": ""
        },
        "_r_1_19": {
            "name": "_r_1_19",
            "optional": true,
            "type": "FEATURE",
            "note": ""
        },
        "_r_1_20": {
            "name": "_r_1_20",
            "optional": true,
            "type": "OR",
            "note": ""
        },
        "_r_1_20_21_22": {
            "name": "_r_1_20_21_22",
            "optional": true,
            "type": "FEATURE",
            "note": ""
        },
        "_r_1_20_21_23": {
            "name": "_r_1_20_21_23",
            "optional": true,
            "type": "FEATURE",
            "note": ""
        },
        "_r_1_26": {
            "name": "_r_1_26",
            "optional": false,
            "type": "FEATURE",
            "note": ""
        },
        "_r_1_26_27": {
            "name": "_r_1_26_27",
            "optional": false,
            "type": "FEATURE",
            "note": ""
        },
        "_r_1_26_27_29": {
            "name": "_r_1_26_27_29",
            "optional": false,
            "type": "OR",
            "note": ""
        },
        "_r_1_26_27_29_30_31": {
            "name": "_r_1_26_27_29_30_31",
            "optional": true,
            "type": "FEATURE",
            "note": ""
        },
        "_r_1_26_27_29_30_32": {
            "name": "_r_1_26_27_29_30_32",
            "optional": true,
            "type": "FEATURE",
            "note": ""
        },
        "_r_1_26_27_33": {
            "name": "_r_1_26_27_33",
            "optional": false,
            "type": "FEATURE",
            "note": ""
        },
        "_r_1_26_27_33_34": {
            "name": "_r_1_26_27_33_34",
            "optional": false,
            "type": "FEATURE",
            "note": ""
        },
        "_r_1_26_28": {
            "name": "_r_1_26_28",
            "optional": true,
            "type": "FEATURE",
            "note": ""
        },
        "_r_1_26_28_29": {
            "name": "_r_1_26_28_29",
            "optional": false,
            "type": "FEATURE",
            "note": ""
        },
        "_r_1_26_28_30": {
            "name": "_r_1_26_28_30",
            "optional": true,
            "type": "FEATURE",
            "note": ""
        },
        "_r_1_3": {
            "name": "_r_1_3",
            "optional": true,
            "type": "FEATURE",
            "note": ""
        },
        "_r_1_3_5": {
            "name": "_r_1_3_5",
            "optional": true,
            "type": "FEATURE",
            "note": ""
        },
        "_r_1_4": {
            "name": "_r_1_4",
            "optional": true,
            "type": "FEATURE",
            "note": ""
        },
        "_r_1_84": {
            "name": "_r_1_84",
            "optional": true,
            "type": "FEATURE",
            "note": ""
        },
        "_r_1_84_85": {
            "name": "_r_1_84_85",
            "optional": true,
            "type": "FEATURE",
            "note": ""
        },
        "_r_31": {
            "name": "_r_31",
            "optional": true,
            "type": "FEATURE",
            "note": ""
        },
        "_r_31_36": {
            "name": "_r_31_36",
            "optional": false,
            "type": "FEATURE",
            "note": ""
        },
        "_r_31_37": {
            "name": "_r_31_37",
            "optional": false,
            "type": "OR",
            "note": ""
        },
        "_r_31_37_74_75": {
            "name": "_r_31_37_74_75",
            "optional": true,
            "type": "FEATURE",
            "note": ""
        },
        "_r_31_37_74_76": {
            "name": "_r_31_37_74_76",
            "optional": true,
            "type": "FEATURE",
            "note": ""
        },
        "_r_31_37_74_77": {
            "name": "_r_31_37_74_77",
            "optional": true,
            "type": "FEATURE",
            "note": ""
        },
        "_r_31_41": {
            "name": "_r_31_41",
            "optional": false,
            "type": "OR",
            "note": ""
        },
        "_r_31_41_71_72": {
            "name": "_r_31_41_71_72",
            "optional": true,
            "type": "FEATURE",
            "note": ""
        },
        "_r_31_41_71_73": {
            "name": "_r_31_41_71_73",
            "optional": true,
            "type": "FEATURE",
            "note": ""
        },
        "_r_31_44": {
            "name": "_r_31_44",
            "optional": false,
            "type": "FEATURE",
            "note": ""
        },
        "_r_31_44_45": {
            "name": "_r_31_44_45",
            "optional": false,
            "type": "FEATURE",
            "note": ""
        },
        "_r_31_44_46": {
            "name": "_r_31_44_46",
            "optional": true,
            "type": "FEATURE",
            "note": ""
        },
        "_r_31_44_47": {
            "name": "_r_31_44_47",
            "optional": true,
            "type": "FEATURE",
            "note": ""
        },
        "_r_31_44_48": {
            "name": "_r_31_44_48",
            "optional": false,
            "type": "FEATURE",
            "note": ""
        },
        "_r_31_44_64": {
            "name": "_r_31_44_64",
            "optional": false,
            "type": "FEATURE",
            "note": ""
        },
        "_r_32": {
            "name": "_r_32",
            "optional": true,
            "type": "FEATURE",
            "note": ""
        },
        "_r_32_49": {
            "name": "_r_32_49",
            "optional": false,
            "type": "FEATURE",
            "note": ""
        },
        "_r_32_50": {
            "name": "_r_32_50",
            "optional": true,
            "type": "FEATURE",
            "note": ""
        },
        "_r_32_51": {
            "name": "_r_32_51",
            "optional": false,
            "type": "OR",
            "note": ""
        },
        "_r_32_51_52_53": {
            "name": "_r_32_51_52_53",
            "optional": true,
            "type": "FEATURE",
            "note": ""
        },
        "_r_32_51_52_54": {
            "name": "_r_32_51_52_54",
            "optional": true,
            "type": "FEATURE",
            "note": ""
        },
        "_r_32_51_52_55": {
            "name": "_r_32_51_52_55",
            "optional": true,
            "type": "FEATURE",
            "note": ""
        },
        "_r_32_51_52_56": {
            "name": "_r_32_51_52_56",
            "optional": true,
            "type": "FEATURE",
            "note": ""
        },
        "_r_32_51_52_57": {
            "name": "_r_32_51_52_57",
            "optional": true,
            "type": "FEATURE",
            "note": ""
        },
        "_r_32_65": {
            "name": "_r_32_65",
            "optional": false,
            "type": "FEATURE",
            "note": ""
        },
        "_r_32_65_100": {
            "name": "_r_32_65_100",
            "optional": false,
            "type": "FEATURE",
            "note": ""
        },
        "_r_32_65_66": {
            "name": "_r_32_65_66",
            "optional": false,
            "type": "FEATURE",
            "note": ""
        },
        "_r_33": {
            "name": "_r_33",
            "optional": true,
            "type": "FEATURE",
            "note": ""
        },
        "_r_33_58": {
            "name": "_r_33_58",
            "optional": false,
            "type": "FEATURE",
            "note": ""
        },
        "_r_33_59": {
            "name": "_r_33_59",
            "optional": true,
            "type": "FEATURE",
            "note": ""
        },
        "_r_33_60": {
            "name": "_r_33_60",
            "optional": true,
            "type": "FEATURE",
            "note": ""
        },
        "_r_33_61": {
            "name": "_r_33_61",
            "optional": true,
            "type": "FEATURE",
            "note": ""
        },
        "_r_33_96": {
            "name": "_r_33_96",
            "optional": false,
            "type": "FEATURE",
            "note": ""
        },
        "_r_33_96_98": {
            "name": "_r_33_96_98",
            "optional": false,
            "type": "FEATURE",
            "note": ""
        },
        "_r_33_96_99": {
            "name": "_r_33_96_99",
            "optional": true,
            "type": "FEATURE",
            "note": ""
        },
        "_r_34": {
            "name": "_r_34",
            "optional": true,
            "type": "FEATURE",
            "note": ""
        },
        "_r_34_62": {
            "name": "_r_34_62",
            "optional": false,
            "type": "FEATURE",
            "note": ""
        },
        "_r_34_63": {
            "name": "_r_34_63",
            "optional": true,
            "type": "FEATURE",
            "note": ""
        },
        "_r_34_91": {
            "name": "_r_34_91",
            "optional": false,
            "type": "FEATURE",
            "note": ""
        },
        "_r_34_91_92": {
            "name": "_r_34_91_92",
            "optional": false,
            "type": "OR",
            "note": ""
        },
        "_r_34_91_92_93_94": {
            "name": "_r_34_91_92_93_94",
            "optional": true,
            "type": "FEATURE",
            "note": ""
        },
        "_r_34_91_92_93_95": {
            "name": "_r_34_91_92_93_95",
            "optional": true,
            "type": "FEATURE",
            "note": ""
        },
        "_r_35": {
            "name": "_r_35",
            "optional": true,
            "type": "OR",
            "note": ""
        },
        "_r_35_62": {
            "name": "_r_35_62",
            "optional": false,
            "type": "FEATURE",
            "note": ""
        },
        "_r_35_63": {
            "name": "_r_35_63",
            "optional": false,
            "type": "FEATURE",
            "note": ""
        },
        "_r_35_67_68": {
            "name": "_r_35_67_68",
            "optional": true,
            "type": "FEATURE",
            "note": ""
        },
        "_r_35_67_69": {
            "name": "_r_35_67_69",
            "optional": true,
            "type": "FEATURE",
            "note": ""
        },
        "_r_35_67_70": {
            "name": "_r_35_67_70",
            "optional": true,
            "type": "FEATURE",
            "note": ""
        },
        "_r_7": {
            "name": "_r_7",
            "optional": true,
            "type": "FEATURE",
            "note": ""
        },
        "_r_7_78": {
            "name": "_r_7_78",
            "optional": false,
            "type": "FEATURE",
            "note": ""
        },
        "_r_7_79": {
            "name": "_r_7_79",
            "optional": true,
            "type": "FEATURE",
            "note": ""
        },
        "_r_7_80": {
            "name": "_r_7_80",
            "optional": true,
            "type": "FEATURE",
            "note": ""
        },
        "_r_7_88": {
            "name": "_r_7_88",
            "optional": false,
            "type": "FEATURE",
            "note": ""
        },
        "_r_7_89": {
            "name": "_r_7_89",
            "optional": true,
            "type": "FEATURE",
            "note": ""
        },
        "_r_7_90": {
            "name": "_r_7_90",
            "optional": true,
            "type": "FEATURE",
            "note": ""
        }
    },
    "tree": {
        "id": "_r",
        "children": [
            {
                "id": "_r_1",
                "children": [
                    {
                        "id": "_r_1_18"
                    },
                    {
                        "id": "_r_1_19"
                    },
                    {
                        "id": "_r_1_20",
                        "children": [
                            {
                                "id": "_r_1_20_21_22"
                            },
                            {
                                "id": "_r_1_20_21_23"
                            }
                        ]
                    },
                    {
                        "id": "_r_1_26",
                        "children": [
                            {
                                "id": "_r_1_26_27",
                                "children": [
                                    {
                                        "id": "_r_1_26_27_29",
                                        "children": [
                                            {
                                                "id": "_r_1_26_27_29_30_31"
                                            },
                                            {
                                                "id": "_r_1_26_27_29_30_32"
                                            }
                                        ]
                                    },
                                    {
                                        "id": "_r_1_26_27_33",
                                        "children": [
                                            {
                                                "id": "_r_1_26_27_33_34"
                                            }
                                        ]
                                    }
                                ]
                            },
                            {
                                "id": "_r_1_26_28",
                                "children": [
                                    {
                                        "id": "_r_1_26_28_29"
                                    },
                                    {
                                        "id": "_r_1_26_28_30"
                                    }
                                ]
                            }
                        ]
                    },
                    {
                        "id": "_r_1_3",
                        "children": [
                            {
                                "id": "_r_1_3_5"
                            }
                        ]
                    },
                    {
                        "id": "_r_1_4"
                    },
                    {
                        "id": "_r_1_84",
                        "children": [
                            {
                                "id": "_r_1_84_85"
                            }
                        ]
                    }
                ]
            },
            {
                "id": "_r_13",
                "children": [
                    {
                        "id": "_r_13_14",
                        "children": [
                            {
                                "id": "_r_13_14_15"
                            },
                            {
                                "id": "_r_13_14_17"
                            }
                        ]
                    }
                ]
            },
            {
                "id": "_r_31",
                "children": [
                    {
                        "id": "_r_31_36"
                    },
                    {
                        "id": "_r_31_37",
                        "children": [
                            {
                                "id": "_r_31_37_74_75"
                            },
                            {
                                "id": "_r_31_37_74_76"
                            },
                            {
                                "id": "_r_31_37_74_77"
                            }
                        ]
                    },
                    {
                        "id": "_r_31_41",
                        "children": [
                            {
                                "id": "_r_31_41_71_72"
                            },
                            {
                                "id": "_r_31_41_71_73"
                            }
                        ]
                    },
                    {
                        "id": "_r_31_44",
                        "children": [
                            {
                                "id": "_r_31_44_45"
                            },
                            {
                                "id": "_r_31_44_46"
                            },
                            {
                                "id": "_r_31_44_47"
                            },
                            {
                                "id": "_r_31_44_48"
                            },
                            {
                                "id": "_r_31_44_64"
                            }
                        ]
                    }
                ]
            },
            {
                "id": "_r_32",
                "children": [
                    {
                        "id": "_r_32_49"
                    },
                    {
                        "id": "_r_32_50"
                    },
                    {
                        "id": "_r_32_51",
                        "children": [
                            {
                                "id": "_r_32_51_52_53"
                            },
                            {
                                "id": "_r_32_51_52_54"
                            },
                            {
                                "id": "_r_32_51_52_55"
                            },
                            {
                                "id": "_r_32_51_52_56"
                            },
                            {
                                "id": "_r_32_51_52_57"
                            }
                        ]
                    },
                    {
                        "id": "_r_32_65",
                        "children": [
                            {
                                "id": "_r_32_65_100"
                            },
                            {
                                "id": "_r_32_65_66"
                            }
                        ]
                    }
                ]
            },
            {
                "id": "_r_33",
                "children": [
                    {
                        "id": "_r_33_58"
                    },
                    {
                        "id": "_r_33_59"
                    },
                    {
                        "id": "_r_33_60"
                    },
                    {
                        "id": "_r_33_61"
                    },
                    {
                        "id": "_r_33_96",
                        "children": [
                            {
                                "id": "_r_33_96_98"
                            },
                            {
                                "id": "_r_33_96_99"
                            }
                        ]
                    }
                ]
            },
            {
                "id": "_r_34",
                "children": [
                    {
                        "id": "_r_34_62"
                    },
                    {
                        "id": "_r_34_63"
                    },
                    {
                        "id": "_r_34_91",
                        "children": [
                            {
                                "id": "_r_34_91_92",
                                "children": [
                                    {
                                        "id": "_r_34_91_92_93_94"
                                    },
                                    {
                                        "id": "_r_34_91_92_93_95"
                                    }
                                ]
                            }
                        ]
                    }
                ]
            },
            {
                "id": "_r_35",
                "children": [
                    {
                        "id": "_r_35_62"
                    },
                    {
                        "id": "_r_35_63"
                    },
                    {
                        "id": "_r_35_67_68"
                    },
                    {
                        "id": "_r_35_67_69"
                    },
                    {
                        "id": "_r_35_67_70"
                    }
                ]
            },
            {
                "id": "_r_7",
                "children": [
                    {
                        "id": "_r_7_78"
                    },
                    {
                        "id": "_r_7_79"
                    },
                    {
                        "id": "_r_7_80"
                    },
                    {
                        "id": "_r_7_88"
                    },
                    {
                        "id": "_r_7_89"
                    },
                    {
                        "id": "_r_7_90"
                    }
                ]
            }
        ]
    },
    "constraints": {}
}