{
    "id": "FM__r",
    "name": "FM__r",
    "features": {
        "_r": {
            "name": "_r",
            "optional": true,
            "type": "FEATURE",
            "note": ""
        },
        "_r_1": {
            "name": "_r_1",
            "optional": true,
            "type": "FEATURE",
            "note": ""
        },
        "_r_1_13": {
            "name": "_r_1_13",
            "optional": false,
            "type": "FEATURE",
            "note": ""
        },
        "_r_1_13_14": {
            "name": "_r_1_13_14",
            "optional": false,
            "type": "FEATURE",
            "note": ""
        },
        "_r_1_13_16": {
            "name": "_r_1_13_16",
            "optional": false,
            "type": "FEATURE",
            "note": ""
        },
        "_r_1_9": {
            "name": "_r_1_9",
            "optional": false,
            "type": "XOR",
            "note": ""
        },
        "_r_1_9_10_11": {
            "name": "_r_1_9_10_11",
            "optional": true,
            "type": "FEATURE",
            "note": ""
        },
        "_r_1_9_10_12": {
            "name": "_r_1_9_10_12",
            "optional": true,
            "type": "FEATURE",
            "note": ""
        },
        "_r_5": {
            "name": "_r_5",
            "optional": true,
            "type": "FEATURE",
            "note": ""
        },
        "_r_8": {
            "name": "_r_8",
            "optional": true,
            "type": "FEATURE",
            "note": ""
        }
    },
    "tree": {
        "id": "_r",
        "children": [
            {
                "id": "_r_1",
                "children": [
                    {
                        "id": "_r_1_13",
                        "children": [
                            {
                                "id": "_r_1_13_14"
                            },
                            {
                                "id": "_r_1_13_16"
                            }
                        ]
                    },
                    {
                        "id": "_r_1_9",
                        "children": [
                            {
                                "id": "_r_1_9_10_11"
                            },
                            {
                                "id": "_r_1_9_10_12"
                            }
                        ]
                    }
                ]
            },
            {
                "id": "_r_5"
            },
            {
                "id": "_r_8"
            }
        ]
    },
    "constraints": {}
}