{
    "id": "FM__r",
    "name": "FM__r",
    "features": {
        "_r": {
            "name": "_r",
            "optional": true,
            "type": "FEATURE",
            "note": ""
        },
        "_r_1": {
            "name": "_r_1",
            "optional": false,
            "type": "FEATURE",
            "note": ""
        },
        "_r_10": {
            "name": "_r_10",
            "optional": false,
            "type": "FEATURE",
            "note": ""
        },
        "_r_10_33": {
            "name": "_r_10_33",
            "optional": false,
            "type": "FEATURE",
            "note": ""
        },
        "_r_10_34": {
            "name": "_r_10_34",
            "optional": false,
            "type": "FEATURE",
            "note": ""
        },
        "_r_10_35": {
            "name": "_r_10_35",
            "optional": false,
            "type": "FEATURE",
            "note": ""
        },
        "_r_1_11": {
            "name": "_r_1_11",
            "optional": false,
            "type": "FEATURE",
            "note": ""
        },
        "_r_1_12": {
            "name": "_r_1_12",
            "optional": false,
            "type": "FEATURE",
            "note": ""
        },
        "_r_1_13": {
            "name": "_r_1_13",
            "optional": false,
            "type": "FEATURE",
            "note": ""
        },
        "_r_1_15": {
            "name": "_r_1_15",
            "optional": false,
            "type": "FEATURE",
            "note": ""
        },
        "_r_1_15_16": {
            "name": "_r_1_15_16",
            "optional": true,
            "type": "FEATURE",
            "note": ""
        },
        "_r_1_15_16_17": {
            "name": "_r_1_15_16_17",
            "optional": false,
            "type": "FEATURE",
            "note": ""
        },
        "_r_2": {
            "name": "_r_2",
            "optional": true,
            "type": "OR",
            "note": ""
        },
        "_r_2_6_7": {
            "name": "_r_2_6_7",
            "optional": true,
            "type": "FEATURE",
            "note": ""
        },
        "_r_2_6_7_18": {
            "name": "_r_2_6_7_18",
            "optional": false,
            "type": "FEATURE",
            "note": ""
        },
        "_r_2_6_7_19": {
            "name": "_r_2_6_7_19",
            "optional": false,
            "type": "FEATURE",
            "note": ""
        },
        "_r_2_6_7_20": {
            "name": "_r_2_6_7_20",
            "optional": false,
            "type": "OR",
            "note": ""
        },
        "_r_2_6_7_20_21_22": {
            "name": "_r_2_6_7_20_21_22",
            "optional": true,
            "type": "FEATURE",
            "note": ""
        },
        "_r_2_6_7_20_21_23": {
            "name": "_r_2_6_7_20_21_23",
            "optional": true,
            "type": "FEATURE",
            "note": ""
        },
        "_r_2_6_7_24": {
            "name": "_r_2_6_7_24",
            "optional": false,
            "type": "FEATURE",
            "note": ""
        },
        "_r_2_6_7_25": {
            "name": "_r_2_6_7_25",
            "optional": false,
            "type": "FEATURE",
            "note": ""
        },
        "_r_2_6_7_26": {
            "name": "_r_2_6_7_26",
            "optional": false,
            "type": "FEATURE",
            "note": ""
        },
        "_r_2_6_7_27": {
            "name": "_r_2_6_7_27",
            "optional": false,
            "type": "FEATURE",
            "note": ""
        },
        "_r_2_6_7_28": {
            "name": "_r_2_6_7_28",
            "optional": false,
            "type": "FEATURE",
            "note": ""
        },
        "_r_2_6_8": {
            "name": "_r_2_6_8",
            "optional": true,
            "type": "FEATURE",
            "note": ""
        },
        "_r_2_6_8_29": {
            "name": "_r_2_6_8_29",
            "optional": false,
            "type": "FEATURE",
            "note": ""
        },
        "_r_2_6_8_30": {
            "name": "_r_2_6_8_30",
            "optional": false,
            "type": "FEATURE",
            "note": ""
        },
        "_r_2_6_8_31": {
            "name": "_r_2_6_8_31",
            "optional": true,
            "type": "FEATURE",
            "note": ""
        },
        "_r_9": {
            "name": "_r_9",
            "optional": false,
            "type": "FEATURE",
            "note": ""
        },
        "_r_9_32": {
            "name": "_r_9_32",
            "optional": false,
            "type": "FEATURE",
            "note": ""
        }
    },
    "tree": {
        "id": "_r",
        "children": [
            {
                "id": "_r_1",
                "children": [
                    {
                        "id": "_r_1_11"
                    },
                    {
                        "id": "_r_1_12"
                    },
                    {
                        "id": "_r_1_13"
                    },
                    {
                        "id": "_r_1_15",
                        "children": [
                            {
                                "id": "_r_1_15_16",
                                "children": [
                                    {
                                        "id": "_r_1_15_16_17"
                                    }
                                ]
                            }
                        ]
                    }
                ]
            },
            {
                "id": "_r_10",
                "children": [
                    {
                        "id": "_r_10_33"
                    },
                    {
                        "id": "_r_10_34"
                    },
                    {
                        "id": "_r_10_35"
                    }
                ]
            },
            {
                "id": "_r_2",
                "children": [
                    {
                        "id": "_r_2_6_7",
                        "children": [
                            {
                                "id": "_r_2_6_7_18"
                            },
                            {
                                "id": "_r_2_6_7_19"
                            },
                            {
                                "id": "_r_2_6_7_20",
                                "children": [
                                    {
                                        "id": "_r_2_6_7_20_21_22"
                                    },
                                    {
                                        "id": "_r_2_6_7_20_21_23"
                                    }
                                ]
                            },
                            {
                                "id": "_r_2_6_7_24"
                            },
                            {
                                "id": "_r_2_6_7_25"
                            },
                            {
                                "id": "_r_2_6_7_26"
                            },
                            {
                                "id": "_r_2_6_7_27"
                            },
                            {
                                "id": "_r_2_6_7_28"
                            }
                        ]
                    },
                    {
                        "id": "_r_2_6_8",
                        "children": [
                            {
                                "id": "_r_2_6_8_29"
                            },
                            {
                                "id": "_r_2_6_8_30"
                            },
                            {
                                "id": "_r_2_6_8_31"
                            }
                        ]
                    }
                ]
            },
            {
                "id": "_r_9",
                "children": [
                    {
                        "id": "_r_9_32"
                    }
                ]
            }
        ]
    },
    "constraints": {
        "Constraint 0": {
            "type": "ImpliesTerm",
            "operands": [
                {
                    "type": "FeatureTerm",
                    "operands": [
                        "_r_2_6_7"
                    ]
                },
                {
                    "type": "FeatureTerm",
                    "operands": [
                        "_r_2_6_8"
                    ]
                }
            ]
        },
        "Constraint 1": {
            "type": "ImpliesTerm",
            "operands": [
                {
                    "type": "FeatureTerm",
                    "operands": [
                        "_r_2_6_7_20_21_22"
                    ]
                },
                {
                    "type": "FeatureTerm",
                    "operands": [
                        "_r_2_6_7_20_21_23"
                    ]
                }
            ]
        }
    }
}