{
    "id": "FM__r",
    "name": "FM__r",
    "features": {
        "_r": {
            "name": "_r",
            "optional": true,
            "type": "FEATURE",
            "note": ""
        },
        "_r_1": {
            "name": "_r_1",
            "optional": false,
            "type": "FEATURE",
            "note": ""
        },
        "_r_2": {
            "name": "_r_2",
            "optional": false,
            "type": "FEATURE",
            "note": ""
        },
        "_r_2_3": {
            "name": "_r_2_3",
            "optional": false,
            "type": "FEATURE",
            "note": ""
        },
        "_r_2_3_5": {
            "name": "_r_2_3_5",
            "optional": false,
            "type": "FEATURE",
            "note": ""
        },
        "_r_2_3_6": {
            "name": "_r_2_3_6",
            "optional": false,
            "type": "OR",
            "note": ""
        },
        "_r_2_3_6_7_10": {
            "name": "_r_2_3_6_7_10",
            "optional": true,
            "type": "FEATURE",
            "note": ""
        },
        "_r_2_3_6_7_11": {
            "name": "_r_2_3_6_7_11",
            "optional": true,
            "type": "FEATURE",
            "note": ""
        },
        "_r_2_3_6_7_12": {
            "name": "_r_2_3_6_7_12",
            "optional": true,
            "type": "FEATURE",
            "note": ""
        },
        "_r_2_3_6_7_8": {
            "name": "_r_2_3_6_7_8",
            "optional": true,
            "type": "FEATURE",
            "note": ""
        },
        "_r_2_3_6_7_9": {
            "name": "_r_2_3_6_7_9",
            "optional": true,
            "type": "FEATURE",
            "note": ""
        },
        "_r_2_4": {
            "name": "_r_2_4",
            "optional": true,
            "type": "FEATURE",
            "note": ""
        },
        "_r_2_4_13": {
            "name": "_r_2_4_13",
            "optional": true,
            "type": "FEATURE",
            "note": ""
        }
    },
    "tree": {
        "id": "_r",
        "children": [
            {
                "id": "_r_1"
            },
            {
                "id": "_r_2",
                "children": [
                    {
                        "id": "_r_2_3",
                        "children": [
                            {
                                "id": "_r_2_3_5"
                            },
                            {
                                "id": "_r_2_3_6",
                                "children": [
                                    {
                                        "id": "_r_2_3_6_7_10"
                                    },
                                    {
                                        "id": "_r_2_3_6_7_11"
                                    },
                                    {
                                        "id": "_r_2_3_6_7_12"
                                    },
                                    {
                                        "id": "_r_2_3_6_7_8"
                                    },
                                    {
                                        "id": "_r_2_3_6_7_9"
                                    }
                                ]
                            }
                        ]
                    },
                    {
                        "id": "_r_2_4",
                        "children": [
                            {
                                "id": "_r_2_4_13"
                            }
                        ]
                    }
                ]
            }
        ]
    },
    "constraints": {
        "Constraint 0": {
            "type": "ImpliesTerm",
            "operands": [
                {
                    "type": "FeatureTerm",
                    "operands": [
                        "_r_2_3_5"
                    ]
                },
                {
                    "type": "FeatureTerm",
                    "operands": [
                        "_r_2_3"
                    ]
                }
            ]
        }
    }
}