{
    "id": "FM__r",
    "name": "FM__r",
    "features": {
        "_r": {
            "name": "_r",
            "optional": true,
            "type": "FEATURE",
            "note": ""
        },
        "_r_1": {
            "name": "_r_1",
            "optional": false,
            "type": "FEATURE",
            "note": ""
        },
        "_r_1_7": {
            "name": "_r_1_7",
            "optional": false,
            "type": "FEATURE",
            "note": ""
        },
        "_r_1_8": {
            "name": "_r_1_8",
            "optional": true,
            "type": "FEATURE",
            "note": ""
        },
        "_r_1_9": {
            "name": "_r_1_9",
            "optional": true,
            "type": "FEATURE",
            "note": ""
        },
        "_r_2": {
            "name": "_r_2",
            "optional": false,
            "type": "FEATURE",
            "note": ""
        },
        "_r_2_10": {
            "name": "_r_2_10",
            "optional": false,
            "type": "FEATURE",
            "note": ""
        },
        "_r_2_10_11": {
            "name": "_r_2_10_11",
            "optional": false,
            "type": "FEATURE",
            "note": ""
        },
        "_r_2_10_12": {
            "name": "_r_2_10_12",
            "optional": false,
            "type": "FEATURE",
            "note": ""
        },
        "_r_2_13": {
            "name": "_r_2_13",
            "optional": true,
            "type": "FEATURE",
            "note": ""
        },
        "_r_2_14": {
            "name": "_r_2_14",
            "optional": true,
            "type": "FEATURE",
            "note": ""
        },
        "_r_2_14_15": {
            "name": "_r_2_14_15",
            "optional": true,
            "type": "FEATURE",
            "note": ""
        },
        "_r_2_14_16": {
            "name": "_r_2_14_16",
            "optional": true,
            "type": "FEATURE",
            "note": ""
        },
        "_r_3": {
            "name": "_r_3",
            "optional": false,
            "type": "XOR",
            "note": ""
        },
        "_r_3_17_18": {
            "name": "_r_3_17_18",
            "optional": true,
            "type": "FEATURE",
            "note": ""
        },
        "_r_3_17_19": {
            "name": "_r_3_17_19",
            "optional": true,
            "type": "FEATURE",
            "note": ""
        }
    },
    "tree": {
        "id": "_r",
        "children": [
            {
                "id": "_r_1",
                "children": [
                    {
                        "id": "_r_1_7"
                    },
                    {
                        "id": "_r_1_8"
                    },
                    {
                        "id": "_r_1_9"
                    }
                ]
            },
            {
                "id": "_r_2",
                "children": [
                    {
                        "id": "_r_2_10",
                        "children": [
                            {
                                "id": "_r_2_10_11"
                            },
                            {
                                "id": "_r_2_10_12"
                            }
                        ]
                    },
                    {
                        "id": "_r_2_13"
                    },
                    {
                        "id": "_r_2_14",
                        "children": [
                            {
                                "id": "_r_2_14_15"
                            },
                            {
                                "id": "_r_2_14_16"
                            }
                        ]
                    }
                ]
            },
            {
                "id": "_r_3",
                "children": [
                    {
                        "id": "_r_3_17_18"
                    },
                    {
                        "id": "_r_3_17_19"
                    }
                ]
            }
        ]
    },
    "constraints": {
        "Constraint 0": {
            "type": "ImpliesTerm",
            "operands": [
                {
                    "type": "FeatureTerm",
                    "operands": [
                        "_r_2_13"
                    ]
                },
                {
                    "type": "FeatureTerm",
                    "operands": [
                        "_r_2_14"
                    ]
                }
            ]
        }
    }
}