{
    "id": "FM__r",
    "name": "FM__r",
    "features": {
        "_r": {
            "name": "_r",
            "optional": true,
            "type": "XOR",
            "note": ""
        },
        "_r_11_12": {
            "name": "_r_11_12",
            "optional": true,
            "type": "FEATURE",
            "note": ""
        },
        "_r_11_13": {
            "name": "_r_11_13",
            "optional": true,
            "type": "XOR",
            "note": ""
        },
        "_r_11_13_18_19": {
            "name": "_r_11_13_18_19",
            "optional": true,
            "type": "FEATURE",
            "note": ""
        },
        "_r_11_13_18_20": {
            "name": "_r_11_13_18_20",
            "optional": true,
            "type": "FEATURE",
            "note": ""
        },
        "_r_11_13_21": {
            "name": "_r_11_13_21",
            "optional": true,
            "type": "FEATURE",
            "note": ""
        },
        "_r_15": {
            "name": "_r_15",
            "optional": true,
            "type": "OR",
            "note": ""
        },
        "_r_15_24_25": {
            "name": "_r_15_24_25",
            "optional": true,
            "type": "FEATURE",
            "note": ""
        },
        "_r_15_24_26": {
            "name": "_r_15_24_26",
            "optional": true,
            "type": "FEATURE",
            "note": ""
        },
        "_r_2": {
            "name": "_r_2",
            "optional": false,
            "type": "FEATURE",
            "note": ""
        },
        "_r_23": {
            "name": "_r_23",
            "optional": true,
            "type": "FEATURE",
            "note": ""
        },
        "_r_27": {
            "name": "_r_27",
            "optional": false,
            "type": "OR",
            "note": ""
        },
        "_r_27_28_29": {
            "name": "_r_27_28_29",
            "optional": true,
            "type": "OR",
            "note": ""
        },
        "_r_27_28_29_32_33": {
            "name": "_r_27_28_29_32_33",
            "optional": true,
            "type": "FEATURE",
            "note": ""
        },
        "_r_27_28_29_32_34": {
            "name": "_r_27_28_29_32_34",
            "optional": true,
            "type": "FEATURE",
            "note": ""
        },
        "_r_27_28_30": {
            "name": "_r_27_28_30",
            "optional": true,
            "type": "OR",
            "note": ""
        },
        "_r_27_28_30_35_36": {
            "name": "_r_27_28_30_35_36",
            "optional": true,
            "type": "FEATURE",
            "note": ""
        },
        "_r_27_28_30_35_37": {
            "name": "_r_27_28_30_35_37",
            "optional": true,
            "type": "FEATURE",
            "note": ""
        },
        "_r_27_28_31": {
            "name": "_r_27_28_31",
            "optional": true,
            "type": "OR",
            "note": ""
        },
        "_r_27_28_31_38_39": {
            "name": "_r_27_28_31_38_39",
            "optional": true,
            "type": "FEATURE",
            "note": ""
        },
        "_r_27_28_31_38_40": {
            "name": "_r_27_28_31_38_40",
            "optional": true,
            "type": "FEATURE",
            "note": ""
        },
        "_r_27_41": {
            "name": "_r_27_41",
            "optional": false,
            "type": "FEATURE",
            "note": ""
        },
        "_r_27_43": {
            "name": "_r_27_43",
            "optional": true,
            "type": "FEATURE",
            "note": ""
        },
        "_r_27_44": {
            "name": "_r_27_44",
            "optional": false,
            "type": "FEATURE",
            "note": ""
        },
        "_r_27_45": {
            "name": "_r_27_45",
            "optional": true,
            "type": "FEATURE",
            "note": ""
        },
        "_r_27_45_46": {
            "name": "_r_27_45_46",
            "optional": true,
            "type": "FEATURE",
            "note": ""
        },
        "_r_27_45_47": {
            "name": "_r_27_45_47",
            "optional": true,
            "type": "FEATURE",
            "note": ""
        },
        "_r_27_48": {
            "name": "_r_27_48",
            "optional": false,
            "type": "FEATURE",
            "note": ""
        },
        "_r_27_49": {
            "name": "_r_27_49",
            "optional": false,
            "type": "FEATURE",
            "note": ""
        },
        "_r_3": {
            "name": "_r_3",
            "optional": false,
            "type": "FEATURE",
            "note": ""
        },
        "_r_4": {
            "name": "_r_4",
            "optional": false,
            "type": "FEATURE",
            "note": ""
        },
        "_r_5": {
            "name": "_r_5",
            "optional": false,
            "type": "FEATURE",
            "note": ""
        },
        "_r_6_10": {
            "name": "_r_6_10",
            "optional": true,
            "type": "FEATURE",
            "note": ""
        },
        "_r_6_7": {
            "name": "_r_6_7",
            "optional": true,
            "type": "FEATURE",
            "note": ""
        },
        "_r_6_8": {
            "name": "_r_6_8",
            "optional": true,
            "type": "FEATURE",
            "note": ""
        },
        "_r_6_9": {
            "name": "_r_6_9",
            "optional": true,
            "type": "FEATURE",
            "note": ""
        }
    },
    "tree": {
        "id": "_r",
        "children": [
            {
                "id": "_r_11_12"
            },
            {
                "id": "_r_11_13",
                "children": [
                    {
                        "id": "_r_11_13_18_19"
                    },
                    {
                        "id": "_r_11_13_18_20"
                    },
                    {
                        "id": "_r_11_13_21"
                    }
                ]
            },
            {
                "id": "_r_15",
                "children": [
                    {
                        "id": "_r_15_24_25"
                    },
                    {
                        "id": "_r_15_24_26"
                    }
                ]
            },
            {
                "id": "_r_2"
            },
            {
                "id": "_r_23"
            },
            {
                "id": "_r_27",
                "children": [
                    {
                        "id": "_r_27_28_29",
                        "children": [
                            {
                                "id": "_r_27_28_29_32_33"
                            },
                            {
                                "id": "_r_27_28_29_32_34"
                            }
                        ]
                    },
                    {
                        "id": "_r_27_28_30",
                        "children": [
                            {
                                "id": "_r_27_28_30_35_36"
                            },
                            {
                                "id": "_r_27_28_30_35_37"
                            }
                        ]
                    },
                    {
                        "id": "_r_27_28_31",
                        "children": [
                            {
                                "id": "_r_27_28_31_38_39"
                            },
                            {
                                "id": "_r_27_28_31_38_40"
                            }
                        ]
                    },
                    {
                        "id": "_r_27_41"
                    },
                    {
                        "id": "_r_27_43"
                    },
                    {
                        "id": "_r_27_44"
                    },
                    {
                        "id": "_r_27_45",
                        "children": [
                            {
                                "id": "_r_27_45_46"
                            },
                            {
                                "id": "_r_27_45_47"
                            }
                        ]
                    },
                    {
                        "id": "_r_27_48"
                    },
                    {
                        "id": "_r_27_49"
                    }
                ]
            },
            {
                "id": "_r_3"
            },
            {
                "id": "_r_4"
            },
            {
                "id": "_r_5"
            },
            {
                "id": "_r_6_10"
            },
            {
                "id": "_r_6_7"
            },
            {
                "id": "_r_6_8"
            },
            {
                "id": "_r_6_9"
            }
        ]
    },
    "constraints": {}
}