{
    "id": "FM__r",
    "name": "FM__r",
    "features": {
        "_r": {
            "name": "_r",
            "optional": true,
            "type": "FEATURE",
            "note": ""
        },
        "_r_1": {
            "name": "_r_1",
            "optional": false,
            "type": "FEATURE",
            "note": ""
        },
        "_r_1_2": {
            "name": "_r_1_2",
            "optional": false,
            "type": "FEATURE",
            "note": ""
        },
        "_r_3": {
            "name": "_r_3",
            "optional": false,
            "type": "FEATURE",
            "note": ""
        },
        "_r_3_4": {
            "name": "_r_3_4",
            "optional": false,
            "type": "FEATURE",
            "note": ""
        },
        "_r_3_5": {
            "name": "_r_3_5",
            "optional": true,
            "type": "FEATURE",
            "note": ""
        },
        "_r_6": {
            "name": "_r_6",
            "optional": true,
            "type": "FEATURE",
            "note": ""
        },
        "_r_6_8": {
            "name": "_r_6_8",
            "optional": true,
            "type": "FEATURE",
            "note": ""
        },
        "_r_6_9": {
            "name": "_r_6_9",
            "optional": true,
            "type": "FEATURE",
            "note": ""
        },
        "_r_7": {
            "name": "_r_7",
            "optional": false,
            "type": "FEATURE",
            "note": ""
        }
    },
    "tree": {
        "id": "_r",
        "children": [
            {
                "id": "_r_1",
                "children": [
                    {
                        "id": "_r_1_2"
                    }
                ]
            },
            {
                "id": "_r_3",
                "children": [
                    {
                        "id": "_r_3_4"
                    },
                    {
                        "id": "_r_3_5"
                    }
                ]
            },
            {
                "id": "_r_6",
                "children": [
                    {
                        "id": "_r_6_8"
                    },
                    {
                        "id": "_r_6_9"
                    }
                ]
            },
            {
                "id": "_r_7"
            }
        ]
    },
    "constraints": {}
}