{
    "id": "FM__r",
    "name": "FM__r",
    "features": {
        "_r": {
            "name": "_r",
            "optional": true,
            "type": "FEATURE",
            "note": ""
        },
        "_r_3": {
            "name": "_r_3",
            "optional": false,
            "type": "OR",
            "note": ""
        },
        "_r_3_9_10": {
            "name": "_r_3_9_10",
            "optional": true,
            "type": "FEATURE",
            "note": ""
        },
        "_r_3_9_13": {
            "name": "_r_3_9_13",
            "optional": true,
            "type": "FEATURE",
            "note": ""
        },
        "_r_3_9_14": {
            "name": "_r_3_9_14",
            "optional": true,
            "type": "FEATURE",
            "note": ""
        },
        "_r_3_9_14_16": {
            "name": "_r_3_9_14_16",
            "optional": true,
            "type": "FEATURE",
            "note": ""
        },
        "_r_3_9_14_17": {
            "name": "_r_3_9_14_17",
            "optional": true,
            "type": "FEATURE",
            "note": ""
        },
        "_r_3_9_15": {
            "name": "_r_3_9_15",
            "optional": true,
            "type": "FEATURE",
            "note": ""
        },
        "_r_4": {
            "name": "_r_4",
            "optional": false,
            "type": "OR",
            "note": ""
        },
        "_r_4_54_55": {
            "name": "_r_4_54_55",
            "optional": true,
            "type": "FEATURE",
            "note": ""
        },
        "_r_4_54_57": {
            "name": "_r_4_54_57",
            "optional": true,
            "type": "FEATURE",
            "note": ""
        },
        "_r_4_54_58": {
            "name": "_r_4_54_58",
            "optional": true,
            "type": "FEATURE",
            "note": ""
        },
        "_r_4_54_59": {
            "name": "_r_4_54_59",
            "optional": true,
            "type": "FEATURE",
            "note": ""
        },
        "_r_4_56": {
            "name": "_r_4_56",
            "optional": true,
            "type": "FEATURE",
            "note": ""
        },
        "_r_5": {
            "name": "_r_5",
            "optional": false,
            "type": "FEATURE",
            "note": ""
        },
        "_r_5_26": {
            "name": "_r_5_26",
            "optional": true,
            "type": "FEATURE",
            "note": ""
        },
        "_r_5_27": {
            "name": "_r_5_27",
            "optional": true,
            "type": "FEATURE",
            "note": ""
        },
        "_r_5_28": {
            "name": "_r_5_28",
            "optional": true,
            "type": "FEATURE",
            "note": ""
        },
        "_r_5_29": {
            "name": "_r_5_29",
            "optional": true,
            "type": "OR",
            "note": ""
        },
        "_r_5_29_45_46": {
            "name": "_r_5_29_45_46",
            "optional": true,
            "type": "FEATURE",
            "note": ""
        },
        "_r_5_29_45_47": {
            "name": "_r_5_29_45_47",
            "optional": true,
            "type": "FEATURE",
            "note": ""
        },
        "_r_5_29_48": {
            "name": "_r_5_29_48",
            "optional": true,
            "type": "FEATURE",
            "note": ""
        },
        "_r_6": {
            "name": "_r_6",
            "optional": false,
            "type": "FEATURE",
            "note": ""
        },
        "_r_6_34": {
            "name": "_r_6_34",
            "optional": true,
            "type": "FEATURE",
            "note": ""
        },
        "_r_6_35": {
            "name": "_r_6_35",
            "optional": true,
            "type": "FEATURE",
            "note": ""
        },
        "_r_7": {
            "name": "_r_7",
            "optional": false,
            "type": "XOR",
            "note": ""
        },
        "_r_7_40_41": {
            "name": "_r_7_40_41",
            "optional": true,
            "type": "FEATURE",
            "note": ""
        },
        "_r_7_40_42": {
            "name": "_r_7_40_42",
            "optional": true,
            "type": "FEATURE",
            "note": ""
        },
        "_r_7_40_43": {
            "name": "_r_7_40_43",
            "optional": true,
            "type": "FEATURE",
            "note": ""
        },
        "_r_7_40_44": {
            "name": "_r_7_40_44",
            "optional": true,
            "type": "FEATURE",
            "note": ""
        },
        "_r_8": {
            "name": "_r_8",
            "optional": false,
            "type": "OR",
            "note": ""
        },
        "_r_8_49_50": {
            "name": "_r_8_49_50",
            "optional": true,
            "type": "FEATURE",
            "note": ""
        },
        "_r_8_49_51": {
            "name": "_r_8_49_51",
            "optional": true,
            "type": "FEATURE",
            "note": ""
        },
        "_r_8_49_52": {
            "name": "_r_8_49_52",
            "optional": true,
            "type": "FEATURE",
            "note": ""
        },
        "_r_8_49_53": {
            "name": "_r_8_49_53",
            "optional": true,
            "type": "FEATURE",
            "note": ""
        }
    },
    "tree": {
        "id": "_r",
        "children": [
            {
                "id": "_r_3",
                "children": [
                    {
                        "id": "_r_3_9_10"
                    },
                    {
                        "id": "_r_3_9_13"
                    },
                    {
                        "id": "_r_3_9_14",
                        "children": [
                            {
                                "id": "_r_3_9_14_16"
                            },
                            {
                                "id": "_r_3_9_14_17"
                            }
                        ]
                    },
                    {
                        "id": "_r_3_9_15"
                    }
                ]
            },
            {
                "id": "_r_4",
                "children": [
                    {
                        "id": "_r_4_54_55"
                    },
                    {
                        "id": "_r_4_54_57"
                    },
                    {
                        "id": "_r_4_54_58"
                    },
                    {
                        "id": "_r_4_54_59"
                    },
                    {
                        "id": "_r_4_56"
                    }
                ]
            },
            {
                "id": "_r_5",
                "children": [
                    {
                        "id": "_r_5_26"
                    },
                    {
                        "id": "_r_5_27"
                    },
                    {
                        "id": "_r_5_28"
                    },
                    {
                        "id": "_r_5_29",
                        "children": [
                            {
                                "id": "_r_5_29_45_46"
                            },
                            {
                                "id": "_r_5_29_45_47"
                            },
                            {
                                "id": "_r_5_29_48"
                            }
                        ]
                    }
                ]
            },
            {
                "id": "_r_6",
                "children": [
                    {
                        "id": "_r_6_34"
                    },
                    {
                        "id": "_r_6_35"
                    }
                ]
            },
            {
                "id": "_r_7",
                "children": [
                    {
                        "id": "_r_7_40_41"
                    },
                    {
                        "id": "_r_7_40_42"
                    },
                    {
                        "id": "_r_7_40_43"
                    },
                    {
                        "id": "_r_7_40_44"
                    }
                ]
            },
            {
                "id": "_r_8",
                "children": [
                    {
                        "id": "_r_8_49_50"
                    },
                    {
                        "id": "_r_8_49_51"
                    },
                    {
                        "id": "_r_8_49_52"
                    },
                    {
                        "id": "_r_8_49_53"
                    }
                ]
            }
        ]
    },
    "constraints": {}
}