{
    "id": "FM__r",
    "name": "FM__r",
    "features": {
        "_r": {
            "name": "_r",
            "optional": true,
            "type": "FEATURE",
            "note": ""
        },
        "_r_1": {
            "name": "_r_1",
            "optional": false,
            "type": "FEATURE",
            "note": ""
        },
        "_r_1_19": {
            "name": "_r_1_19",
            "optional": false,
            "type": "FEATURE",
            "note": ""
        },
        "_r_1_20": {
            "name": "_r_1_20",
            "optional": true,
            "type": "FEATURE",
            "note": ""
        },
        "_r_1_21": {
            "name": "_r_1_21",
            "optional": true,
            "type": "FEATURE",
            "note": ""
        },
        "_r_2": {
            "name": "_r_2",
            "optional": false,
            "type": "FEATURE",
            "note": ""
        },
        "_r_2_11": {
            "name": "_r_2_11",
            "optional": true,
            "type": "FEATURE",
            "note": ""
        },
        "_r_2_12": {
            "name": "_r_2_12",
            "optional": true,
            "type": "FEATURE",
            "note": ""
        },
        "_r_2_12_13": {
            "name": "_r_2_12_13",
            "optional": true,
            "type": "FEATURE",
            "note": ""
        },
        "_r_2_12_14": {
            "name": "_r_2_12_14",
            "optional": true,
            "type": "FEATURE",
            "note": ""
        },
        "_r_2_8": {
            "name": "_r_2_8",
            "optional": false,
            "type": "FEATURE",
            "note": ""
        },
        "_r_2_8_10": {
            "name": "_r_2_8_10",
            "optional": false,
            "type": "FEATURE",
            "note": ""
        },
        "_r_2_8_9": {
            "name": "_r_2_8_9",
            "optional": false,
            "type": "FEATURE",
            "note": ""
        },
        "_r_3": {
            "name": "_r_3",
            "optional": false,
            "type": "FEATURE",
            "note": ""
        },
        "_r_3_15_16": {
            "name": "_r_3_15_16",
            "optional": false,
            "type": "FEATURE",
            "note": ""
        }
    },
    "tree": {
        "id": "_r",
        "children": [
            {
                "id": "_r_1",
                "children": [
                    {
                        "id": "_r_1_19"
                    },
                    {
                        "id": "_r_1_20"
                    },
                    {
                        "id": "_r_1_21"
                    }
                ]
            },
            {
                "id": "_r_2",
                "children": [
                    {
                        "id": "_r_2_11"
                    },
                    {
                        "id": "_r_2_12",
                        "children": [
                            {
                                "id": "_r_2_12_13"
                            },
                            {
                                "id": "_r_2_12_14"
                            }
                        ]
                    },
                    {
                        "id": "_r_2_8",
                        "children": [
                            {
                                "id": "_r_2_8_10"
                            },
                            {
                                "id": "_r_2_8_9"
                            }
                        ]
                    }
                ]
            },
            {
                "id": "_r_3",
                "children": [
                    {
                        "id": "_r_3_15_16"
                    }
                ]
            }
        ]
    },
    "constraints": {
        "Constraint 0": {
            "type": "ImpliesTerm",
            "operands": [
                {
                    "type": "FeatureTerm",
                    "operands": [
                        "_r_2_11"
                    ]
                },
                {
                    "type": "FeatureTerm",
                    "operands": [
                        "_r_2_12"
                    ]
                }
            ]
        },
        "Constraint 1": {
            "type": "ImpliesTerm",
            "operands": [
                {
                    "type": "FeatureTerm",
                    "operands": [
                        "_r_3_15_16"
                    ]
                },
                {
                    "type": "FeatureTerm",
                    "operands": [
                        "_r_1_19"
                    ]
                }
            ]
        }
    }
}