{
    "id": "FM__r",
    "name": "FM__r",
    "features": {
        "_r": {
            "name": "_r",
            "optional": true,
            "type": "FEATURE",
            "note": ""
        },
        "_r_1": {
            "name": "_r_1",
            "optional": false,
            "type": "OR",
            "note": ""
        },
        "_r_18": {
            "name": "_r_18",
            "optional": false,
            "type": "FEATURE",
            "note": ""
        },
        "_r_18_19": {
            "name": "_r_18_19",
            "optional": false,
            "type": "FEATURE",
            "note": ""
        },
        "_r_18_20": {
            "name": "_r_18_20",
            "optional": true,
            "type": "FEATURE",
            "note": ""
        },
        "_r_18_21": {
            "name": "_r_18_21",
            "optional": true,
            "type": "FEATURE",
            "note": ""
        },
        "_r_1_11_12": {
            "name": "_r_1_11_12",
            "optional": true,
            "type": "OR",
            "note": ""
        },
        "_r_1_11_12_15_16": {
            "name": "_r_1_11_12_15_16",
            "optional": true,
            "type": "FEATURE",
            "note": ""
        },
        "_r_1_11_12_15_17": {
            "name": "_r_1_11_12_15_17",
            "optional": true,
            "type": "FEATURE",
            "note": ""
        },
        "_r_1_11_13": {
            "name": "_r_1_11_13",
            "optional": true,
            "type": "FEATURE",
            "note": ""
        },
        "_r_1_11_14": {
            "name": "_r_1_11_14",
            "optional": true,
            "type": "FEATURE",
            "note": ""
        },
        "_r_1_11_22": {
            "name": "_r_1_11_22",
            "optional": true,
            "type": "FEATURE",
            "note": ""
        },
        "_r_2": {
            "name": "_r_2",
            "optional": false,
            "type": "FEATURE",
            "note": ""
        },
        "_r_22": {
            "name": "_r_22",
            "optional": false,
            "type": "FEATURE",
            "note": ""
        },
        "_r_22_23": {
            "name": "_r_22_23",
            "optional": false,
            "type": "FEATURE",
            "note": ""
        },
        "_r_3": {
            "name": "_r_3",
            "optional": false,
            "type": "FEATURE",
            "note": ""
        },
        "_r_4": {
            "name": "_r_4",
            "optional": true,
            "type": "FEATURE",
            "note": ""
        },
        "_r_4_5": {
            "name": "_r_4_5",
            "optional": true,
            "type": "FEATURE",
            "note": ""
        },
        "_r_4_6": {
            "name": "_r_4_6",
            "optional": true,
            "type": "FEATURE",
            "note": ""
        },
        "_r_4_7": {
            "name": "_r_4_7",
            "optional": true,
            "type": "XOR",
            "note": ""
        },
        "_r_4_7_8_10": {
            "name": "_r_4_7_8_10",
            "optional": true,
            "type": "FEATURE",
            "note": ""
        },
        "_r_4_7_8_9": {
            "name": "_r_4_7_8_9",
            "optional": true,
            "type": "FEATURE",
            "note": ""
        }
    },
    "tree": {
        "id": "_r",
        "children": [
            {
                "id": "_r_1",
                "children": [
                    {
                        "id": "_r_1_11_12",
                        "children": [
                            {
                                "id": "_r_1_11_12_15_16"
                            },
                            {
                                "id": "_r_1_11_12_15_17"
                            }
                        ]
                    },
                    {
                        "id": "_r_1_11_13"
                    },
                    {
                        "id": "_r_1_11_14"
                    },
                    {
                        "id": "_r_1_11_22"
                    }
                ]
            },
            {
                "id": "_r_18",
                "children": [
                    {
                        "id": "_r_18_19"
                    },
                    {
                        "id": "_r_18_20"
                    },
                    {
                        "id": "_r_18_21"
                    }
                ]
            },
            {
                "id": "_r_2"
            },
            {
                "id": "_r_22",
                "children": [
                    {
                        "id": "_r_22_23"
                    }
                ]
            },
            {
                "id": "_r_3"
            },
            {
                "id": "_r_4",
                "children": [
                    {
                        "id": "_r_4_5"
                    },
                    {
                        "id": "_r_4_6"
                    },
                    {
                        "id": "_r_4_7",
                        "children": [
                            {
                                "id": "_r_4_7_8_10"
                            },
                            {
                                "id": "_r_4_7_8_9"
                            }
                        ]
                    }
                ]
            }
        ]
    },
    "constraints": {}
}