{
    "id": "FM__r",
    "name": "FM__r",
    "features": {
        "_r": {
            "name": "_r",
            "optional": true,
            "type": "FEATURE",
            "note": ""
        },
        "_r_1": {
            "name": "_r_1",
            "optional": false,
            "type": "FEATURE",
            "note": ""
        },
        "_r_1_20": {
            "name": "_r_1_20",
            "optional": false,
            "type": "FEATURE",
            "note": ""
        },
        "_r_1_27": {
            "name": "_r_1_27",
            "optional": false,
            "type": "FEATURE",
            "note": ""
        },
        "_r_1_27_28": {
            "name": "_r_1_27_28",
            "optional": false,
            "type": "FEATURE",
            "note": ""
        },
        "_r_1_27_33": {
            "name": "_r_1_27_33",
            "optional": false,
            "type": "OR",
            "note": ""
        },
        "_r_1_27_33_49_50": {
            "name": "_r_1_27_33_49_50",
            "optional": true,
            "type": "FEATURE",
            "note": ""
        },
        "_r_1_27_33_49_51": {
            "name": "_r_1_27_33_49_51",
            "optional": true,
            "type": "FEATURE",
            "note": ""
        },
        "_r_1_27_33_49_52": {
            "name": "_r_1_27_33_49_52",
            "optional": true,
            "type": "FEATURE",
            "note": ""
        },
        "_r_1_27_33_49_53": {
            "name": "_r_1_27_33_49_53",
            "optional": true,
            "type": "FEATURE",
            "note": ""
        },
        "_r_1_59": {
            "name": "_r_1_59",
            "optional": false,
            "type": "FEATURE",
            "note": ""
        },
        "_r_1_79": {
            "name": "_r_1_79",
            "optional": true,
            "type": "FEATURE",
            "note": ""
        },
        "_r_2": {
            "name": "_r_2",
            "optional": false,
            "type": "FEATURE",
            "note": ""
        },
        "_r_2_21": {
            "name": "_r_2_21",
            "optional": true,
            "type": "OR",
            "note": ""
        },
        "_r_2_21_82_83": {
            "name": "_r_2_21_82_83",
            "optional": true,
            "type": "FEATURE",
            "note": ""
        },
        "_r_2_21_82_84": {
            "name": "_r_2_21_82_84",
            "optional": true,
            "type": "FEATURE",
            "note": ""
        },
        "_r_2_22": {
            "name": "_r_2_22",
            "optional": true,
            "type": "OR",
            "note": ""
        },
        "_r_2_22_74_75": {
            "name": "_r_2_22_74_75",
            "optional": true,
            "type": "FEATURE",
            "note": ""
        },
        "_r_2_22_74_76": {
            "name": "_r_2_22_74_76",
            "optional": true,
            "type": "FEATURE",
            "note": ""
        },
        "_r_2_23": {
            "name": "_r_2_23",
            "optional": true,
            "type": "FEATURE",
            "note": ""
        },
        "_r_2_76": {
            "name": "_r_2_76",
            "optional": false,
            "type": "FEATURE",
            "note": ""
        },
        "_r_2_78": {
            "name": "_r_2_78",
            "optional": false,
            "type": "FEATURE",
            "note": ""
        },
        "_r_39": {
            "name": "_r_39",
            "optional": false,
            "type": "FEATURE",
            "note": ""
        },
        "_r_39_54": {
            "name": "_r_39_54",
            "optional": false,
            "type": "OR",
            "note": ""
        },
        "_r_39_54_55_56": {
            "name": "_r_39_54_55_56",
            "optional": true,
            "type": "FEATURE",
            "note": ""
        },
        "_r_39_54_55_57": {
            "name": "_r_39_54_55_57",
            "optional": true,
            "type": "FEATURE",
            "note": ""
        },
        "_r_39_54_55_58": {
            "name": "_r_39_54_55_58",
            "optional": true,
            "type": "FEATURE",
            "note": ""
        },
        "_r_39_54_57": {
            "name": "_r_39_54_57",
            "optional": true,
            "type": "FEATURE",
            "note": ""
        },
        "_r_39_59": {
            "name": "_r_39_59",
            "optional": true,
            "type": "OR",
            "note": ""
        },
        "_r_39_59_58": {
            "name": "_r_39_59_58",
            "optional": true,
            "type": "FEATURE",
            "note": ""
        },
        "_r_39_59_62_63": {
            "name": "_r_39_59_62_63",
            "optional": true,
            "type": "FEATURE",
            "note": ""
        },
        "_r_39_59_62_64": {
            "name": "_r_39_59_62_64",
            "optional": true,
            "type": "FEATURE",
            "note": ""
        },
        "_r_39_59_62_65": {
            "name": "_r_39_59_62_65",
            "optional": true,
            "type": "FEATURE",
            "note": ""
        },
        "_r_39_64": {
            "name": "_r_39_64",
            "optional": false,
            "type": "OR",
            "note": ""
        },
        "_r_39_64_65_66": {
            "name": "_r_39_64_65_66",
            "optional": true,
            "type": "FEATURE",
            "note": ""
        },
        "_r_39_64_65_67": {
            "name": "_r_39_64_65_67",
            "optional": true,
            "type": "FEATURE",
            "note": ""
        },
        "_r_39_64_65_68": {
            "name": "_r_39_64_65_68",
            "optional": true,
            "type": "FEATURE",
            "note": ""
        },
        "_r_39_64_65_69": {
            "name": "_r_39_64_65_69",
            "optional": true,
            "type": "FEATURE",
            "note": ""
        },
        "_r_39_65": {
            "name": "_r_39_65",
            "optional": true,
            "type": "OR",
            "note": ""
        },
        "_r_39_65_60_61": {
            "name": "_r_39_65_60_61",
            "optional": true,
            "type": "FEATURE",
            "note": ""
        },
        "_r_39_65_60_62": {
            "name": "_r_39_65_60_62",
            "optional": true,
            "type": "FEATURE",
            "note": ""
        },
        "_r_39_65_60_63": {
            "name": "_r_39_65_60_63",
            "optional": true,
            "type": "FEATURE",
            "note": ""
        },
        "_r_39_65_64": {
            "name": "_r_39_65_64",
            "optional": true,
            "type": "FEATURE",
            "note": ""
        },
        "_r_47": {
            "name": "_r_47",
            "optional": true,
            "type": "FEATURE",
            "note": ""
        },
        "_r_47_48": {
            "name": "_r_47_48",
            "optional": false,
            "type": "OR",
            "note": ""
        },
        "_r_47_48_70_71": {
            "name": "_r_47_48_70_71",
            "optional": true,
            "type": "FEATURE",
            "note": ""
        },
        "_r_47_48_70_72": {
            "name": "_r_47_48_70_72",
            "optional": true,
            "type": "FEATURE",
            "note": ""
        },
        "_r_47_66": {
            "name": "_r_47_66",
            "optional": false,
            "type": "OR",
            "note": ""
        },
        "_r_47_66_67_68": {
            "name": "_r_47_66_67_68",
            "optional": true,
            "type": "FEATURE",
            "note": ""
        },
        "_r_47_66_67_69": {
            "name": "_r_47_66_67_69",
            "optional": true,
            "type": "FEATURE",
            "note": ""
        },
        "_r_51": {
            "name": "_r_51",
            "optional": true,
            "type": "FEATURE",
            "note": ""
        },
        "_r_51_54": {
            "name": "_r_51_54",
            "optional": false,
            "type": "OR",
            "note": ""
        },
        "_r_51_54_55_56": {
            "name": "_r_51_54_55_56",
            "optional": true,
            "type": "FEATURE",
            "note": ""
        },
        "_r_51_54_55_57": {
            "name": "_r_51_54_55_57",
            "optional": true,
            "type": "FEATURE",
            "note": ""
        },
        "_r_51_54_55_58": {
            "name": "_r_51_54_55_58",
            "optional": true,
            "type": "FEATURE",
            "note": ""
        },
        "_r_51_59": {
            "name": "_r_51_59",
            "optional": true,
            "type": "FEATURE",
            "note": ""
        },
        "_r_54": {
            "name": "_r_54",
            "optional": true,
            "type": "OR",
            "note": ""
        },
        "_r_54_70_71": {
            "name": "_r_54_70_71",
            "optional": true,
            "type": "XOR",
            "note": ""
        },
        "_r_54_70_71_72_73": {
            "name": "_r_54_70_71_72_73",
            "optional": true,
            "type": "FEATURE",
            "note": ""
        },
        "_r_54_70_71_72_74": {
            "name": "_r_54_70_71_72_74",
            "optional": true,
            "type": "FEATURE",
            "note": ""
        },
        "_r_54_70_71_72_75": {
            "name": "_r_54_70_71_72_75",
            "optional": true,
            "type": "FEATURE",
            "note": ""
        },
        "_r_54_70_76": {
            "name": "_r_54_70_76",
            "optional": true,
            "type": "OR",
            "note": ""
        },
        "_r_54_70_76_77_78": {
            "name": "_r_54_70_76_77_78",
            "optional": true,
            "type": "FEATURE",
            "note": ""
        },
        "_r_54_70_76_77_79": {
            "name": "_r_54_70_76_77_79",
            "optional": true,
            "type": "FEATURE",
            "note": ""
        },
        "_r_63": {
            "name": "_r_63",
            "optional": true,
            "type": "FEATURE",
            "note": ""
        },
        "_r_66": {
            "name": "_r_66",
            "optional": false,
            "type": "FEATURE",
            "note": ""
        },
        "_r_66_67": {
            "name": "_r_66_67",
            "optional": false,
            "type": "OR",
            "note": ""
        },
        "_r_66_67_68_69": {
            "name": "_r_66_67_68_69",
            "optional": true,
            "type": "FEATURE",
            "note": ""
        },
        "_r_66_67_68_71": {
            "name": "_r_66_67_68_71",
            "optional": true,
            "type": "FEATURE",
            "note": ""
        },
        "_r_66_72": {
            "name": "_r_66_72",
            "optional": false,
            "type": "FEATURE",
            "note": ""
        },
        "_r_80": {
            "name": "_r_80",
            "optional": false,
            "type": "FEATURE",
            "note": ""
        },
        "_r_80_81": {
            "name": "_r_80_81",
            "optional": false,
            "type": "FEATURE",
            "note": ""
        }
    },
    "tree": {
        "id": "_r",
        "children": [
            {
                "id": "_r_1",
                "children": [
                    {
                        "id": "_r_1_20"
                    },
                    {
                        "id": "_r_1_27",
                        "children": [
                            {
                                "id": "_r_1_27_28"
                            },
                            {
                                "id": "_r_1_27_33",
                                "children": [
                                    {
                                        "id": "_r_1_27_33_49_50"
                                    },
                                    {
                                        "id": "_r_1_27_33_49_51"
                                    },
                                    {
                                        "id": "_r_1_27_33_49_52"
                                    },
                                    {
                                        "id": "_r_1_27_33_49_53"
                                    }
                                ]
                            }
                        ]
                    },
                    {
                        "id": "_r_1_59"
                    },
                    {
                        "id": "_r_1_79"
                    }
                ]
            },
            {
                "id": "_r_2",
                "children": [
                    {
                        "id": "_r_2_21",
                        "children": [
                            {
                                "id": "_r_2_21_82_83"
                            },
                            {
                                "id": "_r_2_21_82_84"
                            }
                        ]
                    },
                    {
                        "id": "_r_2_22",
                        "children": [
                            {
                                "id": "_r_2_22_74_75"
                            },
                            {
                                "id": "_r_2_22_74_76"
                            }
                        ]
                    },
                    {
                        "id": "_r_2_23"
                    },
                    {
                        "id": "_r_2_76"
                    },
                    {
                        "id": "_r_2_78"
                    }
                ]
            },
            {
                "id": "_r_39",
                "children": [
                    {
                        "id": "_r_39_54",
                        "children": [
                            {
                                "id": "_r_39_54_55_56"
                            },
                            {
                                "id": "_r_39_54_55_57"
                            },
                            {
                                "id": "_r_39_54_55_58"
                            },
                            {
                                "id": "_r_39_54_57"
                            }
                        ]
                    },
                    {
                        "id": "_r_39_59",
                        "children": [
                            {
                                "id": "_r_39_59_58"
                            },
                            {
                                "id": "_r_39_59_62_63"
                            },
                            {
                                "id": "_r_39_59_62_64"
                            },
                            {
                                "id": "_r_39_59_62_65"
                            }
                        ]
                    },
                    {
                        "id": "_r_39_64",
                        "children": [
                            {
                                "id": "_r_39_64_65_66"
                            },
                            {
                                "id": "_r_39_64_65_67"
                            },
                            {
                                "id": "_r_39_64_65_68"
                            },
                            {
                                "id": "_r_39_64_65_69"
                            }
                        ]
                    },
                    {
                        "id": "_r_39_65",
                        "children": [
                            {
                                "id": "_r_39_65_60_61"
                            },
                            {
                                "id": "_r_39_65_60_62"
                            },
                            {
                                "id": "_r_39_65_60_63"
                            },
                            {
                                "id": "_r_39_65_64"
                            }
                        ]
                    }
                ]
            },
            {
                "id": "_r_47",
                "children": [
                    {
                        "id": "_r_47_48",
                        "children": [
                            {
                                "id": "_r_47_48_70_71"
                            },
                            {
                                "id": "_r_47_48_70_72"
                            }
                        ]
                    },
                    {
                        "id": "_r_47_66",
                        "children": [
                            {
                                "id": "_r_47_66_67_68"
                            },
                            {
                                "id": "_r_47_66_67_69"
                            }
                        ]
                    }
                ]
            },
            {
                "id": "_r_51",
                "children": [
                    {
                        "id": "_r_51_54",
                        "children": [
                            {
                                "id": "_r_51_54_55_56"
                            },
                            {
                                "id": "_r_51_54_55_57"
                            },
                            {
                                "id": "_r_51_54_55_58"
                            }
                        ]
                    },
                    {
                        "id": "_r_51_59"
                    }
                ]
            },
            {
                "id": "_r_54",
                "children": [
                    {
                        "id": "_r_54_70_71",
                        "children": [
                            {
                                "id": "_r_54_70_71_72_73"
                            },
                            {
                                "id": "_r_54_70_71_72_74"
                            },
                            {
                                "id": "_r_54_70_71_72_75"
                            }
                        ]
                    },
                    {
                        "id": "_r_54_70_76",
                        "children": [
                            {
                                "id": "_r_54_70_76_77_78"
                            },
                            {
                                "id": "_r_54_70_76_77_79"
                            }
                        ]
                    }
                ]
            },
            {
                "id": "_r_63"
            },
            {
                "id": "_r_66",
                "children": [
                    {
                        "id": "_r_66_67",
                        "children": [
                            {
                                "id": "_r_66_67_68_69"
                            },
                            {
                                "id": "_r_66_67_68_71"
                            }
                        ]
                    },
                    {
                        "id": "_r_66_72"
                    }
                ]
            },
            {
                "id": "_r_80",
                "children": [
                    {
                        "id": "_r_80_81"
                    }
                ]
            }
        ]
    },
    "constraints": {
        "Constraint 0": {
            "type": "ImpliesTerm",
            "operands": [
                {
                    "type": "FeatureTerm",
                    "operands": [
                        "_r_2_22"
                    ]
                },
                {
                    "type": "FeatureTerm",
                    "operands": [
                        "_r_1_79"
                    ]
                }
            ]
        }
    }
}