{
    "id": "FM__r",
    "name": "FM__r",
    "features": {
        "_r": {
            "name": "_r",
            "optional": true,
            "type": "FEATURE",
            "note": ""
        },
        "_r_1": {
            "name": "_r_1",
            "optional": false,
            "type": "XOR",
            "note": ""
        },
        "_r_13": {
            "name": "_r_13",
            "optional": true,
            "type": "OR",
            "note": ""
        },
        "_r_13_14_15": {
            "name": "_r_13_14_15",
            "optional": true,
            "type": "FEATURE",
            "note": ""
        },
        "_r_13_14_16": {
            "name": "_r_13_14_16",
            "optional": true,
            "type": "FEATURE",
            "note": ""
        },
        "_r_13_14_17": {
            "name": "_r_13_14_17",
            "optional": true,
            "type": "FEATURE",
            "note": ""
        },
        "_r_1_2_3": {
            "name": "_r_1_2_3",
            "optional": true,
            "type": "FEATURE",
            "note": ""
        },
        "_r_1_2_3_8": {
            "name": "_r_1_2_3_8",
            "optional": false,
            "type": "FEATURE",
            "note": ""
        },
        "_r_1_2_4": {
            "name": "_r_1_2_4",
            "optional": true,
            "type": "FEATURE",
            "note": ""
        },
        "_r_1_2_5": {
            "name": "_r_1_2_5",
            "optional": true,
            "type": "FEATURE",
            "note": ""
        },
        "_r_1_2_5_7": {
            "name": "_r_1_2_5_7",
            "optional": false,
            "type": "FEATURE",
            "note": ""
        },
        "_r_9": {
            "name": "_r_9",
            "optional": false,
            "type": "OR",
            "note": ""
        },
        "_r_9_10_11": {
            "name": "_r_9_10_11",
            "optional": true,
            "type": "FEATURE",
            "note": ""
        },
        "_r_9_10_12": {
            "name": "_r_9_10_12",
            "optional": true,
            "type": "FEATURE",
            "note": ""
        }
    },
    "tree": {
        "id": "_r",
        "children": [
            {
                "id": "_r_1",
                "children": [
                    {
                        "id": "_r_1_2_3",
                        "children": [
                            {
                                "id": "_r_1_2_3_8"
                            }
                        ]
                    },
                    {
                        "id": "_r_1_2_4"
                    },
                    {
                        "id": "_r_1_2_5",
                        "children": [
                            {
                                "id": "_r_1_2_5_7"
                            }
                        ]
                    }
                ]
            },
            {
                "id": "_r_13",
                "children": [
                    {
                        "id": "_r_13_14_15"
                    },
                    {
                        "id": "_r_13_14_16"
                    },
                    {
                        "id": "_r_13_14_17"
                    }
                ]
            },
            {
                "id": "_r_9",
                "children": [
                    {
                        "id": "_r_9_10_11"
                    },
                    {
                        "id": "_r_9_10_12"
                    }
                ]
            }
        ]
    },
    "constraints": {}
}