{
    "id": "FM__r",
    "name": "FM__r",
    "features": {
        "_r": {
            "name": "_r",
            "optional": true,
            "type": "FEATURE",
            "note": ""
        },
        "_r_1": {
            "name": "_r_1",
            "optional": false,
            "type": "FEATURE",
            "note": ""
        },
        "_r_2": {
            "name": "_r_2",
            "optional": false,
            "type": "XOR",
            "note": ""
        },
        "_r_2_7_8": {
            "name": "_r_2_7_8",
            "optional": true,
            "type": "FEATURE",
            "note": ""
        },
        "_r_2_7_9": {
            "name": "_r_2_7_9",
            "optional": true,
            "type": "FEATURE",
            "note": ""
        },
        "_r_3": {
            "name": "_r_3",
            "optional": false,
            "type": "FEATURE",
            "note": ""
        },
        "_r_4": {
            "name": "_r_4",
            "optional": true,
            "type": "OR",
            "note": ""
        },
        "_r_4_10_11": {
            "name": "_r_4_10_11",
            "optional": true,
            "type": "FEATURE",
            "note": ""
        },
        "_r_4_10_12": {
            "name": "_r_4_10_12",
            "optional": true,
            "type": "FEATURE",
            "note": ""
        },
        "_r_4_10_12_13": {
            "name": "_r_4_10_12_13",
            "optional": false,
            "type": "FEATURE",
            "note": ""
        },
        "_r_4_10_12_14": {
            "name": "_r_4_10_12_14",
            "optional": false,
            "type": "FEATURE",
            "note": ""
        },
        "_r_5": {
            "name": "_r_5",
            "optional": false,
            "type": "OR",
            "note": ""
        },
        "_r_5_15_16": {
            "name": "_r_5_15_16",
            "optional": true,
            "type": "FEATURE",
            "note": ""
        },
        "_r_5_15_17": {
            "name": "_r_5_15_17",
            "optional": true,
            "type": "FEATURE",
            "note": ""
        },
        "_r_5_15_18": {
            "name": "_r_5_15_18",
            "optional": true,
            "type": "FEATURE",
            "note": ""
        },
        "_r_6": {
            "name": "_r_6",
            "optional": false,
            "type": "FEATURE",
            "note": ""
        }
    },
    "tree": {
        "id": "_r",
        "children": [
            {
                "id": "_r_1"
            },
            {
                "id": "_r_2",
                "children": [
                    {
                        "id": "_r_2_7_8"
                    },
                    {
                        "id": "_r_2_7_9"
                    }
                ]
            },
            {
                "id": "_r_3"
            },
            {
                "id": "_r_4",
                "children": [
                    {
                        "id": "_r_4_10_11"
                    },
                    {
                        "id": "_r_4_10_12",
                        "children": [
                            {
                                "id": "_r_4_10_12_13"
                            },
                            {
                                "id": "_r_4_10_12_14"
                            }
                        ]
                    }
                ]
            },
            {
                "id": "_r_5",
                "children": [
                    {
                        "id": "_r_5_15_16"
                    },
                    {
                        "id": "_r_5_15_17"
                    },
                    {
                        "id": "_r_5_15_18"
                    }
                ]
            },
            {
                "id": "_r_6"
            }
        ]
    },
    "constraints": {}
}