{
    "id": "FM__r",
    "name": "FM__r",
    "features": {
        "_r": {
            "name": "_r",
            "optional": true,
            "type": "FEATURE",
            "note": ""
        },
        "_r_1": {
            "name": "_r_1",
            "optional": false,
            "type": "FEATURE",
            "note": ""
        },
        "_r_1_3": {
            "name": "_r_1_3",
            "optional": false,
            "type": "FEATURE",
            "note": ""
        },
        "_r_1_4": {
            "name": "_r_1_4",
            "optional": true,
            "type": "FEATURE",
            "note": ""
        },
        "_r_1_9": {
            "name": "_r_1_9",
            "optional": true,
            "type": "XOR",
            "note": ""
        },
        "_r_1_9_10_11": {
            "name": "_r_1_9_10_11",
            "optional": true,
            "type": "OR",
            "note": ""
        },
        "_r_1_9_10_11_13_14": {
            "name": "_r_1_9_10_11_13_14",
            "optional": true,
            "type": "FEATURE",
            "note": ""
        },
        "_r_1_9_10_11_13_15": {
            "name": "_r_1_9_10_11_13_15",
            "optional": true,
            "type": "FEATURE",
            "note": ""
        },
        "_r_1_9_10_11_13_17": {
            "name": "_r_1_9_10_11_13_17",
            "optional": true,
            "type": "FEATURE",
            "note": ""
        },
        "_r_1_9_10_12": {
            "name": "_r_1_9_10_12",
            "optional": true,
            "type": "FEATURE",
            "note": ""
        },
        "_r_2": {
            "name": "_r_2",
            "optional": false,
            "type": "FEATURE",
            "note": ""
        }
    },
    "tree": {
        "id": "_r",
        "children": [
            {
                "id": "_r_1",
                "children": [
                    {
                        "id": "_r_1_3"
                    },
                    {
                        "id": "_r_1_4"
                    },
                    {
                        "id": "_r_1_9",
                        "children": [
                            {
                                "id": "_r_1_9_10_11",
                                "children": [
                                    {
                                        "id": "_r_1_9_10_11_13_14"
                                    },
                                    {
                                        "id": "_r_1_9_10_11_13_15"
                                    },
                                    {
                                        "id": "_r_1_9_10_11_13_17"
                                    }
                                ]
                            },
                            {
                                "id": "_r_1_9_10_12"
                            }
                        ]
                    }
                ]
            },
            {
                "id": "_r_2"
            }
        ]
    },
    "constraints": {}
}