{
    "id": "FM__r",
    "name": "FM__r",
    "features": {
        "_r": {
            "name": "_r",
            "optional": true,
            "type": "FEATURE",
            "note": ""
        },
        "_r_1": {
            "name": "_r_1",
            "optional": false,
            "type": "FEATURE",
            "note": ""
        },
        "_r_13": {
            "name": "_r_13",
            "optional": true,
            "type": "FEATURE",
            "note": ""
        },
        "_r_13_14": {
            "name": "_r_13_14",
            "optional": true,
            "type": "FEATURE",
            "note": ""
        },
        "_r_13_20": {
            "name": "_r_13_20",
            "optional": true,
            "type": "FEATURE",
            "note": ""
        },
        "_r_1_5": {
            "name": "_r_1_5",
            "optional": false,
            "type": "FEATURE",
            "note": ""
        },
        "_r_1_6": {
            "name": "_r_1_6",
            "optional": false,
            "type": "FEATURE",
            "note": ""
        },
        "_r_3": {
            "name": "_r_3",
            "optional": false,
            "type": "XOR",
            "note": ""
        },
        "_r_3_15_16": {
            "name": "_r_3_15_16",
            "optional": true,
            "type": "FEATURE",
            "note": ""
        },
        "_r_3_15_17": {
            "name": "_r_3_15_17",
            "optional": true,
            "type": "FEATURE",
            "note": ""
        },
        "_r_3_15_18": {
            "name": "_r_3_15_18",
            "optional": true,
            "type": "FEATURE",
            "note": ""
        },
        "_r_4": {
            "name": "_r_4",
            "optional": false,
            "type": "FEATURE",
            "note": ""
        },
        "_r_4_12": {
            "name": "_r_4_12",
            "optional": true,
            "type": "FEATURE",
            "note": ""
        },
        "_r_4_9": {
            "name": "_r_4_9",
            "optional": false,
            "type": "FEATURE",
            "note": ""
        }
    },
    "tree": {
        "id": "_r",
        "children": [
            {
                "id": "_r_1",
                "children": [
                    {
                        "id": "_r_1_5"
                    },
                    {
                        "id": "_r_1_6"
                    }
                ]
            },
            {
                "id": "_r_13",
                "children": [
                    {
                        "id": "_r_13_14"
                    },
                    {
                        "id": "_r_13_20"
                    }
                ]
            },
            {
                "id": "_r_3",
                "children": [
                    {
                        "id": "_r_3_15_16"
                    },
                    {
                        "id": "_r_3_15_17"
                    },
                    {
                        "id": "_r_3_15_18"
                    }
                ]
            },
            {
                "id": "_r_4",
                "children": [
                    {
                        "id": "_r_4_12"
                    },
                    {
                        "id": "_r_4_9"
                    }
                ]
            }
        ]
    },
    "constraints": {}
}