{
    "id": "FM__r",
    "name": "FM__r",
    "features": {
        "__r_31": {
            "name": "__r_31",
            "optional": true,
            "type": "FEATURE",
            "note": ""
        },
        "__r_31_32": {
            "name": "__r_31_32",
            "optional": false,
            "type": "FEATURE",
            "note": ""
        },
        "_r": {
            "name": "_r",
            "optional": true,
            "type": "FEATURE",
            "note": ""
        },
        "_r_1": {
            "name": "_r_1",
            "optional": false,
            "type": "FEATURE",
            "note": ""
        },
        "_r_2": {
            "name": "_r_2",
            "optional": false,
            "type": "OR",
            "note": ""
        },
        "_r_2_8_10": {
            "name": "_r_2_8_10",
            "optional": true,
            "type": "FEATURE",
            "note": ""
        },
        "_r_2_8_11": {
            "name": "_r_2_8_11",
            "optional": true,
            "type": "FEATURE",
            "note": ""
        },
        "_r_2_8_12": {
            "name": "_r_2_8_12",
            "optional": true,
            "type": "FEATURE",
            "note": ""
        },
        "_r_2_8_13": {
            "name": "_r_2_8_13",
            "optional": true,
            "type": "FEATURE",
            "note": ""
        },
        "_r_2_8_14": {
            "name": "_r_2_8_14",
            "optional": true,
            "type": "FEATURE",
            "note": ""
        },
        "_r_2_8_9": {
            "name": "_r_2_8_9",
            "optional": true,
            "type": "FEATURE",
            "note": ""
        },
        "_r_3": {
            "name": "_r_3",
            "optional": false,
            "type": "OR",
            "note": ""
        },
        "_r_31": {
            "name": "_r_31",
            "optional": true,
            "type": "FEATURE",
            "note": ""
        },
        "_r_31_32": {
            "name": "_r_31_32",
            "optional": false,
            "type": "FEATURE",
            "note": ""
        },
        "_r_3_36_37": {
            "name": "_r_3_36_37",
            "optional": true,
            "type": "FEATURE",
            "note": ""
        },
        "_r_3_36_38": {
            "name": "_r_3_36_38",
            "optional": true,
            "type": "FEATURE",
            "note": ""
        },
        "_r_3_36_39": {
            "name": "_r_3_36_39",
            "optional": true,
            "type": "FEATURE",
            "note": ""
        },
        "_r_4": {
            "name": "_r_4",
            "optional": true,
            "type": "FEATURE",
            "note": ""
        },
        "_r_5": {
            "name": "_r_5",
            "optional": true,
            "type": "FEATURE",
            "note": ""
        },
        "_r_6": {
            "name": "_r_6",
            "optional": false,
            "type": "OR",
            "note": ""
        },
        "_r_6_15_16": {
            "name": "_r_6_15_16",
            "optional": true,
            "type": "FEATURE",
            "note": ""
        },
        "_r_6_15_17": {
            "name": "_r_6_15_17",
            "optional": true,
            "type": "FEATURE",
            "note": ""
        },
        "_r_7": {
            "name": "_r_7",
            "optional": false,
            "type": "OR",
            "note": ""
        },
        "_r_7_18_19": {
            "name": "_r_7_18_19",
            "optional": true,
            "type": "OR",
            "note": ""
        },
        "_r_7_18_19_21_22": {
            "name": "_r_7_18_19_21_22",
            "optional": true,
            "type": "FEATURE",
            "note": ""
        },
        "_r_7_18_19_21_23": {
            "name": "_r_7_18_19_21_23",
            "optional": true,
            "type": "FEATURE",
            "note": ""
        },
        "_r_7_18_19_21_24": {
            "name": "_r_7_18_19_21_24",
            "optional": true,
            "type": "FEATURE",
            "note": ""
        },
        "_r_7_18_20": {
            "name": "_r_7_18_20",
            "optional": true,
            "type": "OR",
            "note": ""
        },
        "_r_7_18_20_25_26": {
            "name": "_r_7_18_20_25_26",
            "optional": true,
            "type": "FEATURE",
            "note": ""
        },
        "_r_7_18_20_25_27": {
            "name": "_r_7_18_20_25_27",
            "optional": true,
            "type": "FEATURE",
            "note": ""
        },
        "_r_7_18_20_25_28": {
            "name": "_r_7_18_20_25_28",
            "optional": true,
            "type": "FEATURE",
            "note": ""
        },
        "_r_7_18_20_25_30": {
            "name": "_r_7_18_20_25_30",
            "optional": true,
            "type": "FEATURE",
            "note": ""
        }
    },
    "tree": {
        "id": "_r",
        "children": [
            {
                "id": "__r_31",
                "children": [
                    {
                        "id": "__r_31_32"
                    }
                ]
            },
            {
                "id": "_r_1"
            },
            {
                "id": "_r_2",
                "children": [
                    {
                        "id": "_r_2_8_10"
                    },
                    {
                        "id": "_r_2_8_11"
                    },
                    {
                        "id": "_r_2_8_12"
                    },
                    {
                        "id": "_r_2_8_13"
                    },
                    {
                        "id": "_r_2_8_14"
                    },
                    {
                        "id": "_r_2_8_9"
                    }
                ]
            },
            {
                "id": "_r_3",
                "children": [
                    {
                        "id": "_r_3_36_37"
                    },
                    {
                        "id": "_r_3_36_38"
                    },
                    {
                        "id": "_r_3_36_39"
                    }
                ]
            },
            {
                "id": "_r_31",
                "children": [
                    {
                        "id": "_r_31_32"
                    }
                ]
            },
            {
                "id": "_r_4"
            },
            {
                "id": "_r_5"
            },
            {
                "id": "_r_6",
                "children": [
                    {
                        "id": "_r_6_15_16"
                    },
                    {
                        "id": "_r_6_15_17"
                    }
                ]
            },
            {
                "id": "_r_7",
                "children": [
                    {
                        "id": "_r_7_18_19",
                        "children": [
                            {
                                "id": "_r_7_18_19_21_22"
                            },
                            {
                                "id": "_r_7_18_19_21_23"
                            },
                            {
                                "id": "_r_7_18_19_21_24"
                            }
                        ]
                    },
                    {
                        "id": "_r_7_18_20",
                        "children": [
                            {
                                "id": "_r_7_18_20_25_26"
                            },
                            {
                                "id": "_r_7_18_20_25_27"
                            },
                            {
                                "id": "_r_7_18_20_25_28"
                            },
                            {
                                "id": "_r_7_18_20_25_30"
                            }
                        ]
                    }
                ]
            }
        ]
    },
    "constraints": {
        "Constraint 0": {
            "type": "ImpliesTerm",
            "operands": [
                {
                    "type": "FeatureTerm",
                    "operands": [
                        "_r_2_8_11"
                    ]
                },
                {
                    "type": "FeatureTerm",
                    "operands": [
                        "_r_3_36_37"
                    ]
                }
            ]
        },
        "Constraint 1": {
            "type": "ImpliesTerm",
            "operands": [
                {
                    "type": "FeatureTerm",
                    "operands": [
                        "_r_2_8_14"
                    ]
                },
                {
                    "type": "FeatureTerm",
                    "operands": [
                        "_r_3_36_37"
                    ]
                }
            ]
        },
        "Constraint 2": {
            "type": "ImpliesTerm",
            "operands": [
                {
                    "type": "FeatureTerm",
                    "operands": [
                        "_r_3_36_38"
                    ]
                },
                {
                    "type": "FeatureTerm",
                    "operands": [
                        "_r_31_32"
                    ]
                }
            ]
        },
        "Constraint 3": {
            "type": "ImpliesTerm",
            "operands": [
                {
                    "type": "FeatureTerm",
                    "operands": [
                        "_r_2_8_12"
                    ]
                },
                {
                    "type": "FeatureTerm",
                    "operands": [
                        "_r_3_36_38"
                    ]
                }
            ]
        },
        "Constraint 4": {
            "type": "ImpliesTerm",
            "operands": [
                {
                    "type": "FeatureTerm",
                    "operands": [
                        "_r_2_8_9"
                    ]
                },
                {
                    "type": "FeatureTerm",
                    "operands": [
                        "_r_3_36_37"
                    ]
                }
            ]
        },
        "Constraint 5": {
            "type": "ImpliesTerm",
            "operands": [
                {
                    "type": "FeatureTerm",
                    "operands": [
                        "_r_2_8_10"
                    ]
                },
                {
                    "type": "FeatureTerm",
                    "operands": [
                        "_r_3_36_39"
                    ]
                }
            ]
        },
        "Constraint 6": {
            "type": "ImpliesTerm",
            "operands": [
                {
                    "type": "FeatureTerm",
                    "operands": [
                        "_r_2_8_13"
                    ]
                },
                {
                    "type": "FeatureTerm",
                    "operands": [
                        "_r_3_36_38"
                    ]
                }
            ]
        },
        "Constraint 7": {
            "type": "ImpliesTerm",
            "operands": [
                {
                    "type": "FeatureTerm",
                    "operands": [
                        "_r_6_15_17"
                    ]
                },
                {
                    "type": "FeatureTerm",
                    "operands": [
                        "_r_7_18_20"
                    ]
                }
            ]
        },
        "Constraint 8": {
            "type": "ImpliesTerm",
            "operands": [
                {
                    "type": "FeatureTerm",
                    "operands": [
                        "_r_6_15_16"
                    ]
                },
                {
                    "type": "FeatureTerm",
                    "operands": [
                        "_r_7_18_19"
                    ]
                }
            ]
        }
    }
}