{
    "id": "FM__r",
    "name": "FM__r",
    "features": {
        "_r": {
            "name": "_r",
            "optional": true,
            "type": "FEATURE",
            "note": ""
        },
        "_r_1": {
            "name": "_r_1",
            "optional": false,
            "type": "FEATURE",
            "note": ""
        },
        "_r_10": {
            "name": "_r_10",
            "optional": true,
            "type": "FEATURE",
            "note": ""
        },
        "_r_10_11": {
            "name": "_r_10_11",
            "optional": true,
            "type": "OR",
            "note": ""
        },
        "_r_10_11_12_13": {
            "name": "_r_10_11_12_13",
            "optional": true,
            "type": "FEATURE",
            "note": ""
        },
        "_r_10_11_12_14": {
            "name": "_r_10_11_12_14",
            "optional": true,
            "type": "FEATURE",
            "note": ""
        },
        "_r_10_11_12_15": {
            "name": "_r_10_11_12_15",
            "optional": true,
            "type": "FEATURE",
            "note": ""
        },
        "_r_10_11_12_16": {
            "name": "_r_10_11_12_16",
            "optional": true,
            "type": "FEATURE",
            "note": ""
        },
        "_r_10_17": {
            "name": "_r_10_17",
            "optional": true,
            "type": "FEATURE",
            "note": ""
        },
        "_r_10_18": {
            "name": "_r_10_18",
            "optional": true,
            "type": "FEATURE",
            "note": ""
        },
        "_r_10_18_24": {
            "name": "_r_10_18_24",
            "optional": true,
            "type": "FEATURE",
            "note": ""
        },
        "_r_10_18_25": {
            "name": "_r_10_18_25",
            "optional": false,
            "type": "FEATURE",
            "note": ""
        },
        "_r_19": {
            "name": "_r_19",
            "optional": true,
            "type": "FEATURE",
            "note": ""
        },
        "_r_1_2": {
            "name": "_r_1_2",
            "optional": false,
            "type": "FEATURE",
            "note": ""
        },
        "_r_1_3": {
            "name": "_r_1_3",
            "optional": true,
            "type": "FEATURE",
            "note": ""
        },
        "_r_20": {
            "name": "_r_20",
            "optional": true,
            "type": "FEATURE",
            "note": ""
        },
        "_r_20_21": {
            "name": "_r_20_21",
            "optional": true,
            "type": "FEATURE",
            "note": ""
        },
        "_r_20_22": {
            "name": "_r_20_22",
            "optional": true,
            "type": "FEATURE",
            "note": ""
        },
        "_r_20_23": {
            "name": "_r_20_23",
            "optional": true,
            "type": "FEATURE",
            "note": ""
        },
        "_r_4": {
            "name": "_r_4",
            "optional": false,
            "type": "FEATURE",
            "note": ""
        },
        "_r_4_5": {
            "name": "_r_4_5",
            "optional": false,
            "type": "FEATURE",
            "note": ""
        },
        "_r_4_6": {
            "name": "_r_4_6",
            "optional": true,
            "type": "FEATURE",
            "note": ""
        },
        "_r_7": {
            "name": "_r_7",
            "optional": false,
            "type": "FEATURE",
            "note": ""
        },
        "_r_7_8": {
            "name": "_r_7_8",
            "optional": false,
            "type": "FEATURE",
            "note": ""
        },
        "_r_7_9": {
            "name": "_r_7_9",
            "optional": true,
            "type": "FEATURE",
            "note": ""
        }
    },
    "tree": {
        "id": "_r",
        "children": [
            {
                "id": "_r_1",
                "children": [
                    {
                        "id": "_r_1_2"
                    },
                    {
                        "id": "_r_1_3"
                    }
                ]
            },
            {
                "id": "_r_10",
                "children": [
                    {
                        "id": "_r_10_11",
                        "children": [
                            {
                                "id": "_r_10_11_12_13"
                            },
                            {
                                "id": "_r_10_11_12_14"
                            },
                            {
                                "id": "_r_10_11_12_15"
                            },
                            {
                                "id": "_r_10_11_12_16"
                            }
                        ]
                    },
                    {
                        "id": "_r_10_17"
                    },
                    {
                        "id": "_r_10_18",
                        "children": [
                            {
                                "id": "_r_10_18_24"
                            },
                            {
                                "id": "_r_10_18_25"
                            }
                        ]
                    }
                ]
            },
            {
                "id": "_r_19"
            },
            {
                "id": "_r_20",
                "children": [
                    {
                        "id": "_r_20_21"
                    },
                    {
                        "id": "_r_20_22"
                    },
                    {
                        "id": "_r_20_23"
                    }
                ]
            },
            {
                "id": "_r_4",
                "children": [
                    {
                        "id": "_r_4_5"
                    },
                    {
                        "id": "_r_4_6"
                    }
                ]
            },
            {
                "id": "_r_7",
                "children": [
                    {
                        "id": "_r_7_8"
                    },
                    {
                        "id": "_r_7_9"
                    }
                ]
            }
        ]
    },
    "constraints": {
        "Constraint 0": {
            "type": "ImpliesTerm",
            "operands": [
                {
                    "type": "FeatureTerm",
                    "operands": [
                        "_r_7_9"
                    ]
                },
                {
                    "type": "FeatureTerm",
                    "operands": [
                        "_r_19"
                    ]
                }
            ]
        },
        "Constraint 1": {
            "type": "ImpliesTerm",
            "operands": [
                {
                    "type": "FeatureTerm",
                    "operands": [
                        "_r_7_9"
                    ]
                },
                {
                    "type": "FeatureTerm",
                    "operands": [
                        "_r_19"
                    ]
                }
            ]
        },
        "Constraint 2": {
            "type": "ImpliesTerm",
            "operands": [
                {
                    "type": "FeatureTerm",
                    "operands": [
                        "_r_4_6"
                    ]
                },
                {
                    "type": "FeatureTerm",
                    "operands": [
                        "_r_7_9"
                    ]
                }
            ]
        },
        "Constraint 3": {
            "type": "ImpliesTerm",
            "operands": [
                {
                    "type": "FeatureTerm",
                    "operands": [
                        "_r_1_3"
                    ]
                },
                {
                    "type": "FeatureTerm",
                    "operands": [
                        "_r_7_9"
                    ]
                }
            ]
        }
    }
}