{
    "id": "FM__r",
    "name": "FM__r",
    "features": {
        "_r": {
            "name": "_r",
            "optional": true,
            "type": "FEATURE",
            "note": ""
        },
        "_r_1": {
            "name": "_r_1",
            "optional": false,
            "type": "FEATURE",
            "note": ""
        },
        "_r_3": {
            "name": "_r_3",
            "optional": true,
            "type": "FEATURE",
            "note": ""
        },
        "_r_3_4": {
            "name": "_r_3_4",
            "optional": false,
            "type": "FEATURE",
            "note": ""
        },
        "_r_3_4_10": {
            "name": "_r_3_4_10",
            "optional": true,
            "type": "FEATURE",
            "note": ""
        },
        "_r_3_4_11": {
            "name": "_r_3_4_11",
            "optional": true,
            "type": "FEATURE",
            "note": ""
        },
        "_r_3_4_12": {
            "name": "_r_3_4_12",
            "optional": true,
            "type": "FEATURE",
            "note": ""
        },
        "_r_3_4_6": {
            "name": "_r_3_4_6",
            "optional": true,
            "type": "FEATURE",
            "note": ""
        },
        "_r_3_4_7": {
            "name": "_r_3_4_7",
            "optional": true,
            "type": "FEATURE",
            "note": ""
        },
        "_r_3_4_8": {
            "name": "_r_3_4_8",
            "optional": true,
            "type": "FEATURE",
            "note": ""
        },
        "_r_3_4_9": {
            "name": "_r_3_4_9",
            "optional": true,
            "type": "FEATURE",
            "note": ""
        },
        "_r_3_5": {
            "name": "_r_3_5",
            "optional": true,
            "type": "FEATURE",
            "note": ""
        }
    },
    "tree": {
        "id": "_r",
        "children": [
            {
                "id": "_r_1"
            },
            {
                "id": "_r_3",
                "children": [
                    {
                        "id": "_r_3_4",
                        "children": [
                            {
                                "id": "_r_3_4_10"
                            },
                            {
                                "id": "_r_3_4_11"
                            },
                            {
                                "id": "_r_3_4_12"
                            },
                            {
                                "id": "_r_3_4_6"
                            },
                            {
                                "id": "_r_3_4_7"
                            },
                            {
                                "id": "_r_3_4_8"
                            },
                            {
                                "id": "_r_3_4_9"
                            }
                        ]
                    },
                    {
                        "id": "_r_3_5"
                    }
                ]
            }
        ]
    },
    "constraints": {}
}