{
    "id": "FM__r",
    "name": "FM__r",
    "features": {
        "_r": {
            "name": "_r",
            "optional": true,
            "type": "FEATURE",
            "note": ""
        },
        "_r_1": {
            "name": "_r_1",
            "optional": false,
            "type": "FEATURE",
            "note": ""
        },
        "_r_1_4": {
            "name": "_r_1_4",
            "optional": false,
            "type": "FEATURE",
            "note": ""
        },
        "_r_1_5": {
            "name": "_r_1_5",
            "optional": false,
            "type": "FEATURE",
            "note": ""
        },
        "_r_1_6": {
            "name": "_r_1_6",
            "optional": true,
            "type": "FEATURE",
            "note": ""
        },
        "_r_2": {
            "name": "_r_2",
            "optional": false,
            "type": "FEATURE",
            "note": ""
        },
        "_r_3": {
            "name": "_r_3",
            "optional": true,
            "type": "FEATURE",
            "note": ""
        },
        "_r_7_8": {
            "name": "_r_7_8",
            "optional": false,
            "type": "FEATURE",
            "note": ""
        },
        "_r_9": {
            "name": "_r_9",
            "optional": false,
            "type": "FEATURE",
            "note": ""
        },
        "_r_9_10": {
            "name": "_r_9_10",
            "optional": false,
            "type": "FEATURE",
            "note": ""
        },
        "_r_9_11": {
            "name": "_r_9_11",
            "optional": false,
            "type": "FEATURE",
            "note": ""
        }
    },
    "tree": {
        "id": "_r",
        "children": [
            {
                "id": "_r_1",
                "children": [
                    {
                        "id": "_r_1_4"
                    },
                    {
                        "id": "_r_1_5"
                    },
                    {
                        "id": "_r_1_6"
                    }
                ]
            },
            {
                "id": "_r_2"
            },
            {
                "id": "_r_3"
            },
            {
                "id": "_r_7_8"
            },
            {
                "id": "_r_9",
                "children": [
                    {
                        "id": "_r_9_10"
                    },
                    {
                        "id": "_r_9_11"
                    }
                ]
            }
        ]
    },
    "constraints": {}
}