{
    "id": "FM__r",
    "name": "FM__r",
    "features": {
        "_r": {
            "name": "_r",
            "optional": true,
            "type": "OR",
            "note": ""
        },
        "_r_1": {
            "name": "_r_1",
            "optional": true,
            "type": "OR",
            "note": ""
        },
        "_r_14_15": {
            "name": "_r_14_15",
            "optional": true,
            "type": "FEATURE",
            "note": ""
        },
        "_r_14_16": {
            "name": "_r_14_16",
            "optional": true,
            "type": "FEATURE",
            "note": ""
        },
        "_r_14_16_18": {
            "name": "_r_14_16_18",
            "optional": false,
            "type": "FEATURE",
            "note": ""
        },
        "_r_1_2_3": {
            "name": "_r_1_2_3",
            "optional": true,
            "type": "FEATURE",
            "note": ""
        },
        "_r_1_2_6": {
            "name": "_r_1_2_6",
            "optional": true,
            "type": "FEATURE",
            "note": ""
        },
        "_r_21": {
            "name": "_r_21",
            "optional": false,
            "type": "XOR",
            "note": ""
        },
        "_r_21_26_27": {
            "name": "_r_21_26_27",
            "optional": true,
            "type": "FEATURE",
            "note": ""
        },
        "_r_21_26_30": {
            "name": "_r_21_26_30",
            "optional": true,
            "type": "FEATURE",
            "note": ""
        },
        "_r_21_26_32": {
            "name": "_r_21_26_32",
            "optional": true,
            "type": "FEATURE",
            "note": ""
        },
        "_r_33": {
            "name": "_r_33",
            "optional": false,
            "type": "FEATURE",
            "note": ""
        },
        "_r_34": {
            "name": "_r_34",
            "optional": false,
            "type": "FEATURE",
            "note": ""
        }
    },
    "tree": {
        "id": "_r",
        "children": [
            {
                "id": "_r_1",
                "children": [
                    {
                        "id": "_r_1_2_3"
                    },
                    {
                        "id": "_r_1_2_6"
                    }
                ]
            },
            {
                "id": "_r_14_15"
            },
            {
                "id": "_r_14_16",
                "children": [
                    {
                        "id": "_r_14_16_18"
                    }
                ]
            },
            {
                "id": "_r_21",
                "children": [
                    {
                        "id": "_r_21_26_27"
                    },
                    {
                        "id": "_r_21_26_30"
                    },
                    {
                        "id": "_r_21_26_32"
                    }
                ]
            },
            {
                "id": "_r_33"
            },
            {
                "id": "_r_34"
            }
        ]
    },
    "constraints": {
        "Constraint 0": {
            "type": "ImpliesTerm",
            "operands": [
                {
                    "type": "FeatureTerm",
                    "operands": [
                        "_r_1"
                    ]
                },
                {
                    "type": "FeatureTerm",
                    "operands": [
                        "_r_14_15"
                    ]
                }
            ]
        },
        "Constraint 1": {
            "type": "ImpliesTerm",
            "operands": [
                {
                    "type": "FeatureTerm",
                    "operands": [
                        "_r_21_26_32"
                    ]
                },
                {
                    "type": "NotTerm",
                    "operands": [
                        {
                            "type": "FeatureTerm",
                            "operands": [
                                "_r_14_15"
                            ]
                        }
                    ]
                }
            ]
        },
        "Constraint 2": {
            "type": "ImpliesTerm",
            "operands": [
                {
                    "type": "FeatureTerm",
                    "operands": [
                        "_r_1_2_6"
                    ]
                },
                {
                    "type": "FeatureTerm",
                    "operands": [
                        "_r_21_26_27"
                    ]
                }
            ]
        }
    }
}