{
    "id": "FM__r",
    "name": "FM__r",
    "features": {
        "_r": {
            "name": "_r",
            "optional": true,
            "type": "FEATURE",
            "note": ""
        },
        "_r_1_2": {
            "name": "_r_1_2",
            "optional": false,
            "type": "FEATURE",
            "note": ""
        },
        "_r_3_4": {
            "name": "_r_3_4",
            "optional": false,
            "type": "FEATURE",
            "note": ""
        },
        "_r_3_4_20_21": {
            "name": "_r_3_4_20_21",
            "optional": false,
            "type": "FEATURE",
            "note": ""
        },
        "_r_5_6": {
            "name": "_r_5_6",
            "optional": false,
            "type": "FEATURE",
            "note": ""
        },
        "_r_7_8": {
            "name": "_r_7_8",
            "optional": false,
            "type": "FEATURE",
            "note": ""
        },
        "_r_7_8_11_12": {
            "name": "_r_7_8_11_12",
            "optional": false,
            "type": "FEATURE",
            "note": ""
        },
        "_r_7_8_11_12_16_17": {
            "name": "_r_7_8_11_12_16_17",
            "optional": false,
            "type": "FEATURE",
            "note": ""
        },
        "_r_7_8_9_10": {
            "name": "_r_7_8_9_10",
            "optional": false,
            "type": "OR",
            "note": ""
        },
        "_r_7_8_9_10_13_14": {
            "name": "_r_7_8_9_10_13_14",
            "optional": true,
            "type": "FEATURE",
            "note": ""
        },
        "_r_7_8_9_10_13_15": {
            "name": "_r_7_8_9_10_13_15",
            "optional": true,
            "type": "FEATURE",
            "note": ""
        },
        "_r_7_8_9_10_13_15_18_19": {
            "name": "_r_7_8_9_10_13_15_18_19",
            "optional": false,
            "type": "FEATURE",
            "note": ""
        }
    },
    "tree": {
        "id": "_r",
        "children": [
            {
                "id": "_r_1_2"
            },
            {
                "id": "_r_3_4",
                "children": [
                    {
                        "id": "_r_3_4_20_21"
                    }
                ]
            },
            {
                "id": "_r_5_6"
            },
            {
                "id": "_r_7_8",
                "children": [
                    {
                        "id": "_r_7_8_11_12",
                        "children": [
                            {
                                "id": "_r_7_8_11_12_16_17"
                            }
                        ]
                    },
                    {
                        "id": "_r_7_8_9_10",
                        "children": [
                            {
                                "id": "_r_7_8_9_10_13_14"
                            },
                            {
                                "id": "_r_7_8_9_10_13_15",
                                "children": [
                                    {
                                        "id": "_r_7_8_9_10_13_15_18_19"
                                    }
                                ]
                            }
                        ]
                    }
                ]
            }
        ]
    },
    "constraints": {}
}