{
    "id": "FM__r",
    "name": "FM__r",
    "features": {
        "_r": {
            "name": "_r",
            "optional": true,
            "type": "OR",
            "note": ""
        },
        "_r_1": {
            "name": "_r_1",
            "optional": false,
            "type": "FEATURE",
            "note": ""
        },
        "_r_1_2": {
            "name": "_r_1_2",
            "optional": false,
            "type": "FEATURE",
            "note": ""
        },
        "_r_1_3": {
            "name": "_r_1_3",
            "optional": false,
            "type": "FEATURE",
            "note": ""
        },
        "_r_1_4": {
            "name": "_r_1_4",
            "optional": false,
            "type": "FEATURE",
            "note": ""
        },
        "_r_1_6": {
            "name": "_r_1_6",
            "optional": false,
            "type": "FEATURE",
            "note": ""
        },
        "_r_1_7": {
            "name": "_r_1_7",
            "optional": false,
            "type": "FEATURE",
            "note": ""
        },
        "_r_8_10": {
            "name": "_r_8_10",
            "optional": true,
            "type": "FEATURE",
            "note": ""
        },
        "_r_8_11": {
            "name": "_r_8_11",
            "optional": true,
            "type": "FEATURE",
            "note": ""
        },
        "_r_8_12": {
            "name": "_r_8_12",
            "optional": true,
            "type": "FEATURE",
            "note": ""
        },
        "_r_8_13": {
            "name": "_r_8_13",
            "optional": true,
            "type": "FEATURE",
            "note": ""
        },
        "_r_8_14": {
            "name": "_r_8_14",
            "optional": true,
            "type": "FEATURE",
            "note": ""
        },
        "_r_8_9": {
            "name": "_r_8_9",
            "optional": true,
            "type": "FEATURE",
            "note": ""
        }
    },
    "tree": {
        "id": "_r",
        "children": [
            {
                "id": "_r_1",
                "children": [
                    {
                        "id": "_r_1_2"
                    },
                    {
                        "id": "_r_1_3"
                    },
                    {
                        "id": "_r_1_4"
                    },
                    {
                        "id": "_r_1_6"
                    },
                    {
                        "id": "_r_1_7"
                    }
                ]
            },
            {
                "id": "_r_8_10"
            },
            {
                "id": "_r_8_11"
            },
            {
                "id": "_r_8_12"
            },
            {
                "id": "_r_8_13"
            },
            {
                "id": "_r_8_14"
            },
            {
                "id": "_r_8_9"
            }
        ]
    },
    "constraints": {}
}