{
    "id": "FM__r",
    "name": "FM__r",
    "features": {
        "_r": {
            "name": "_r",
            "optional": true,
            "type": "OR",
            "note": ""
        },
        "_r_1_11": {
            "name": "_r_1_11",
            "optional": true,
            "type": "FEATURE",
            "note": ""
        },
        "_r_1_11_12": {
            "name": "_r_1_11_12",
            "optional": true,
            "type": "FEATURE",
            "note": ""
        },
        "_r_1_11_14": {
            "name": "_r_1_11_14",
            "optional": true,
            "type": "FEATURE",
            "note": ""
        },
        "_r_1_2": {
            "name": "_r_1_2",
            "optional": true,
            "type": "FEATURE",
            "note": ""
        },
        "_r_1_2_3": {
            "name": "_r_1_2_3",
            "optional": true,
            "type": "FEATURE",
            "note": ""
        },
        "_r_1_2_4": {
            "name": "_r_1_2_4",
            "optional": true,
            "type": "FEATURE",
            "note": ""
        },
        "_r_1_5": {
            "name": "_r_1_5",
            "optional": true,
            "type": "FEATURE",
            "note": ""
        },
        "_r_1_5_6": {
            "name": "_r_1_5_6",
            "optional": true,
            "type": "FEATURE",
            "note": ""
        },
        "_r_1_5_7": {
            "name": "_r_1_5_7",
            "optional": true,
            "type": "FEATURE",
            "note": ""
        },
        "_r_1_8": {
            "name": "_r_1_8",
            "optional": true,
            "type": "FEATURE",
            "note": ""
        },
        "_r_1_8_10": {
            "name": "_r_1_8_10",
            "optional": true,
            "type": "FEATURE",
            "note": ""
        },
        "_r_1_8_9": {
            "name": "_r_1_8_9",
            "optional": true,
            "type": "FEATURE",
            "note": ""
        }
    },
    "tree": {
        "id": "_r",
        "children": [
            {
                "id": "_r_1_11",
                "children": [
                    {
                        "id": "_r_1_11_12"
                    },
                    {
                        "id": "_r_1_11_14"
                    }
                ]
            },
            {
                "id": "_r_1_2",
                "children": [
                    {
                        "id": "_r_1_2_3"
                    },
                    {
                        "id": "_r_1_2_4"
                    }
                ]
            },
            {
                "id": "_r_1_5",
                "children": [
                    {
                        "id": "_r_1_5_6"
                    },
                    {
                        "id": "_r_1_5_7"
                    }
                ]
            },
            {
                "id": "_r_1_8",
                "children": [
                    {
                        "id": "_r_1_8_10"
                    },
                    {
                        "id": "_r_1_8_9"
                    }
                ]
            }
        ]
    },
    "constraints": {}
}