{
    "id": "FM__r",
    "name": "FM__r",
    "features": {
        "_r": {
            "name": "_r",
            "optional": true,
            "type": "FEATURE",
            "note": ""
        },
        "_r_1": {
            "name": "_r_1",
            "optional": true,
            "type": "XOR",
            "note": ""
        },
        "_r_1_5_6": {
            "name": "_r_1_5_6",
            "optional": true,
            "type": "FEATURE",
            "note": ""
        },
        "_r_1_5_7": {
            "name": "_r_1_5_7",
            "optional": true,
            "type": "FEATURE",
            "note": ""
        },
        "_r_2": {
            "name": "_r_2",
            "optional": true,
            "type": "OR",
            "note": ""
        },
        "_r_2_11_12": {
            "name": "_r_2_11_12",
            "optional": true,
            "type": "FEATURE",
            "note": ""
        },
        "_r_2_11_13": {
            "name": "_r_2_11_13",
            "optional": true,
            "type": "FEATURE",
            "note": ""
        },
        "_r_2_11_14": {
            "name": "_r_2_11_14",
            "optional": true,
            "type": "FEATURE",
            "note": ""
        },
        "_r_3": {
            "name": "_r_3",
            "optional": false,
            "type": "FEATURE",
            "note": ""
        },
        "_r_3_10": {
            "name": "_r_3_10",
            "optional": false,
            "type": "FEATURE",
            "note": ""
        },
        "_r_3_10_26": {
            "name": "_r_3_10_26",
            "optional": false,
            "type": "FEATURE",
            "note": ""
        },
        "_r_3_10_27": {
            "name": "_r_3_10_27",
            "optional": true,
            "type": "FEATURE",
            "note": ""
        },
        "_r_3_8": {
            "name": "_r_3_8",
            "optional": true,
            "type": "XOR",
            "note": ""
        },
        "_r_3_8_19_20": {
            "name": "_r_3_8_19_20",
            "optional": true,
            "type": "FEATURE",
            "note": ""
        },
        "_r_3_8_19_21": {
            "name": "_r_3_8_19_21",
            "optional": true,
            "type": "FEATURE",
            "note": ""
        },
        "_r_3_9": {
            "name": "_r_3_9",
            "optional": true,
            "type": "OR",
            "note": ""
        },
        "_r_3_9_22_23": {
            "name": "_r_3_9_22_23",
            "optional": true,
            "type": "FEATURE",
            "note": ""
        },
        "_r_3_9_22_24": {
            "name": "_r_3_9_22_24",
            "optional": true,
            "type": "FEATURE",
            "note": ""
        },
        "_r_3_9_22_25": {
            "name": "_r_3_9_22_25",
            "optional": true,
            "type": "FEATURE",
            "note": ""
        },
        "_r_4": {
            "name": "_r_4",
            "optional": true,
            "type": "XOR",
            "note": ""
        },
        "_r_4_15_16": {
            "name": "_r_4_15_16",
            "optional": true,
            "type": "FEATURE",
            "note": ""
        },
        "_r_4_15_17": {
            "name": "_r_4_15_17",
            "optional": true,
            "type": "FEATURE",
            "note": ""
        },
        "_r_4_15_18": {
            "name": "_r_4_15_18",
            "optional": true,
            "type": "FEATURE",
            "note": ""
        }
    },
    "tree": {
        "id": "_r",
        "children": [
            {
                "id": "_r_1",
                "children": [
                    {
                        "id": "_r_1_5_6"
                    },
                    {
                        "id": "_r_1_5_7"
                    }
                ]
            },
            {
                "id": "_r_2",
                "children": [
                    {
                        "id": "_r_2_11_12"
                    },
                    {
                        "id": "_r_2_11_13"
                    },
                    {
                        "id": "_r_2_11_14"
                    }
                ]
            },
            {
                "id": "_r_3",
                "children": [
                    {
                        "id": "_r_3_10",
                        "children": [
                            {
                                "id": "_r_3_10_26"
                            },
                            {
                                "id": "_r_3_10_27"
                            }
                        ]
                    },
                    {
                        "id": "_r_3_8",
                        "children": [
                            {
                                "id": "_r_3_8_19_20"
                            },
                            {
                                "id": "_r_3_8_19_21"
                            }
                        ]
                    },
                    {
                        "id": "_r_3_9",
                        "children": [
                            {
                                "id": "_r_3_9_22_23"
                            },
                            {
                                "id": "_r_3_9_22_24"
                            },
                            {
                                "id": "_r_3_9_22_25"
                            }
                        ]
                    }
                ]
            },
            {
                "id": "_r_4",
                "children": [
                    {
                        "id": "_r_4_15_16"
                    },
                    {
                        "id": "_r_4_15_17"
                    },
                    {
                        "id": "_r_4_15_18"
                    }
                ]
            }
        ]
    },
    "constraints": {}
}