{
    "id": "FM__r",
    "name": "FM__r",
    "features": {
        "_r": {
            "name": "_r",
            "optional": true,
            "type": "FEATURE",
            "note": ""
        },
        "_r_12": {
            "name": "_r_12",
            "optional": false,
            "type": "FEATURE",
            "note": ""
        },
        "_r_12_14": {
            "name": "_r_12_14",
            "optional": false,
            "type": "FEATURE",
            "note": ""
        },
        "_r_12_14_15": {
            "name": "_r_12_14_15",
            "optional": false,
            "type": "FEATURE",
            "note": ""
        },
        "_r_12_14_16": {
            "name": "_r_12_14_16",
            "optional": false,
            "type": "FEATURE",
            "note": ""
        },
        "_r_12_17": {
            "name": "_r_12_17",
            "optional": false,
            "type": "FEATURE",
            "note": ""
        },
        "_r_12_17_18": {
            "name": "_r_12_17_18",
            "optional": false,
            "type": "FEATURE",
            "note": ""
        },
        "_r_12_17_19": {
            "name": "_r_12_17_19",
            "optional": false,
            "type": "FEATURE",
            "note": ""
        },
        "_r_12_20": {
            "name": "_r_12_20",
            "optional": false,
            "type": "FEATURE",
            "note": ""
        },
        "_r_12_20_21": {
            "name": "_r_12_20_21",
            "optional": false,
            "type": "FEATURE",
            "note": ""
        },
        "_r_12_20_22": {
            "name": "_r_12_20_22",
            "optional": false,
            "type": "FEATURE",
            "note": ""
        },
        "_r_12_20_23": {
            "name": "_r_12_20_23",
            "optional": false,
            "type": "FEATURE",
            "note": ""
        },
        "_r_12_20_24": {
            "name": "_r_12_20_24",
            "optional": false,
            "type": "FEATURE",
            "note": ""
        },
        "_r_12_25": {
            "name": "_r_12_25",
            "optional": false,
            "type": "FEATURE",
            "note": ""
        },
        "_r_12_25_32": {
            "name": "_r_12_25_32",
            "optional": false,
            "type": "FEATURE",
            "note": ""
        },
        "_r_12_25_33": {
            "name": "_r_12_25_33",
            "optional": false,
            "type": "FEATURE",
            "note": ""
        },
        "_r_12_26": {
            "name": "_r_12_26",
            "optional": false,
            "type": "FEATURE",
            "note": ""
        },
        "_r_12_26_30": {
            "name": "_r_12_26_30",
            "optional": false,
            "type": "FEATURE",
            "note": ""
        },
        "_r_12_26_31": {
            "name": "_r_12_26_31",
            "optional": false,
            "type": "FEATURE",
            "note": ""
        },
        "_r_12_27": {
            "name": "_r_12_27",
            "optional": false,
            "type": "FEATURE",
            "note": ""
        },
        "_r_12_27_28": {
            "name": "_r_12_27_28",
            "optional": false,
            "type": "FEATURE",
            "note": ""
        },
        "_r_12_27_29": {
            "name": "_r_12_27_29",
            "optional": false,
            "type": "FEATURE",
            "note": ""
        },
        "_r_12_34": {
            "name": "_r_12_34",
            "optional": false,
            "type": "FEATURE",
            "note": ""
        },
        "_r_12_35": {
            "name": "_r_12_35",
            "optional": false,
            "type": "OR",
            "note": ""
        },
        "_r_12_35_36_37": {
            "name": "_r_12_35_36_37",
            "optional": true,
            "type": "FEATURE",
            "note": ""
        },
        "_r_12_35_36_38": {
            "name": "_r_12_35_36_38",
            "optional": true,
            "type": "FEATURE",
            "note": ""
        },
        "_r_12_39": {
            "name": "_r_12_39",
            "optional": true,
            "type": "FEATURE",
            "note": ""
        },
        "_r_12_39_40": {
            "name": "_r_12_39_40",
            "optional": true,
            "type": "FEATURE",
            "note": ""
        },
        "_r_12_39_41": {
            "name": "_r_12_39_41",
            "optional": true,
            "type": "FEATURE",
            "note": ""
        },
        "_r_12_42": {
            "name": "_r_12_42",
            "optional": false,
            "type": "XOR",
            "note": ""
        },
        "_r_12_42_43_44": {
            "name": "_r_12_42_43_44",
            "optional": true,
            "type": "FEATURE",
            "note": ""
        },
        "_r_12_42_43_45": {
            "name": "_r_12_42_43_45",
            "optional": true,
            "type": "FEATURE",
            "note": ""
        },
        "_r_12_47": {
            "name": "_r_12_47",
            "optional": true,
            "type": "XOR",
            "note": ""
        },
        "_r_12_47_48_49": {
            "name": "_r_12_47_48_49",
            "optional": true,
            "type": "FEATURE",
            "note": ""
        },
        "_r_12_47_48_50": {
            "name": "_r_12_47_48_50",
            "optional": true,
            "type": "FEATURE",
            "note": ""
        },
        "_r_12_47_48_50_51": {
            "name": "_r_12_47_48_50_51",
            "optional": true,
            "type": "FEATURE",
            "note": ""
        },
        "_r_12_47_48_50_52": {
            "name": "_r_12_47_48_50_52",
            "optional": true,
            "type": "FEATURE",
            "note": ""
        },
        "_r_12_47_48_50_53": {
            "name": "_r_12_47_48_50_53",
            "optional": true,
            "type": "FEATURE",
            "note": ""
        },
        "_r_12_47_48_50_54": {
            "name": "_r_12_47_48_50_54",
            "optional": true,
            "type": "FEATURE",
            "note": ""
        },
        "_r_13": {
            "name": "_r_13",
            "optional": false,
            "type": "FEATURE",
            "note": ""
        },
        "_r_13_55": {
            "name": "_r_13_55",
            "optional": true,
            "type": "XOR",
            "note": ""
        },
        "_r_13_55_56_57": {
            "name": "_r_13_55_56_57",
            "optional": true,
            "type": "FEATURE",
            "note": ""
        },
        "_r_13_55_56_59": {
            "name": "_r_13_55_56_59",
            "optional": true,
            "type": "FEATURE",
            "note": ""
        },
        "_r_13_55_56_59_60": {
            "name": "_r_13_55_56_59_60",
            "optional": true,
            "type": "FEATURE",
            "note": ""
        },
        "_r_13_62": {
            "name": "_r_13_62",
            "optional": true,
            "type": "OR",
            "note": ""
        },
        "_r_13_62_63_64": {
            "name": "_r_13_62_63_64",
            "optional": true,
            "type": "FEATURE",
            "note": ""
        },
        "_r_13_62_63_66": {
            "name": "_r_13_62_63_66",
            "optional": true,
            "type": "FEATURE",
            "note": ""
        },
        "_r_13_62_63_68": {
            "name": "_r_13_62_63_68",
            "optional": true,
            "type": "FEATURE",
            "note": ""
        },
        "_r_13_62_63_69": {
            "name": "_r_13_62_63_69",
            "optional": true,
            "type": "FEATURE",
            "note": ""
        },
        "_r_13_62_63_70": {
            "name": "_r_13_62_63_70",
            "optional": true,
            "type": "XOR",
            "note": ""
        },
        "_r_13_62_63_70_71_72": {
            "name": "_r_13_62_63_70_71_72",
            "optional": true,
            "type": "FEATURE",
            "note": ""
        },
        "_r_13_62_63_70_71_73": {
            "name": "_r_13_62_63_70_71_73",
            "optional": true,
            "type": "FEATURE",
            "note": ""
        },
        "_r_13_62_63_70_71_74": {
            "name": "_r_13_62_63_70_71_74",
            "optional": true,
            "type": "FEATURE",
            "note": ""
        },
        "_r_13_75": {
            "name": "_r_13_75",
            "optional": false,
            "type": "XOR",
            "note": ""
        },
        "_r_13_75_76_77": {
            "name": "_r_13_75_76_77",
            "optional": true,
            "type": "FEATURE",
            "note": ""
        },
        "_r_13_75_76_78": {
            "name": "_r_13_75_76_78",
            "optional": true,
            "type": "FEATURE",
            "note": ""
        },
        "_r_13_83": {
            "name": "_r_13_83",
            "optional": false,
            "type": "FEATURE",
            "note": ""
        },
        "_r_13_83_86": {
            "name": "_r_13_83_86",
            "optional": false,
            "type": "FEATURE",
            "note": ""
        },
        "_r_13_83_87": {
            "name": "_r_13_83_87",
            "optional": false,
            "type": "FEATURE",
            "note": ""
        },
        "_r_13_84": {
            "name": "_r_13_84",
            "optional": false,
            "type": "FEATURE",
            "note": ""
        },
        "_r_13_85": {
            "name": "_r_13_85",
            "optional": false,
            "type": "FEATURE",
            "note": ""
        }
    },
    "tree": {
        "id": "_r",
        "children": [
            {
                "id": "_r_12",
                "children": [
                    {
                        "id": "_r_12_14",
                        "children": [
                            {
                                "id": "_r_12_14_15"
                            },
                            {
                                "id": "_r_12_14_16"
                            }
                        ]
                    },
                    {
                        "id": "_r_12_17",
                        "children": [
                            {
                                "id": "_r_12_17_18"
                            },
                            {
                                "id": "_r_12_17_19"
                            }
                        ]
                    },
                    {
                        "id": "_r_12_20",
                        "children": [
                            {
                                "id": "_r_12_20_21"
                            },
                            {
                                "id": "_r_12_20_22"
                            },
                            {
                                "id": "_r_12_20_23"
                            },
                            {
                                "id": "_r_12_20_24"
                            }
                        ]
                    },
                    {
                        "id": "_r_12_25",
                        "children": [
                            {
                                "id": "_r_12_25_32"
                            },
                            {
                                "id": "_r_12_25_33"
                            }
                        ]
                    },
                    {
                        "id": "_r_12_26",
                        "children": [
                            {
                                "id": "_r_12_26_30"
                            },
                            {
                                "id": "_r_12_26_31"
                            }
                        ]
                    },
                    {
                        "id": "_r_12_27",
                        "children": [
                            {
                                "id": "_r_12_27_28"
                            },
                            {
                                "id": "_r_12_27_29"
                            }
                        ]
                    },
                    {
                        "id": "_r_12_34"
                    },
                    {
                        "id": "_r_12_35",
                        "children": [
                            {
                                "id": "_r_12_35_36_37"
                            },
                            {
                                "id": "_r_12_35_36_38"
                            }
                        ]
                    },
                    {
                        "id": "_r_12_39",
                        "children": [
                            {
                                "id": "_r_12_39_40"
                            },
                            {
                                "id": "_r_12_39_41"
                            }
                        ]
                    },
                    {
                        "id": "_r_12_42",
                        "children": [
                            {
                                "id": "_r_12_42_43_44"
                            },
                            {
                                "id": "_r_12_42_43_45"
                            }
                        ]
                    },
                    {
                        "id": "_r_12_47",
                        "children": [
                            {
                                "id": "_r_12_47_48_49"
                            },
                            {
                                "id": "_r_12_47_48_50",
                                "children": [
                                    {
                                        "id": "_r_12_47_48_50_51"
                                    },
                                    {
                                        "id": "_r_12_47_48_50_52"
                                    },
                                    {
                                        "id": "_r_12_47_48_50_53"
                                    },
                                    {
                                        "id": "_r_12_47_48_50_54"
                                    }
                                ]
                            }
                        ]
                    }
                ]
            },
            {
                "id": "_r_13",
                "children": [
                    {
                        "id": "_r_13_55",
                        "children": [
                            {
                                "id": "_r_13_55_56_57"
                            },
                            {
                                "id": "_r_13_55_56_59",
                                "children": [
                                    {
                                        "id": "_r_13_55_56_59_60"
                                    }
                                ]
                            }
                        ]
                    },
                    {
                        "id": "_r_13_62",
                        "children": [
                            {
                                "id": "_r_13_62_63_64"
                            },
                            {
                                "id": "_r_13_62_63_66"
                            },
                            {
                                "id": "_r_13_62_63_68"
                            },
                            {
                                "id": "_r_13_62_63_69"
                            },
                            {
                                "id": "_r_13_62_63_70",
                                "children": [
                                    {
                                        "id": "_r_13_62_63_70_71_72"
                                    },
                                    {
                                        "id": "_r_13_62_63_70_71_73"
                                    },
                                    {
                                        "id": "_r_13_62_63_70_71_74"
                                    }
                                ]
                            }
                        ]
                    },
                    {
                        "id": "_r_13_75",
                        "children": [
                            {
                                "id": "_r_13_75_76_77"
                            },
                            {
                                "id": "_r_13_75_76_78"
                            }
                        ]
                    },
                    {
                        "id": "_r_13_83",
                        "children": [
                            {
                                "id": "_r_13_83_86"
                            },
                            {
                                "id": "_r_13_83_87"
                            }
                        ]
                    },
                    {
                        "id": "_r_13_84"
                    },
                    {
                        "id": "_r_13_85"
                    }
                ]
            }
        ]
    },
    "constraints": {
        "Constraint 0": {
            "type": "ImpliesTerm",
            "operands": [
                {
                    "type": "FeatureTerm",
                    "operands": [
                        "_r_12_47_48_50_51"
                    ]
                },
                {
                    "type": "FeatureTerm",
                    "operands": [
                        "_r_12_47_48_50_53"
                    ]
                }
            ]
        },
        "Constraint 1": {
            "type": "ImpliesTerm",
            "operands": [
                {
                    "type": "FeatureTerm",
                    "operands": [
                        "_r_12_39"
                    ]
                },
                {
                    "type": "FeatureTerm",
                    "operands": [
                        "_r_12_47_48_50"
                    ]
                }
            ]
        },
        "Constraint 2": {
            "type": "ImpliesTerm",
            "operands": [
                {
                    "type": "FeatureTerm",
                    "operands": [
                        "_r_12_47_48_50_52"
                    ]
                },
                {
                    "type": "FeatureTerm",
                    "operands": [
                        "_r_12_47_48_50_53"
                    ]
                }
            ]
        }
    }
}