{
    "id": "FM__r",
    "name": "FM__r",
    "features": {
        "_r": {
            "name": "_r",
            "optional": true,
            "type": "OR",
            "note": ""
        },
        "_r_1_2": {
            "name": "_r_1_2",
            "optional": true,
            "type": "FEATURE",
            "note": ""
        },
        "_r_1_3": {
            "name": "_r_1_3",
            "optional": true,
            "type": "FEATURE",
            "note": ""
        },
        "_r_1_4": {
            "name": "_r_1_4",
            "optional": true,
            "type": "FEATURE",
            "note": ""
        },
        "_r_7": {
            "name": "_r_7",
            "optional": true,
            "type": "FEATURE",
            "note": ""
        },
        "_r_7_10": {
            "name": "_r_7_10",
            "optional": false,
            "type": "FEATURE",
            "note": ""
        },
        "_r_7_11": {
            "name": "_r_7_11",
            "optional": false,
            "type": "FEATURE",
            "note": ""
        },
        "_r_7_12": {
            "name": "_r_7_12",
            "optional": false,
            "type": "FEATURE",
            "note": ""
        },
        "_r_7_8": {
            "name": "_r_7_8",
            "optional": false,
            "type": "FEATURE",
            "note": ""
        },
        "_r_7_9": {
            "name": "_r_7_9",
            "optional": false,
            "type": "FEATURE",
            "note": ""
        }
    },
    "tree": {
        "id": "_r",
        "children": [
            {
                "id": "_r_1_2"
            },
            {
                "id": "_r_1_3"
            },
            {
                "id": "_r_1_4"
            },
            {
                "id": "_r_7",
                "children": [
                    {
                        "id": "_r_7_10"
                    },
                    {
                        "id": "_r_7_11"
                    },
                    {
                        "id": "_r_7_12"
                    },
                    {
                        "id": "_r_7_8"
                    },
                    {
                        "id": "_r_7_9"
                    }
                ]
            }
        ]
    },
    "constraints": {
        "Constraint 0": {
            "type": "ImpliesTerm",
            "operands": [
                {
                    "type": "FeatureTerm",
                    "operands": [
                        "_r_1_2"
                    ]
                },
                {
                    "type": "FeatureTerm",
                    "operands": [
                        "_r_7"
                    ]
                }
            ]
        },
        "Constraint 1": {
            "type": "ImpliesTerm",
            "operands": [
                {
                    "type": "FeatureTerm",
                    "operands": [
                        "_r_1_3"
                    ]
                },
                {
                    "type": "FeatureTerm",
                    "operands": [
                        "_r_7"
                    ]
                }
            ]
        },
        "Constraint 2": {
            "type": "ImpliesTerm",
            "operands": [
                {
                    "type": "FeatureTerm",
                    "operands": [
                        "_r_1_4"
                    ]
                },
                {
                    "type": "FeatureTerm",
                    "operands": [
                        "_r_7"
                    ]
                }
            ]
        }
    }
}