{
    "id": "FM__r",
    "name": "FM__r",
    "features": {
        "_r": {
            "name": "_r",
            "optional": true,
            "type": "FEATURE",
            "note": ""
        },
        "_r_1": {
            "name": "_r_1",
            "optional": false,
            "type": "FEATURE",
            "note": ""
        },
        "_r_1_3": {
            "name": "_r_1_3",
            "optional": false,
            "type": "FEATURE",
            "note": ""
        },
        "_r_1_3_11": {
            "name": "_r_1_3_11",
            "optional": false,
            "type": "OR",
            "note": ""
        },
        "_r_1_3_11_14_15": {
            "name": "_r_1_3_11_14_15",
            "optional": true,
            "type": "FEATURE",
            "note": ""
        },
        "_r_1_3_11_14_16": {
            "name": "_r_1_3_11_14_16",
            "optional": true,
            "type": "FEATURE",
            "note": ""
        },
        "_r_1_5": {
            "name": "_r_1_5",
            "optional": true,
            "type": "FEATURE",
            "note": ""
        },
        "_r_1_5_11": {
            "name": "_r_1_5_11",
            "optional": false,
            "type": "FEATURE",
            "note": ""
        },
        "_r_2": {
            "name": "_r_2",
            "optional": true,
            "type": "FEATURE",
            "note": ""
        },
        "_r_2_10": {
            "name": "_r_2_10",
            "optional": false,
            "type": "FEATURE",
            "note": ""
        },
        "_r_2_6": {
            "name": "_r_2_6",
            "optional": false,
            "type": "FEATURE",
            "note": ""
        },
        "_r_2_8": {
            "name": "_r_2_8",
            "optional": false,
            "type": "FEATURE",
            "note": ""
        },
        "_r_2_9": {
            "name": "_r_2_9",
            "optional": true,
            "type": "FEATURE",
            "note": ""
        }
    },
    "tree": {
        "id": "_r",
        "children": [
            {
                "id": "_r_1",
                "children": [
                    {
                        "id": "_r_1_3",
                        "children": [
                            {
                                "id": "_r_1_3_11",
                                "children": [
                                    {
                                        "id": "_r_1_3_11_14_15"
                                    },
                                    {
                                        "id": "_r_1_3_11_14_16"
                                    }
                                ]
                            }
                        ]
                    },
                    {
                        "id": "_r_1_5",
                        "children": [
                            {
                                "id": "_r_1_5_11"
                            }
                        ]
                    }
                ]
            },
            {
                "id": "_r_2",
                "children": [
                    {
                        "id": "_r_2_10"
                    },
                    {
                        "id": "_r_2_6"
                    },
                    {
                        "id": "_r_2_8"
                    },
                    {
                        "id": "_r_2_9"
                    }
                ]
            }
        ]
    },
    "constraints": {}
}