{
    "id": "FM__r",
    "name": "FM__r",
    "features": {
        "_r": {
            "name": "_r",
            "optional": true,
            "type": "FEATURE",
            "note": ""
        },
        "_r_1": {
            "name": "_r_1",
            "optional": false,
            "type": "FEATURE",
            "note": ""
        },
        "_r_1_6": {
            "name": "_r_1_6",
            "optional": false,
            "type": "FEATURE",
            "note": ""
        },
        "_r_1_7": {
            "name": "_r_1_7",
            "optional": false,
            "type": "FEATURE",
            "note": ""
        },
        "_r_2": {
            "name": "_r_2",
            "optional": false,
            "type": "FEATURE",
            "note": ""
        },
        "_r_2_15": {
            "name": "_r_2_15",
            "optional": true,
            "type": "FEATURE",
            "note": ""
        },
        "_r_2_16": {
            "name": "_r_2_16",
            "optional": false,
            "type": "FEATURE",
            "note": ""
        },
        "_r_2_17": {
            "name": "_r_2_17",
            "optional": true,
            "type": "FEATURE",
            "note": ""
        },
        "_r_2_18": {
            "name": "_r_2_18",
            "optional": false,
            "type": "FEATURE",
            "note": ""
        },
        "_r_2_8": {
            "name": "_r_2_8",
            "optional": false,
            "type": "FEATURE",
            "note": ""
        },
        "_r_3": {
            "name": "_r_3",
            "optional": false,
            "type": "FEATURE",
            "note": ""
        },
        "_r_3_19": {
            "name": "_r_3_19",
            "optional": false,
            "type": "FEATURE",
            "note": ""
        },
        "_r_4": {
            "name": "_r_4",
            "optional": false,
            "type": "FEATURE",
            "note": ""
        },
        "_r_4_20": {
            "name": "_r_4_20",
            "optional": true,
            "type": "FEATURE",
            "note": ""
        },
        "_r_4_21": {
            "name": "_r_4_21",
            "optional": false,
            "type": "FEATURE",
            "note": ""
        },
        "_r_4_22": {
            "name": "_r_4_22",
            "optional": true,
            "type": "FEATURE",
            "note": ""
        },
        "_r_4_23": {
            "name": "_r_4_23",
            "optional": true,
            "type": "FEATURE",
            "note": ""
        },
        "_r_5": {
            "name": "_r_5",
            "optional": false,
            "type": "FEATURE",
            "note": ""
        },
        "_r_5_24": {
            "name": "_r_5_24",
            "optional": false,
            "type": "FEATURE",
            "note": ""
        },
        "_r_5_25": {
            "name": "_r_5_25",
            "optional": true,
            "type": "FEATURE",
            "note": ""
        },
        "_r_5_26": {
            "name": "_r_5_26",
            "optional": false,
            "type": "FEATURE",
            "note": ""
        }
    },
    "tree": {
        "id": "_r",
        "children": [
            {
                "id": "_r_1",
                "children": [
                    {
                        "id": "_r_1_6"
                    },
                    {
                        "id": "_r_1_7"
                    }
                ]
            },
            {
                "id": "_r_2",
                "children": [
                    {
                        "id": "_r_2_15"
                    },
                    {
                        "id": "_r_2_16"
                    },
                    {
                        "id": "_r_2_17"
                    },
                    {
                        "id": "_r_2_18"
                    },
                    {
                        "id": "_r_2_8"
                    }
                ]
            },
            {
                "id": "_r_3",
                "children": [
                    {
                        "id": "_r_3_19"
                    }
                ]
            },
            {
                "id": "_r_4",
                "children": [
                    {
                        "id": "_r_4_20"
                    },
                    {
                        "id": "_r_4_21"
                    },
                    {
                        "id": "_r_4_22"
                    },
                    {
                        "id": "_r_4_23"
                    }
                ]
            },
            {
                "id": "_r_5",
                "children": [
                    {
                        "id": "_r_5_24"
                    },
                    {
                        "id": "_r_5_25"
                    },
                    {
                        "id": "_r_5_26"
                    }
                ]
            }
        ]
    },
    "constraints": {}
}