{
    "id": "FM__r",
    "name": "FM__r",
    "features": {
        "_r": {
            "name": "_r",
            "optional": true,
            "type": "FEATURE",
            "note": ""
        },
        "_r_14": {
            "name": "_r_14",
            "optional": false,
            "type": "OR",
            "note": ""
        },
        "_r_14_15_16": {
            "name": "_r_14_15_16",
            "optional": true,
            "type": "FEATURE",
            "note": ""
        },
        "_r_14_15_17": {
            "name": "_r_14_15_17",
            "optional": true,
            "type": "FEATURE",
            "note": ""
        },
        "_r_14_15_18": {
            "name": "_r_14_15_18",
            "optional": true,
            "type": "FEATURE",
            "note": ""
        },
        "_r_14_15_19": {
            "name": "_r_14_15_19",
            "optional": true,
            "type": "FEATURE",
            "note": ""
        },
        "_r_14_15_20": {
            "name": "_r_14_15_20",
            "optional": true,
            "type": "FEATURE",
            "note": ""
        },
        "_r_21": {
            "name": "_r_21",
            "optional": false,
            "type": "FEATURE",
            "note": ""
        },
        "_r_21_23": {
            "name": "_r_21_23",
            "optional": true,
            "type": "FEATURE",
            "note": ""
        },
        "_r_24": {
            "name": "_r_24",
            "optional": false,
            "type": "FEATURE",
            "note": ""
        },
        "_r_25": {
            "name": "_r_25",
            "optional": false,
            "type": "OR",
            "note": ""
        },
        "_r_25_26_27": {
            "name": "_r_25_26_27",
            "optional": true,
            "type": "FEATURE",
            "note": ""
        },
        "_r_25_26_28": {
            "name": "_r_25_26_28",
            "optional": true,
            "type": "FEATURE",
            "note": ""
        },
        "_r_29": {
            "name": "_r_29",
            "optional": false,
            "type": "XOR",
            "note": ""
        },
        "_r_29_31_32": {
            "name": "_r_29_31_32",
            "optional": true,
            "type": "FEATURE",
            "note": ""
        },
        "_r_29_31_33": {
            "name": "_r_29_31_33",
            "optional": true,
            "type": "FEATURE",
            "note": ""
        },
        "_r_34": {
            "name": "_r_34",
            "optional": false,
            "type": "FEATURE",
            "note": ""
        },
        "_r_36": {
            "name": "_r_36",
            "optional": false,
            "type": "OR",
            "note": ""
        },
        "_r_36_37_38": {
            "name": "_r_36_37_38",
            "optional": true,
            "type": "FEATURE",
            "note": ""
        },
        "_r_36_37_39": {
            "name": "_r_36_37_39",
            "optional": true,
            "type": "OR",
            "note": ""
        },
        "_r_36_37_39_43_44": {
            "name": "_r_36_37_39_43_44",
            "optional": true,
            "type": "FEATURE",
            "note": ""
        },
        "_r_36_37_39_43_45": {
            "name": "_r_36_37_39_43_45",
            "optional": true,
            "type": "FEATURE",
            "note": ""
        },
        "_r_36_37_39_43_46": {
            "name": "_r_36_37_39_43_46",
            "optional": true,
            "type": "FEATURE",
            "note": ""
        },
        "_r_36_37_40": {
            "name": "_r_36_37_40",
            "optional": true,
            "type": "OR",
            "note": ""
        },
        "_r_36_37_40_47_48": {
            "name": "_r_36_37_40_47_48",
            "optional": true,
            "type": "FEATURE",
            "note": ""
        },
        "_r_36_37_40_47_49": {
            "name": "_r_36_37_40_47_49",
            "optional": true,
            "type": "FEATURE",
            "note": ""
        },
        "_r_36_37_40_47_50": {
            "name": "_r_36_37_40_47_50",
            "optional": true,
            "type": "FEATURE",
            "note": ""
        },
        "_r_4": {
            "name": "_r_4",
            "optional": false,
            "type": "FEATURE",
            "note": ""
        },
        "_r_52": {
            "name": "_r_52",
            "optional": false,
            "type": "XOR",
            "note": ""
        },
        "_r_52_54_55": {
            "name": "_r_52_54_55",
            "optional": true,
            "type": "FEATURE",
            "note": ""
        },
        "_r_52_54_56": {
            "name": "_r_52_54_56",
            "optional": true,
            "type": "FEATURE",
            "note": ""
        },
        "_r_53": {
            "name": "_r_53",
            "optional": false,
            "type": "FEATURE",
            "note": ""
        },
        "_r_57": {
            "name": "_r_57",
            "optional": false,
            "type": "OR",
            "note": ""
        },
        "_r_57_58_59": {
            "name": "_r_57_58_59",
            "optional": true,
            "type": "FEATURE",
            "note": ""
        },
        "_r_57_58_60": {
            "name": "_r_57_58_60",
            "optional": true,
            "type": "FEATURE",
            "note": ""
        },
        "_r_57_58_61": {
            "name": "_r_57_58_61",
            "optional": true,
            "type": "FEATURE",
            "note": ""
        },
        "_r_57_58_62": {
            "name": "_r_57_58_62",
            "optional": true,
            "type": "FEATURE",
            "note": ""
        },
        "_r_64": {
            "name": "_r_64",
            "optional": true,
            "type": "FEATURE",
            "note": ""
        },
        "_r_65": {
            "name": "_r_65",
            "optional": false,
            "type": "FEATURE",
            "note": ""
        },
        "_r_66": {
            "name": "_r_66",
            "optional": false,
            "type": "FEATURE",
            "note": ""
        }
    },
    "tree": {
        "id": "_r",
        "children": [
            {
                "id": "_r_14",
                "children": [
                    {
                        "id": "_r_14_15_16"
                    },
                    {
                        "id": "_r_14_15_17"
                    },
                    {
                        "id": "_r_14_15_18"
                    },
                    {
                        "id": "_r_14_15_19"
                    },
                    {
                        "id": "_r_14_15_20"
                    }
                ]
            },
            {
                "id": "_r_21",
                "children": [
                    {
                        "id": "_r_21_23"
                    }
                ]
            },
            {
                "id": "_r_24"
            },
            {
                "id": "_r_25",
                "children": [
                    {
                        "id": "_r_25_26_27"
                    },
                    {
                        "id": "_r_25_26_28"
                    }
                ]
            },
            {
                "id": "_r_29",
                "children": [
                    {
                        "id": "_r_29_31_32"
                    },
                    {
                        "id": "_r_29_31_33"
                    }
                ]
            },
            {
                "id": "_r_34"
            },
            {
                "id": "_r_36",
                "children": [
                    {
                        "id": "_r_36_37_38"
                    },
                    {
                        "id": "_r_36_37_39",
                        "children": [
                            {
                                "id": "_r_36_37_39_43_44"
                            },
                            {
                                "id": "_r_36_37_39_43_45"
                            },
                            {
                                "id": "_r_36_37_39_43_46"
                            }
                        ]
                    },
                    {
                        "id": "_r_36_37_40",
                        "children": [
                            {
                                "id": "_r_36_37_40_47_48"
                            },
                            {
                                "id": "_r_36_37_40_47_49"
                            },
                            {
                                "id": "_r_36_37_40_47_50"
                            }
                        ]
                    }
                ]
            },
            {
                "id": "_r_4"
            },
            {
                "id": "_r_52",
                "children": [
                    {
                        "id": "_r_52_54_55"
                    },
                    {
                        "id": "_r_52_54_56"
                    }
                ]
            },
            {
                "id": "_r_53"
            },
            {
                "id": "_r_57",
                "children": [
                    {
                        "id": "_r_57_58_59"
                    },
                    {
                        "id": "_r_57_58_60"
                    },
                    {
                        "id": "_r_57_58_61"
                    },
                    {
                        "id": "_r_57_58_62"
                    }
                ]
            },
            {
                "id": "_r_64"
            },
            {
                "id": "_r_65"
            },
            {
                "id": "_r_66"
            }
        ]
    },
    "constraints": {
        "Constraint 0": {
            "type": "ImpliesTerm",
            "operands": [
                {
                    "type": "FeatureTerm",
                    "operands": [
                        "_r_14"
                    ]
                },
                {
                    "type": "FeatureTerm",
                    "operands": [
                        "_r_65"
                    ]
                }
            ]
        },
        "Constraint 1": {
            "type": "ImpliesTerm",
            "operands": [
                {
                    "type": "FeatureTerm",
                    "operands": [
                        "_r_4"
                    ]
                },
                {
                    "type": "NotTerm",
                    "operands": [
                        {
                            "type": "FeatureTerm",
                            "operands": [
                                "_r_66"
                            ]
                        }
                    ]
                }
            ]
        },
        "Constraint 2": {
            "type": "ImpliesTerm",
            "operands": [
                {
                    "type": "FeatureTerm",
                    "operands": [
                        "_r_14_15_16"
                    ]
                },
                {
                    "type": "FeatureTerm",
                    "operands": [
                        "_r_29_31_32"
                    ]
                }
            ]
        },
        "Constraint 3": {
            "type": "ImpliesTerm",
            "operands": [
                {
                    "type": "FeatureTerm",
                    "operands": [
                        "_r_14"
                    ]
                },
                {
                    "type": "FeatureTerm",
                    "operands": [
                        "_r_66"
                    ]
                }
            ]
        },
        "Constraint 4": {
            "type": "ImpliesTerm",
            "operands": [
                {
                    "type": "FeatureTerm",
                    "operands": [
                        "_r_4"
                    ]
                },
                {
                    "type": "FeatureTerm",
                    "operands": [
                        "_r_52"
                    ]
                }
            ]
        },
        "Constraint 5": {
            "type": "ImpliesTerm",
            "operands": [
                {
                    "type": "FeatureTerm",
                    "operands": [
                        "_r_4"
                    ]
                },
                {
                    "type": "FeatureTerm",
                    "operands": [
                        "_r_24"
                    ]
                }
            ]
        }
    }
}