{
    "id": "FM__r",
    "name": "FM__r",
    "features": {
        "_r": {
            "name": "_r",
            "optional": true,
            "type": "FEATURE",
            "note": ""
        },
        "_r_1": {
            "name": "_r_1",
            "optional": false,
            "type": "OR",
            "note": ""
        },
        "_r_12": {
            "name": "_r_12",
            "optional": false,
            "type": "FEATURE",
            "note": ""
        },
        "_r_13": {
            "name": "_r_13",
            "optional": false,
            "type": "XOR",
            "note": ""
        },
        "_r_13_14_15": {
            "name": "_r_13_14_15",
            "optional": true,
            "type": "FEATURE",
            "note": ""
        },
        "_r_13_14_16": {
            "name": "_r_13_14_16",
            "optional": true,
            "type": "FEATURE",
            "note": ""
        },
        "_r_17": {
            "name": "_r_17",
            "optional": false,
            "type": "XOR",
            "note": ""
        },
        "_r_17_18_19": {
            "name": "_r_17_18_19",
            "optional": true,
            "type": "FEATURE",
            "note": ""
        },
        "_r_17_18_20": {
            "name": "_r_17_18_20",
            "optional": true,
            "type": "FEATURE",
            "note": ""
        },
        "_r_1_2_3": {
            "name": "_r_1_2_3",
            "optional": true,
            "type": "OR",
            "note": ""
        },
        "_r_1_2_3_5_6": {
            "name": "_r_1_2_3_5_6",
            "optional": true,
            "type": "FEATURE",
            "note": ""
        },
        "_r_1_2_3_5_7": {
            "name": "_r_1_2_3_5_7",
            "optional": true,
            "type": "FEATURE",
            "note": ""
        },
        "_r_1_2_4": {
            "name": "_r_1_2_4",
            "optional": true,
            "type": "FEATURE",
            "note": ""
        },
        "_r_21": {
            "name": "_r_21",
            "optional": false,
            "type": "FEATURE",
            "note": ""
        },
        "_r_22": {
            "name": "_r_22",
            "optional": false,
            "type": "XOR",
            "note": ""
        },
        "_r_22_25_26": {
            "name": "_r_22_25_26",
            "optional": true,
            "type": "FEATURE",
            "note": ""
        },
        "_r_22_25_27": {
            "name": "_r_22_25_27",
            "optional": true,
            "type": "FEATURE",
            "note": ""
        },
        "_r_28": {
            "name": "_r_28",
            "optional": false,
            "type": "FEATURE",
            "note": ""
        },
        "_r_28_29": {
            "name": "_r_28_29",
            "optional": true,
            "type": "XOR",
            "note": ""
        },
        "_r_28_29_30_31": {
            "name": "_r_28_29_30_31",
            "optional": true,
            "type": "FEATURE",
            "note": ""
        },
        "_r_28_29_30_32": {
            "name": "_r_28_29_30_32",
            "optional": true,
            "type": "XOR",
            "note": ""
        },
        "_r_28_29_30_32_33_34": {
            "name": "_r_28_29_30_32_33_34",
            "optional": true,
            "type": "FEATURE",
            "note": ""
        },
        "_r_28_29_30_32_33_35": {
            "name": "_r_28_29_30_32_33_35",
            "optional": true,
            "type": "FEATURE",
            "note": ""
        },
        "_r_8": {
            "name": "_r_8",
            "optional": false,
            "type": "XOR",
            "note": ""
        },
        "_r_8_9_10": {
            "name": "_r_8_9_10",
            "optional": true,
            "type": "FEATURE",
            "note": ""
        },
        "_r_8_9_11": {
            "name": "_r_8_9_11",
            "optional": true,
            "type": "FEATURE",
            "note": ""
        }
    },
    "tree": {
        "id": "_r",
        "children": [
            {
                "id": "_r_1",
                "children": [
                    {
                        "id": "_r_1_2_3",
                        "children": [
                            {
                                "id": "_r_1_2_3_5_6"
                            },
                            {
                                "id": "_r_1_2_3_5_7"
                            }
                        ]
                    },
                    {
                        "id": "_r_1_2_4"
                    }
                ]
            },
            {
                "id": "_r_12"
            },
            {
                "id": "_r_13",
                "children": [
                    {
                        "id": "_r_13_14_15"
                    },
                    {
                        "id": "_r_13_14_16"
                    }
                ]
            },
            {
                "id": "_r_17",
                "children": [
                    {
                        "id": "_r_17_18_19"
                    },
                    {
                        "id": "_r_17_18_20"
                    }
                ]
            },
            {
                "id": "_r_21"
            },
            {
                "id": "_r_22",
                "children": [
                    {
                        "id": "_r_22_25_26"
                    },
                    {
                        "id": "_r_22_25_27"
                    }
                ]
            },
            {
                "id": "_r_28",
                "children": [
                    {
                        "id": "_r_28_29",
                        "children": [
                            {
                                "id": "_r_28_29_30_31"
                            },
                            {
                                "id": "_r_28_29_30_32",
                                "children": [
                                    {
                                        "id": "_r_28_29_30_32_33_34"
                                    },
                                    {
                                        "id": "_r_28_29_30_32_33_35"
                                    }
                                ]
                            }
                        ]
                    }
                ]
            },
            {
                "id": "_r_8",
                "children": [
                    {
                        "id": "_r_8_9_10"
                    },
                    {
                        "id": "_r_8_9_11"
                    }
                ]
            }
        ]
    },
    "constraints": {}
}