{
    "id": "FM__r",
    "name": "FM__r",
    "features": {
        "_r": {
            "name": "_r",
            "optional": true,
            "type": "FEATURE",
            "note": ""
        },
        "_r_1": {
            "name": "_r_1",
            "optional": false,
            "type": "FEATURE",
            "note": ""
        },
        "_r_10": {
            "name": "_r_10",
            "optional": false,
            "type": "FEATURE",
            "note": ""
        },
        "_r_10_36": {
            "name": "_r_10_36",
            "optional": false,
            "type": "FEATURE",
            "note": ""
        },
        "_r_10_37": {
            "name": "_r_10_37",
            "optional": true,
            "type": "FEATURE",
            "note": ""
        },
        "_r_1_11": {
            "name": "_r_1_11",
            "optional": false,
            "type": "FEATURE",
            "note": ""
        },
        "_r_1_12": {
            "name": "_r_1_12",
            "optional": false,
            "type": "FEATURE",
            "note": ""
        },
        "_r_1_23": {
            "name": "_r_1_23",
            "optional": true,
            "type": "FEATURE",
            "note": ""
        },
        "_r_3": {
            "name": "_r_3",
            "optional": false,
            "type": "FEATURE",
            "note": ""
        },
        "_r_3_13": {
            "name": "_r_3_13",
            "optional": false,
            "type": "FEATURE",
            "note": ""
        },
        "_r_3_32": {
            "name": "_r_3_32",
            "optional": true,
            "type": "FEATURE",
            "note": ""
        },
        "_r_4": {
            "name": "_r_4",
            "optional": false,
            "type": "FEATURE",
            "note": ""
        },
        "_r_4_14": {
            "name": "_r_4_14",
            "optional": false,
            "type": "FEATURE",
            "note": ""
        },
        "_r_4_15": {
            "name": "_r_4_15",
            "optional": false,
            "type": "FEATURE",
            "note": ""
        },
        "_r_4_17": {
            "name": "_r_4_17",
            "optional": true,
            "type": "FEATURE",
            "note": ""
        },
        "_r_6": {
            "name": "_r_6",
            "optional": true,
            "type": "FEATURE",
            "note": ""
        },
        "_r_6_18": {
            "name": "_r_6_18",
            "optional": false,
            "type": "FEATURE",
            "note": ""
        },
        "_r_6_19": {
            "name": "_r_6_19",
            "optional": false,
            "type": "FEATURE",
            "note": ""
        },
        "_r_6_33": {
            "name": "_r_6_33",
            "optional": true,
            "type": "FEATURE",
            "note": ""
        },
        "_r_7": {
            "name": "_r_7",
            "optional": false,
            "type": "FEATURE",
            "note": ""
        },
        "_r_7_24": {
            "name": "_r_7_24",
            "optional": false,
            "type": "FEATURE",
            "note": ""
        },
        "_r_7_25": {
            "name": "_r_7_25",
            "optional": false,
            "type": "FEATURE",
            "note": ""
        },
        "_r_7_34": {
            "name": "_r_7_34",
            "optional": true,
            "type": "FEATURE",
            "note": ""
        },
        "_r_8": {
            "name": "_r_8",
            "optional": true,
            "type": "FEATURE",
            "note": ""
        },
        "_r_8_27": {
            "name": "_r_8_27",
            "optional": false,
            "type": "FEATURE",
            "note": ""
        },
        "_r_8_28": {
            "name": "_r_8_28",
            "optional": false,
            "type": "FEATURE",
            "note": ""
        },
        "_r_8_29": {
            "name": "_r_8_29",
            "optional": true,
            "type": "FEATURE",
            "note": ""
        },
        "_r_8_32": {
            "name": "_r_8_32",
            "optional": true,
            "type": "FEATURE",
            "note": ""
        },
        "_r_9": {
            "name": "_r_9",
            "optional": true,
            "type": "FEATURE",
            "note": ""
        },
        "_r_9_33": {
            "name": "_r_9_33",
            "optional": false,
            "type": "FEATURE",
            "note": ""
        },
        "_r_9_34": {
            "name": "_r_9_34",
            "optional": false,
            "type": "FEATURE",
            "note": ""
        }
    },
    "tree": {
        "id": "_r",
        "children": [
            {
                "id": "_r_1",
                "children": [
                    {
                        "id": "_r_1_11"
                    },
                    {
                        "id": "_r_1_12"
                    },
                    {
                        "id": "_r_1_23"
                    }
                ]
            },
            {
                "id": "_r_10",
                "children": [
                    {
                        "id": "_r_10_36"
                    },
                    {
                        "id": "_r_10_37"
                    }
                ]
            },
            {
                "id": "_r_3",
                "children": [
                    {
                        "id": "_r_3_13"
                    },
                    {
                        "id": "_r_3_32"
                    }
                ]
            },
            {
                "id": "_r_4",
                "children": [
                    {
                        "id": "_r_4_14"
                    },
                    {
                        "id": "_r_4_15"
                    },
                    {
                        "id": "_r_4_17"
                    }
                ]
            },
            {
                "id": "_r_6",
                "children": [
                    {
                        "id": "_r_6_18"
                    },
                    {
                        "id": "_r_6_19"
                    },
                    {
                        "id": "_r_6_33"
                    }
                ]
            },
            {
                "id": "_r_7",
                "children": [
                    {
                        "id": "_r_7_24"
                    },
                    {
                        "id": "_r_7_25"
                    },
                    {
                        "id": "_r_7_34"
                    }
                ]
            },
            {
                "id": "_r_8",
                "children": [
                    {
                        "id": "_r_8_27"
                    },
                    {
                        "id": "_r_8_28"
                    },
                    {
                        "id": "_r_8_29"
                    },
                    {
                        "id": "_r_8_32"
                    }
                ]
            },
            {
                "id": "_r_9",
                "children": [
                    {
                        "id": "_r_9_33"
                    },
                    {
                        "id": "_r_9_34"
                    }
                ]
            }
        ]
    },
    "constraints": {}
}