{
    "id": "FM__r",
    "name": "FM__r",
    "features": {
        "_r": {
            "name": "_r",
            "optional": true,
            "type": "FEATURE",
            "note": ""
        },
        "_r_1": {
            "name": "_r_1",
            "optional": false,
            "type": "XOR",
            "note": ""
        },
        "_r_1_8_10": {
            "name": "_r_1_8_10",
            "optional": true,
            "type": "FEATURE",
            "note": ""
        },
        "_r_1_8_11": {
            "name": "_r_1_8_11",
            "optional": true,
            "type": "FEATURE",
            "note": ""
        },
        "_r_1_8_13": {
            "name": "_r_1_8_13",
            "optional": true,
            "type": "FEATURE",
            "note": ""
        },
        "_r_1_8_14": {
            "name": "_r_1_8_14",
            "optional": true,
            "type": "FEATURE",
            "note": ""
        },
        "_r_1_8_15": {
            "name": "_r_1_8_15",
            "optional": true,
            "type": "FEATURE",
            "note": ""
        },
        "_r_1_8_9": {
            "name": "_r_1_8_9",
            "optional": true,
            "type": "FEATURE",
            "note": ""
        },
        "_r_2": {
            "name": "_r_2",
            "optional": false,
            "type": "OR",
            "note": ""
        },
        "_r_2_16_17": {
            "name": "_r_2_16_17",
            "optional": true,
            "type": "FEATURE",
            "note": ""
        },
        "_r_2_16_18": {
            "name": "_r_2_16_18",
            "optional": true,
            "type": "FEATURE",
            "note": ""
        },
        "_r_2_16_19": {
            "name": "_r_2_16_19",
            "optional": true,
            "type": "FEATURE",
            "note": ""
        },
        "_r_4": {
            "name": "_r_4",
            "optional": false,
            "type": "FEATURE",
            "note": ""
        },
        "_r_4_20": {
            "name": "_r_4_20",
            "optional": false,
            "type": "OR",
            "note": ""
        },
        "_r_4_20_21_22": {
            "name": "_r_4_20_21_22",
            "optional": true,
            "type": "FEATURE",
            "note": ""
        },
        "_r_4_20_21_23": {
            "name": "_r_4_20_21_23",
            "optional": true,
            "type": "FEATURE",
            "note": ""
        },
        "_r_4_20_21_24": {
            "name": "_r_4_20_21_24",
            "optional": true,
            "type": "FEATURE",
            "note": ""
        },
        "_r_4_25": {
            "name": "_r_4_25",
            "optional": false,
            "type": "OR",
            "note": ""
        },
        "_r_4_25_26_27": {
            "name": "_r_4_25_26_27",
            "optional": true,
            "type": "FEATURE",
            "note": ""
        },
        "_r_4_25_26_28": {
            "name": "_r_4_25_26_28",
            "optional": true,
            "type": "FEATURE",
            "note": ""
        },
        "_r_4_25_26_29": {
            "name": "_r_4_25_26_29",
            "optional": true,
            "type": "FEATURE",
            "note": ""
        },
        "_r_50": {
            "name": "_r_50",
            "optional": false,
            "type": "OR",
            "note": ""
        },
        "_r_50_51_52": {
            "name": "_r_50_51_52",
            "optional": true,
            "type": "XOR",
            "note": ""
        },
        "_r_50_51_52_55_56": {
            "name": "_r_50_51_52_55_56",
            "optional": true,
            "type": "FEATURE",
            "note": ""
        },
        "_r_50_51_52_55_59": {
            "name": "_r_50_51_52_55_59",
            "optional": true,
            "type": "FEATURE",
            "note": ""
        },
        "_r_50_51_52_55_60": {
            "name": "_r_50_51_52_55_60",
            "optional": true,
            "type": "FEATURE",
            "note": ""
        },
        "_r_50_51_53": {
            "name": "_r_50_51_53",
            "optional": true,
            "type": "XOR",
            "note": ""
        },
        "_r_50_51_53_61_62": {
            "name": "_r_50_51_53_61_62",
            "optional": true,
            "type": "FEATURE",
            "note": ""
        },
        "_r_50_51_53_61_63": {
            "name": "_r_50_51_53_61_63",
            "optional": true,
            "type": "FEATURE",
            "note": ""
        },
        "_r_50_51_53_61_64": {
            "name": "_r_50_51_53_61_64",
            "optional": true,
            "type": "FEATURE",
            "note": ""
        },
        "_r_50_51_54": {
            "name": "_r_50_51_54",
            "optional": true,
            "type": "XOR",
            "note": ""
        },
        "_r_50_51_54_65_66": {
            "name": "_r_50_51_54_65_66",
            "optional": true,
            "type": "FEATURE",
            "note": ""
        },
        "_r_50_51_54_65_67": {
            "name": "_r_50_51_54_65_67",
            "optional": true,
            "type": "FEATURE",
            "note": ""
        },
        "_r_50_51_54_65_68": {
            "name": "_r_50_51_54_65_68",
            "optional": true,
            "type": "FEATURE",
            "note": ""
        }
    },
    "tree": {
        "id": "_r",
        "children": [
            {
                "id": "_r_1",
                "children": [
                    {
                        "id": "_r_1_8_10"
                    },
                    {
                        "id": "_r_1_8_11"
                    },
                    {
                        "id": "_r_1_8_13"
                    },
                    {
                        "id": "_r_1_8_14"
                    },
                    {
                        "id": "_r_1_8_15"
                    },
                    {
                        "id": "_r_1_8_9"
                    }
                ]
            },
            {
                "id": "_r_2",
                "children": [
                    {
                        "id": "_r_2_16_17"
                    },
                    {
                        "id": "_r_2_16_18"
                    },
                    {
                        "id": "_r_2_16_19"
                    }
                ]
            },
            {
                "id": "_r_4",
                "children": [
                    {
                        "id": "_r_4_20",
                        "children": [
                            {
                                "id": "_r_4_20_21_22"
                            },
                            {
                                "id": "_r_4_20_21_23"
                            },
                            {
                                "id": "_r_4_20_21_24"
                            }
                        ]
                    },
                    {
                        "id": "_r_4_25",
                        "children": [
                            {
                                "id": "_r_4_25_26_27"
                            },
                            {
                                "id": "_r_4_25_26_28"
                            },
                            {
                                "id": "_r_4_25_26_29"
                            }
                        ]
                    }
                ]
            },
            {
                "id": "_r_50",
                "children": [
                    {
                        "id": "_r_50_51_52",
                        "children": [
                            {
                                "id": "_r_50_51_52_55_56"
                            },
                            {
                                "id": "_r_50_51_52_55_59"
                            },
                            {
                                "id": "_r_50_51_52_55_60"
                            }
                        ]
                    },
                    {
                        "id": "_r_50_51_53",
                        "children": [
                            {
                                "id": "_r_50_51_53_61_62"
                            },
                            {
                                "id": "_r_50_51_53_61_63"
                            },
                            {
                                "id": "_r_50_51_53_61_64"
                            }
                        ]
                    },
                    {
                        "id": "_r_50_51_54",
                        "children": [
                            {
                                "id": "_r_50_51_54_65_66"
                            },
                            {
                                "id": "_r_50_51_54_65_67"
                            },
                            {
                                "id": "_r_50_51_54_65_68"
                            }
                        ]
                    }
                ]
            }
        ]
    },
    "constraints": {
        "Constraint 0": {
            "type": "ImpliesTerm",
            "operands": [
                {
                    "type": "FeatureTerm",
                    "operands": [
                        "_r_1_8_11"
                    ]
                },
                {
                    "type": "FeatureTerm",
                    "operands": [
                        "_r_2_16_18"
                    ]
                }
            ]
        },
        "Constraint 1": {
            "type": "ImpliesTerm",
            "operands": [
                {
                    "type": "FeatureTerm",
                    "operands": [
                        "_r_1_8_10"
                    ]
                },
                {
                    "type": "FeatureTerm",
                    "operands": [
                        "_r_50_51_53"
                    ]
                }
            ]
        },
        "Constraint 2": {
            "type": "ImpliesTerm",
            "operands": [
                {
                    "type": "FeatureTerm",
                    "operands": [
                        "_r_1_8_14"
                    ]
                },
                {
                    "type": "FeatureTerm",
                    "operands": [
                        "_r_50_51_54_65_68"
                    ]
                }
            ]
        },
        "Constraint 3": {
            "type": "ImpliesTerm",
            "operands": [
                {
                    "type": "FeatureTerm",
                    "operands": [
                        "_r_1_8_13"
                    ]
                },
                {
                    "type": "FeatureTerm",
                    "operands": [
                        "_r_50_51_53_61_63"
                    ]
                }
            ]
        },
        "Constraint 4": {
            "type": "ImpliesTerm",
            "operands": [
                {
                    "type": "FeatureTerm",
                    "operands": [
                        "_r_1_8_15"
                    ]
                },
                {
                    "type": "FeatureTerm",
                    "operands": [
                        "_r_50_51_53_61_64"
                    ]
                }
            ]
        },
        "Constraint 5": {
            "type": "ImpliesTerm",
            "operands": [
                {
                    "type": "FeatureTerm",
                    "operands": [
                        "_r_1_8_10"
                    ]
                },
                {
                    "type": "FeatureTerm",
                    "operands": [
                        "_r_50_51_52"
                    ]
                }
            ]
        },
        "Constraint 6": {
            "type": "ImpliesTerm",
            "operands": [
                {
                    "type": "FeatureTerm",
                    "operands": [
                        "_r_1_8_9"
                    ]
                },
                {
                    "type": "FeatureTerm",
                    "operands": [
                        "_r_50_51_53"
                    ]
                }
            ]
        },
        "Constraint 7": {
            "type": "ImpliesTerm",
            "operands": [
                {
                    "type": "FeatureTerm",
                    "operands": [
                        "_r_1_8_9"
                    ]
                },
                {
                    "type": "FeatureTerm",
                    "operands": [
                        "_r_50_51_52_55_56"
                    ]
                }
            ]
        },
        "Constraint 8": {
            "type": "ImpliesTerm",
            "operands": [
                {
                    "type": "FeatureTerm",
                    "operands": [
                        "_r_4"
                    ]
                },
                {
                    "type": "FeatureTerm",
                    "operands": [
                        "_r_50"
                    ]
                }
            ]
        },
        "Constraint 9": {
            "type": "ImpliesTerm",
            "operands": [
                {
                    "type": "FeatureTerm",
                    "operands": [
                        "_r_1_8_10"
                    ]
                },
                {
                    "type": "FeatureTerm",
                    "operands": [
                        "_r_50_51_54"
                    ]
                }
            ]
        },
        "Constraint 10": {
            "type": "ImpliesTerm",
            "operands": [
                {
                    "type": "FeatureTerm",
                    "operands": [
                        "_r_1_8_11"
                    ]
                },
                {
                    "type": "FeatureTerm",
                    "operands": [
                        "_r_50_51_54_65_67"
                    ]
                }
            ]
        },
        "Constraint 11": {
            "type": "ImpliesTerm",
            "operands": [
                {
                    "type": "FeatureTerm",
                    "operands": [
                        "_r_1_8_14"
                    ]
                },
                {
                    "type": "FeatureTerm",
                    "operands": [
                        "_r_2_16_19"
                    ]
                }
            ]
        },
        "Constraint 12": {
            "type": "ImpliesTerm",
            "operands": [
                {
                    "type": "FeatureTerm",
                    "operands": [
                        "_r_1_8_11"
                    ]
                },
                {
                    "type": "FeatureTerm",
                    "operands": [
                        "_r_2_16_19"
                    ]
                }
            ]
        },
        "Constraint 13": {
            "type": "ImpliesTerm",
            "operands": [
                {
                    "type": "FeatureTerm",
                    "operands": [
                        "_r_1_8_14"
                    ]
                },
                {
                    "type": "FeatureTerm",
                    "operands": [
                        "_r_2_16_18"
                    ]
                }
            ]
        }
    }
}