{
    "id": "FM__r",
    "name": "FM__r",
    "features": {
        "_r": {
            "name": "_r",
            "optional": true,
            "type": "FEATURE",
            "note": ""
        },
        "_r_1": {
            "name": "_r_1",
            "optional": false,
            "type": "FEATURE",
            "note": ""
        },
        "_r_10": {
            "name": "_r_10",
            "optional": false,
            "type": "XOR",
            "note": ""
        },
        "_r_10_11_12": {
            "name": "_r_10_11_12",
            "optional": true,
            "type": "FEATURE",
            "note": ""
        },
        "_r_10_11_13": {
            "name": "_r_10_11_13",
            "optional": true,
            "type": "FEATURE",
            "note": ""
        },
        "_r_13": {
            "name": "_r_13",
            "optional": true,
            "type": "OR",
            "note": ""
        },
        "_r_13_14_15": {
            "name": "_r_13_14_15",
            "optional": true,
            "type": "FEATURE",
            "note": ""
        },
        "_r_13_14_16": {
            "name": "_r_13_14_16",
            "optional": true,
            "type": "FEATURE",
            "note": ""
        },
        "_r_14": {
            "name": "_r_14",
            "optional": true,
            "type": "FEATURE",
            "note": ""
        },
        "_r_1_2": {
            "name": "_r_1_2",
            "optional": false,
            "type": "FEATURE",
            "note": ""
        },
        "_r_1_3": {
            "name": "_r_1_3",
            "optional": false,
            "type": "FEATURE",
            "note": ""
        },
        "_r_1_4": {
            "name": "_r_1_4",
            "optional": false,
            "type": "FEATURE",
            "note": ""
        },
        "_r_1_5": {
            "name": "_r_1_5",
            "optional": false,
            "type": "FEATURE",
            "note": ""
        },
        "_r_1_6": {
            "name": "_r_1_6",
            "optional": false,
            "type": "FEATURE",
            "note": ""
        },
        "_r_1_7": {
            "name": "_r_1_7",
            "optional": true,
            "type": "FEATURE",
            "note": ""
        }
    },
    "tree": {
        "id": "_r",
        "children": [
            {
                "id": "_r_1",
                "children": [
                    {
                        "id": "_r_1_2"
                    },
                    {
                        "id": "_r_1_3"
                    },
                    {
                        "id": "_r_1_4"
                    },
                    {
                        "id": "_r_1_5"
                    },
                    {
                        "id": "_r_1_6"
                    },
                    {
                        "id": "_r_1_7"
                    }
                ]
            },
            {
                "id": "_r_10",
                "children": [
                    {
                        "id": "_r_10_11_12"
                    },
                    {
                        "id": "_r_10_11_13"
                    }
                ]
            },
            {
                "id": "_r_13",
                "children": [
                    {
                        "id": "_r_13_14_15"
                    },
                    {
                        "id": "_r_13_14_16"
                    }
                ]
            },
            {
                "id": "_r_14"
            }
        ]
    },
    "constraints": {
        "Constraint 0": {
            "type": "ImpliesTerm",
            "operands": [
                {
                    "type": "FeatureTerm",
                    "operands": [
                        "_r_10_11_12"
                    ]
                },
                {
                    "type": "FeatureTerm",
                    "operands": [
                        "_r_14"
                    ]
                }
            ]
        }
    }
}