{
    "id": "FM__r",
    "name": "FM__r",
    "features": {
        "_r": {
            "name": "_r",
            "optional": true,
            "type": "FEATURE",
            "note": ""
        },
        "_r_1": {
            "name": "_r_1",
            "optional": false,
            "type": "XOR",
            "note": ""
        },
        "_r_12": {
            "name": "_r_12",
            "optional": true,
            "type": "XOR",
            "note": ""
        },
        "_r_12_13": {
            "name": "_r_12_13",
            "optional": false,
            "type": "FEATURE",
            "note": ""
        },
        "_r_12_14": {
            "name": "_r_12_14",
            "optional": false,
            "type": "FEATURE",
            "note": ""
        },
        "_r_12_15_16": {
            "name": "_r_12_15_16",
            "optional": true,
            "type": "FEATURE",
            "note": ""
        },
        "_r_12_15_17": {
            "name": "_r_12_15_17",
            "optional": true,
            "type": "FEATURE",
            "note": ""
        },
        "_r_1_2": {
            "name": "_r_1_2",
            "optional": false,
            "type": "FEATURE",
            "note": ""
        },
        "_r_1_3": {
            "name": "_r_1_3",
            "optional": false,
            "type": "FEATURE",
            "note": ""
        },
        "_r_1_4_5": {
            "name": "_r_1_4_5",
            "optional": true,
            "type": "FEATURE",
            "note": ""
        },
        "_r_1_4_6": {
            "name": "_r_1_4_6",
            "optional": true,
            "type": "FEATURE",
            "note": ""
        },
        "_r_1_7_10": {
            "name": "_r_1_7_10",
            "optional": true,
            "type": "FEATURE",
            "note": ""
        },
        "_r_1_7_11": {
            "name": "_r_1_7_11",
            "optional": true,
            "type": "FEATURE",
            "note": ""
        },
        "_r_1_7_8": {
            "name": "_r_1_7_8",
            "optional": true,
            "type": "FEATURE",
            "note": ""
        },
        "_r_1_7_9": {
            "name": "_r_1_7_9",
            "optional": true,
            "type": "FEATURE",
            "note": ""
        }
    },
    "tree": {
        "id": "_r",
        "children": [
            {
                "id": "_r_1",
                "children": [
                    {
                        "id": "_r_1_2"
                    },
                    {
                        "id": "_r_1_3"
                    },
                    {
                        "id": "_r_1_4_5"
                    },
                    {
                        "id": "_r_1_4_6"
                    },
                    {
                        "id": "_r_1_7_10"
                    },
                    {
                        "id": "_r_1_7_11"
                    },
                    {
                        "id": "_r_1_7_8"
                    },
                    {
                        "id": "_r_1_7_9"
                    }
                ]
            },
            {
                "id": "_r_12",
                "children": [
                    {
                        "id": "_r_12_13"
                    },
                    {
                        "id": "_r_12_14"
                    },
                    {
                        "id": "_r_12_15_16"
                    },
                    {
                        "id": "_r_12_15_17"
                    }
                ]
            }
        ]
    },
    "constraints": {}
}