{
    "id": "FM__r",
    "name": "FM__r",
    "features": {
        "_r": {
            "name": "_r",
            "optional": true,
            "type": "FEATURE",
            "note": ""
        },
        "_r_1_2": {
            "name": "_r_1_2",
            "optional": false,
            "type": "FEATURE",
            "note": ""
        },
        "_r_1_2_3": {
            "name": "_r_1_2_3",
            "optional": false,
            "type": "FEATURE",
            "note": ""
        },
        "_r_1_2_3_11": {
            "name": "_r_1_2_3_11",
            "optional": false,
            "type": "FEATURE",
            "note": ""
        },
        "_r_1_2_3_13": {
            "name": "_r_1_2_3_13",
            "optional": false,
            "type": "FEATURE",
            "note": ""
        },
        "_r_1_2_3_14": {
            "name": "_r_1_2_3_14",
            "optional": false,
            "type": "FEATURE",
            "note": ""
        },
        "_r_1_2_3_4": {
            "name": "_r_1_2_3_4",
            "optional": false,
            "type": "FEATURE",
            "note": ""
        },
        "_r_1_2_3_4_15": {
            "name": "_r_1_2_3_4_15",
            "optional": false,
            "type": "FEATURE",
            "note": ""
        },
        "_r_1_2_3_4_15_21": {
            "name": "_r_1_2_3_4_15_21",
            "optional": false,
            "type": "FEATURE",
            "note": ""
        },
        "_r_1_2_3_4_15_22": {
            "name": "_r_1_2_3_4_15_22",
            "optional": false,
            "type": "OR",
            "note": ""
        },
        "_r_1_2_3_4_15_22_26_27": {
            "name": "_r_1_2_3_4_15_22_26_27",
            "optional": true,
            "type": "FEATURE",
            "note": ""
        },
        "_r_1_2_3_4_15_22_26_28": {
            "name": "_r_1_2_3_4_15_22_26_28",
            "optional": true,
            "type": "FEATURE",
            "note": ""
        },
        "_r_1_2_3_4_16": {
            "name": "_r_1_2_3_4_16",
            "optional": false,
            "type": "FEATURE",
            "note": ""
        },
        "_r_1_2_3_4_17": {
            "name": "_r_1_2_3_4_17",
            "optional": false,
            "type": "FEATURE",
            "note": ""
        },
        "_r_1_2_3_4_18": {
            "name": "_r_1_2_3_4_18",
            "optional": false,
            "type": "FEATURE",
            "note": ""
        },
        "_r_1_2_5": {
            "name": "_r_1_2_5",
            "optional": false,
            "type": "FEATURE",
            "note": ""
        },
        "_r_1_2_5_23": {
            "name": "_r_1_2_5_23",
            "optional": false,
            "type": "FEATURE",
            "note": ""
        },
        "_r_1_2_5_24": {
            "name": "_r_1_2_5_24",
            "optional": false,
            "type": "OR",
            "note": ""
        },
        "_r_1_2_5_24_30_31": {
            "name": "_r_1_2_5_24_30_31",
            "optional": true,
            "type": "FEATURE",
            "note": ""
        },
        "_r_1_2_5_24_30_32": {
            "name": "_r_1_2_5_24_30_32",
            "optional": true,
            "type": "FEATURE",
            "note": ""
        },
        "_r_1_2_6": {
            "name": "_r_1_2_6",
            "optional": true,
            "type": "FEATURE",
            "note": ""
        },
        "_r_1_2_7": {
            "name": "_r_1_2_7",
            "optional": true,
            "type": "FEATURE",
            "note": ""
        },
        "_r_1_2_8": {
            "name": "_r_1_2_8",
            "optional": true,
            "type": "FEATURE",
            "note": ""
        },
        "_r_35": {
            "name": "_r_35",
            "optional": false,
            "type": "OR",
            "note": ""
        },
        "_r_35_36_37": {
            "name": "_r_35_36_37",
            "optional": true,
            "type": "FEATURE",
            "note": ""
        },
        "_r_35_36_39": {
            "name": "_r_35_36_39",
            "optional": true,
            "type": "FEATURE",
            "note": ""
        },
        "_r_35_36_40": {
            "name": "_r_35_36_40",
            "optional": true,
            "type": "FEATURE",
            "note": ""
        }
    },
    "tree": {
        "id": "_r",
        "children": [
            {
                "id": "_r_1_2",
                "children": [
                    {
                        "id": "_r_1_2_3",
                        "children": [
                            {
                                "id": "_r_1_2_3_11"
                            },
                            {
                                "id": "_r_1_2_3_13"
                            },
                            {
                                "id": "_r_1_2_3_14"
                            },
                            {
                                "id": "_r_1_2_3_4",
                                "children": [
                                    {
                                        "id": "_r_1_2_3_4_15",
                                        "children": [
                                            {
                                                "id": "_r_1_2_3_4_15_21"
                                            },
                                            {
                                                "id": "_r_1_2_3_4_15_22",
                                                "children": [
                                                    {
                                                        "id": "_r_1_2_3_4_15_22_26_27"
                                                    },
                                                    {
                                                        "id": "_r_1_2_3_4_15_22_26_28"
                                                    }
                                                ]
                                            }
                                        ]
                                    },
                                    {
                                        "id": "_r_1_2_3_4_16"
                                    },
                                    {
                                        "id": "_r_1_2_3_4_17"
                                    },
                                    {
                                        "id": "_r_1_2_3_4_18"
                                    }
                                ]
                            }
                        ]
                    },
                    {
                        "id": "_r_1_2_5",
                        "children": [
                            {
                                "id": "_r_1_2_5_23"
                            },
                            {
                                "id": "_r_1_2_5_24",
                                "children": [
                                    {
                                        "id": "_r_1_2_5_24_30_31"
                                    },
                                    {
                                        "id": "_r_1_2_5_24_30_32"
                                    }
                                ]
                            }
                        ]
                    },
                    {
                        "id": "_r_1_2_6"
                    },
                    {
                        "id": "_r_1_2_7"
                    },
                    {
                        "id": "_r_1_2_8"
                    }
                ]
            },
            {
                "id": "_r_35",
                "children": [
                    {
                        "id": "_r_35_36_37"
                    },
                    {
                        "id": "_r_35_36_39"
                    },
                    {
                        "id": "_r_35_36_40"
                    }
                ]
            }
        ]
    },
    "constraints": {}
}