{
    "id": "FM__r",
    "name": "FM__r",
    "features": {
        "_r": {
            "name": "_r",
            "optional": true,
            "type": "FEATURE",
            "note": ""
        },
        "_r_27": {
            "name": "_r_27",
            "optional": false,
            "type": "FEATURE",
            "note": ""
        },
        "_r_27_28": {
            "name": "_r_27_28",
            "optional": false,
            "type": "XOR",
            "note": ""
        },
        "_r_27_28_29_30": {
            "name": "_r_27_28_29_30",
            "optional": true,
            "type": "FEATURE",
            "note": ""
        },
        "_r_27_28_29_31": {
            "name": "_r_27_28_29_31",
            "optional": true,
            "type": "FEATURE",
            "note": ""
        },
        "_r_27_51": {
            "name": "_r_27_51",
            "optional": false,
            "type": "XOR",
            "note": ""
        },
        "_r_27_51_52_53": {
            "name": "_r_27_51_52_53",
            "optional": true,
            "type": "FEATURE",
            "note": ""
        },
        "_r_27_51_52_54": {
            "name": "_r_27_51_52_54",
            "optional": true,
            "type": "FEATURE",
            "note": ""
        },
        "_r_27_51_52_55": {
            "name": "_r_27_51_52_55",
            "optional": true,
            "type": "FEATURE",
            "note": ""
        },
        "_r_27_51_52_55_60": {
            "name": "_r_27_51_52_55_60",
            "optional": false,
            "type": "XOR",
            "note": ""
        },
        "_r_27_51_52_55_60_61_62": {
            "name": "_r_27_51_52_55_60_61_62",
            "optional": true,
            "type": "FEATURE",
            "note": ""
        },
        "_r_27_51_52_55_60_61_63": {
            "name": "_r_27_51_52_55_60_61_63",
            "optional": true,
            "type": "FEATURE",
            "note": ""
        },
        "_r_34": {
            "name": "_r_34",
            "optional": false,
            "type": "FEATURE",
            "note": ""
        },
        "_r_34_37": {
            "name": "_r_34_37",
            "optional": false,
            "type": "XOR",
            "note": ""
        },
        "_r_34_37_38_39": {
            "name": "_r_34_37_38_39",
            "optional": true,
            "type": "FEATURE",
            "note": ""
        },
        "_r_34_37_38_40": {
            "name": "_r_34_37_38_40",
            "optional": true,
            "type": "FEATURE",
            "note": ""
        },
        "_r_34_37_38_41": {
            "name": "_r_34_37_38_41",
            "optional": true,
            "type": "FEATURE",
            "note": ""
        },
        "_r_34_56": {
            "name": "_r_34_56",
            "optional": false,
            "type": "FEATURE",
            "note": ""
        },
        "_r_44": {
            "name": "_r_44",
            "optional": false,
            "type": "FEATURE",
            "note": ""
        },
        "_r_44_45": {
            "name": "_r_44_45",
            "optional": false,
            "type": "XOR",
            "note": ""
        },
        "_r_44_45_46_47": {
            "name": "_r_44_45_46_47",
            "optional": true,
            "type": "FEATURE",
            "note": ""
        },
        "_r_44_45_46_48": {
            "name": "_r_44_45_46_48",
            "optional": true,
            "type": "FEATURE",
            "note": ""
        },
        "_r_44_45_46_49": {
            "name": "_r_44_45_46_49",
            "optional": true,
            "type": "FEATURE",
            "note": ""
        }
    },
    "tree": {
        "id": "_r",
        "children": [
            {
                "id": "_r_27",
                "children": [
                    {
                        "id": "_r_27_28",
                        "children": [
                            {
                                "id": "_r_27_28_29_30"
                            },
                            {
                                "id": "_r_27_28_29_31"
                            }
                        ]
                    },
                    {
                        "id": "_r_27_51",
                        "children": [
                            {
                                "id": "_r_27_51_52_53"
                            },
                            {
                                "id": "_r_27_51_52_54"
                            },
                            {
                                "id": "_r_27_51_52_55",
                                "children": [
                                    {
                                        "id": "_r_27_51_52_55_60",
                                        "children": [
                                            {
                                                "id": "_r_27_51_52_55_60_61_62"
                                            },
                                            {
                                                "id": "_r_27_51_52_55_60_61_63"
                                            }
                                        ]
                                    }
                                ]
                            }
                        ]
                    }
                ]
            },
            {
                "id": "_r_34",
                "children": [
                    {
                        "id": "_r_34_37",
                        "children": [
                            {
                                "id": "_r_34_37_38_39"
                            },
                            {
                                "id": "_r_34_37_38_40"
                            },
                            {
                                "id": "_r_34_37_38_41"
                            }
                        ]
                    },
                    {
                        "id": "_r_34_56"
                    }
                ]
            },
            {
                "id": "_r_44",
                "children": [
                    {
                        "id": "_r_44_45",
                        "children": [
                            {
                                "id": "_r_44_45_46_47"
                            },
                            {
                                "id": "_r_44_45_46_48"
                            },
                            {
                                "id": "_r_44_45_46_49"
                            }
                        ]
                    }
                ]
            }
        ]
    },
    "constraints": {}
}