{
    "id": "FM__r",
    "name": "FM__r",
    "features": {
        "_r": {
            "name": "_r",
            "optional": true,
            "type": "FEATURE",
            "note": ""
        },
        "_r_1": {
            "name": "_r_1",
            "optional": false,
            "type": "FEATURE",
            "note": ""
        },
        "_r_10": {
            "name": "_r_10",
            "optional": false,
            "type": "FEATURE",
            "note": ""
        },
        "_r_10_39": {
            "name": "_r_10_39",
            "optional": false,
            "type": "FEATURE",
            "note": ""
        },
        "_r_10_40": {
            "name": "_r_10_40",
            "optional": true,
            "type": "FEATURE",
            "note": ""
        },
        "_r_10_41": {
            "name": "_r_10_41",
            "optional": true,
            "type": "FEATURE",
            "note": ""
        },
        "_r_2": {
            "name": "_r_2",
            "optional": false,
            "type": "FEATURE",
            "note": ""
        },
        "_r_2_11": {
            "name": "_r_2_11",
            "optional": true,
            "type": "FEATURE",
            "note": ""
        },
        "_r_2_12": {
            "name": "_r_2_12",
            "optional": true,
            "type": "FEATURE",
            "note": ""
        },
        "_r_3": {
            "name": "_r_3",
            "optional": false,
            "type": "FEATURE",
            "note": ""
        },
        "_r_3_13": {
            "name": "_r_3_13",
            "optional": false,
            "type": "FEATURE",
            "note": ""
        },
        "_r_3_14": {
            "name": "_r_3_14",
            "optional": false,
            "type": "FEATURE",
            "note": ""
        },
        "_r_3_15": {
            "name": "_r_3_15",
            "optional": false,
            "type": "FEATURE",
            "note": ""
        },
        "_r_3_16": {
            "name": "_r_3_16",
            "optional": false,
            "type": "FEATURE",
            "note": ""
        },
        "_r_3_16_17": {
            "name": "_r_3_16_17",
            "optional": true,
            "type": "FEATURE",
            "note": ""
        },
        "_r_4": {
            "name": "_r_4",
            "optional": false,
            "type": "OR",
            "note": ""
        },
        "_r_4_34_35": {
            "name": "_r_4_34_35",
            "optional": true,
            "type": "FEATURE",
            "note": ""
        },
        "_r_4_34_36": {
            "name": "_r_4_34_36",
            "optional": true,
            "type": "FEATURE",
            "note": ""
        },
        "_r_4_34_37": {
            "name": "_r_4_34_37",
            "optional": true,
            "type": "FEATURE",
            "note": ""
        },
        "_r_4_34_38": {
            "name": "_r_4_34_38",
            "optional": true,
            "type": "FEATURE",
            "note": ""
        },
        "_r_5": {
            "name": "_r_5",
            "optional": false,
            "type": "FEATURE",
            "note": ""
        },
        "_r_5_24": {
            "name": "_r_5_24",
            "optional": true,
            "type": "FEATURE",
            "note": ""
        },
        "_r_5_25": {
            "name": "_r_5_25",
            "optional": true,
            "type": "FEATURE",
            "note": ""
        },
        "_r_6": {
            "name": "_r_6",
            "optional": false,
            "type": "FEATURE",
            "note": ""
        },
        "_r_6_26": {
            "name": "_r_6_26",
            "optional": true,
            "type": "FEATURE",
            "note": ""
        },
        "_r_7": {
            "name": "_r_7",
            "optional": false,
            "type": "OR",
            "note": ""
        },
        "_r_7_27": {
            "name": "_r_7_27",
            "optional": false,
            "type": "FEATURE",
            "note": ""
        },
        "_r_7_29_30": {
            "name": "_r_7_29_30",
            "optional": true,
            "type": "FEATURE",
            "note": ""
        },
        "_r_7_29_31": {
            "name": "_r_7_29_31",
            "optional": true,
            "type": "FEATURE",
            "note": ""
        },
        "_r_7_29_32": {
            "name": "_r_7_29_32",
            "optional": true,
            "type": "FEATURE",
            "note": ""
        },
        "_r_7_29_33": {
            "name": "_r_7_29_33",
            "optional": true,
            "type": "FEATURE",
            "note": ""
        },
        "_r_8": {
            "name": "_r_8",
            "optional": false,
            "type": "FEATURE",
            "note": ""
        },
        "_r_9": {
            "name": "_r_9",
            "optional": false,
            "type": "FEATURE",
            "note": ""
        },
        "_r_9_45": {
            "name": "_r_9_45",
            "optional": false,
            "type": "FEATURE",
            "note": ""
        },
        "_r_9_45_47": {
            "name": "_r_9_45_47",
            "optional": false,
            "type": "FEATURE",
            "note": ""
        },
        "_r_9_45_48": {
            "name": "_r_9_45_48",
            "optional": false,
            "type": "FEATURE",
            "note": ""
        },
        "_r_9_46": {
            "name": "_r_9_46",
            "optional": false,
            "type": "FEATURE",
            "note": ""
        }
    },
    "tree": {
        "id": "_r",
        "children": [
            {
                "id": "_r_1"
            },
            {
                "id": "_r_10",
                "children": [
                    {
                        "id": "_r_10_39"
                    },
                    {
                        "id": "_r_10_40"
                    },
                    {
                        "id": "_r_10_41"
                    }
                ]
            },
            {
                "id": "_r_2",
                "children": [
                    {
                        "id": "_r_2_11"
                    },
                    {
                        "id": "_r_2_12"
                    }
                ]
            },
            {
                "id": "_r_3",
                "children": [
                    {
                        "id": "_r_3_13"
                    },
                    {
                        "id": "_r_3_14"
                    },
                    {
                        "id": "_r_3_15"
                    },
                    {
                        "id": "_r_3_16",
                        "children": [
                            {
                                "id": "_r_3_16_17"
                            }
                        ]
                    }
                ]
            },
            {
                "id": "_r_4",
                "children": [
                    {
                        "id": "_r_4_34_35"
                    },
                    {
                        "id": "_r_4_34_36"
                    },
                    {
                        "id": "_r_4_34_37"
                    },
                    {
                        "id": "_r_4_34_38"
                    }
                ]
            },
            {
                "id": "_r_5",
                "children": [
                    {
                        "id": "_r_5_24"
                    },
                    {
                        "id": "_r_5_25"
                    }
                ]
            },
            {
                "id": "_r_6",
                "children": [
                    {
                        "id": "_r_6_26"
                    }
                ]
            },
            {
                "id": "_r_7",
                "children": [
                    {
                        "id": "_r_7_27"
                    },
                    {
                        "id": "_r_7_29_30"
                    },
                    {
                        "id": "_r_7_29_31"
                    },
                    {
                        "id": "_r_7_29_32"
                    },
                    {
                        "id": "_r_7_29_33"
                    }
                ]
            },
            {
                "id": "_r_8"
            },
            {
                "id": "_r_9",
                "children": [
                    {
                        "id": "_r_9_45",
                        "children": [
                            {
                                "id": "_r_9_45_47"
                            },
                            {
                                "id": "_r_9_45_48"
                            }
                        ]
                    },
                    {
                        "id": "_r_9_46"
                    }
                ]
            }
        ]
    },
    "constraints": {}
}