{
    "id": "FM__r",
    "name": "FM__r",
    "features": {
        "_r": {
            "name": "_r",
            "optional": true,
            "type": "FEATURE",
            "note": ""
        },
        "_r_1": {
            "name": "_r_1",
            "optional": true,
            "type": "OR",
            "note": ""
        },
        "_r_1_34_35": {
            "name": "_r_1_34_35",
            "optional": true,
            "type": "FEATURE",
            "note": ""
        },
        "_r_1_34_36": {
            "name": "_r_1_34_36",
            "optional": true,
            "type": "FEATURE",
            "note": ""
        },
        "_r_2": {
            "name": "_r_2",
            "optional": false,
            "type": "FEATURE",
            "note": ""
        },
        "_r_2_8": {
            "name": "_r_2_8",
            "optional": true,
            "type": "OR",
            "note": ""
        },
        "_r_2_8_37_38": {
            "name": "_r_2_8_37_38",
            "optional": true,
            "type": "FEATURE",
            "note": ""
        },
        "_r_2_8_37_39": {
            "name": "_r_2_8_37_39",
            "optional": true,
            "type": "FEATURE",
            "note": ""
        },
        "_r_2_9": {
            "name": "_r_2_9",
            "optional": true,
            "type": "FEATURE",
            "note": ""
        },
        "_r_3": {
            "name": "_r_3",
            "optional": false,
            "type": "XOR",
            "note": ""
        },
        "_r_3_40_41": {
            "name": "_r_3_40_41",
            "optional": true,
            "type": "FEATURE",
            "note": ""
        },
        "_r_3_40_42": {
            "name": "_r_3_40_42",
            "optional": true,
            "type": "FEATURE",
            "note": ""
        },
        "_r_3_40_43": {
            "name": "_r_3_40_43",
            "optional": true,
            "type": "FEATURE",
            "note": ""
        },
        "_r_4": {
            "name": "_r_4",
            "optional": true,
            "type": "FEATURE",
            "note": ""
        },
        "_r_5": {
            "name": "_r_5",
            "optional": true,
            "type": "FEATURE",
            "note": ""
        },
        "_r_5_11": {
            "name": "_r_5_11",
            "optional": true,
            "type": "FEATURE",
            "note": ""
        },
        "_r_6": {
            "name": "_r_6",
            "optional": false,
            "type": "FEATURE",
            "note": ""
        },
        "_r_6_12": {
            "name": "_r_6_12",
            "optional": false,
            "type": "OR",
            "note": ""
        },
        "_r_6_12_44_45": {
            "name": "_r_6_12_44_45",
            "optional": true,
            "type": "FEATURE",
            "note": ""
        },
        "_r_6_12_44_46": {
            "name": "_r_6_12_44_46",
            "optional": true,
            "type": "FEATURE",
            "note": ""
        },
        "_r_6_12_44_47": {
            "name": "_r_6_12_44_47",
            "optional": true,
            "type": "FEATURE",
            "note": ""
        },
        "_r_6_13": {
            "name": "_r_6_13",
            "optional": false,
            "type": "OR",
            "note": ""
        },
        "_r_6_13_48_49": {
            "name": "_r_6_13_48_49",
            "optional": true,
            "type": "FEATURE",
            "note": ""
        },
        "_r_6_13_48_49_52": {
            "name": "_r_6_13_48_49_52",
            "optional": true,
            "type": "FEATURE",
            "note": ""
        },
        "_r_6_13_48_49_53": {
            "name": "_r_6_13_48_49_53",
            "optional": true,
            "type": "FEATURE",
            "note": ""
        },
        "_r_6_13_48_49_54": {
            "name": "_r_6_13_48_49_54",
            "optional": true,
            "type": "FEATURE",
            "note": ""
        },
        "_r_6_13_48_49_55": {
            "name": "_r_6_13_48_49_55",
            "optional": true,
            "type": "FEATURE",
            "note": ""
        },
        "_r_6_13_48_50": {
            "name": "_r_6_13_48_50",
            "optional": true,
            "type": "FEATURE",
            "note": ""
        },
        "_r_6_13_48_51": {
            "name": "_r_6_13_48_51",
            "optional": true,
            "type": "FEATURE",
            "note": ""
        }
    },
    "tree": {
        "id": "_r",
        "children": [
            {
                "id": "_r_1",
                "children": [
                    {
                        "id": "_r_1_34_35"
                    },
                    {
                        "id": "_r_1_34_36"
                    }
                ]
            },
            {
                "id": "_r_2",
                "children": [
                    {
                        "id": "_r_2_8",
                        "children": [
                            {
                                "id": "_r_2_8_37_38"
                            },
                            {
                                "id": "_r_2_8_37_39"
                            }
                        ]
                    },
                    {
                        "id": "_r_2_9"
                    }
                ]
            },
            {
                "id": "_r_3",
                "children": [
                    {
                        "id": "_r_3_40_41"
                    },
                    {
                        "id": "_r_3_40_42"
                    },
                    {
                        "id": "_r_3_40_43"
                    }
                ]
            },
            {
                "id": "_r_4"
            },
            {
                "id": "_r_5",
                "children": [
                    {
                        "id": "_r_5_11"
                    }
                ]
            },
            {
                "id": "_r_6",
                "children": [
                    {
                        "id": "_r_6_12",
                        "children": [
                            {
                                "id": "_r_6_12_44_45"
                            },
                            {
                                "id": "_r_6_12_44_46"
                            },
                            {
                                "id": "_r_6_12_44_47"
                            }
                        ]
                    },
                    {
                        "id": "_r_6_13",
                        "children": [
                            {
                                "id": "_r_6_13_48_49",
                                "children": [
                                    {
                                        "id": "_r_6_13_48_49_52"
                                    },
                                    {
                                        "id": "_r_6_13_48_49_53"
                                    },
                                    {
                                        "id": "_r_6_13_48_49_54"
                                    },
                                    {
                                        "id": "_r_6_13_48_49_55"
                                    }
                                ]
                            },
                            {
                                "id": "_r_6_13_48_50"
                            },
                            {
                                "id": "_r_6_13_48_51"
                            }
                        ]
                    }
                ]
            }
        ]
    },
    "constraints": {
        "Constraint 0": {
            "type": "ImpliesTerm",
            "operands": [
                {
                    "type": "FeatureTerm",
                    "operands": [
                        "_r_1_34_36"
                    ]
                },
                {
                    "type": "FeatureTerm",
                    "operands": [
                        "_r_2_8_37_38"
                    ]
                }
            ]
        },
        "Constraint 1": {
            "type": "ImpliesTerm",
            "operands": [
                {
                    "type": "FeatureTerm",
                    "operands": [
                        "_r_6_12_44_47"
                    ]
                },
                {
                    "type": "FeatureTerm",
                    "operands": [
                        "_r_6_13_48_49_53"
                    ]
                }
            ]
        },
        "Constraint 2": {
            "type": "ImpliesTerm",
            "operands": [
                {
                    "type": "FeatureTerm",
                    "operands": [
                        "_r_6_12_44_47"
                    ]
                },
                {
                    "type": "FeatureTerm",
                    "operands": [
                        "_r_6_13_48_49_55"
                    ]
                }
            ]
        },
        "Constraint 3": {
            "type": "ImpliesTerm",
            "operands": [
                {
                    "type": "FeatureTerm",
                    "operands": [
                        "_r_2_9"
                    ]
                },
                {
                    "type": "FeatureTerm",
                    "operands": [
                        "_r_2_8_37_38"
                    ]
                }
            ]
        },
        "Constraint 4": {
            "type": "ImpliesTerm",
            "operands": [
                {
                    "type": "FeatureTerm",
                    "operands": [
                        "_r_6_12_44_47"
                    ]
                },
                {
                    "type": "FeatureTerm",
                    "operands": [
                        "_r_6_13_48_49_55"
                    ]
                }
            ]
        }
    }
}