{
    "id": "FM__r",
    "name": "FM__r",
    "features": {
        "_r": {
            "name": "_r",
            "optional": true,
            "type": "FEATURE",
            "note": ""
        },
        "_r_1": {
            "name": "_r_1",
            "optional": false,
            "type": "FEATURE",
            "note": ""
        },
        "_r_15": {
            "name": "_r_15",
            "optional": false,
            "type": "XOR",
            "note": ""
        },
        "_r_15_16_17": {
            "name": "_r_15_16_17",
            "optional": true,
            "type": "FEATURE",
            "note": ""
        },
        "_r_15_16_18": {
            "name": "_r_15_16_18",
            "optional": true,
            "type": "FEATURE",
            "note": ""
        },
        "_r_1_24": {
            "name": "_r_1_24",
            "optional": false,
            "type": "FEATURE",
            "note": ""
        },
        "_r_1_25": {
            "name": "_r_1_25",
            "optional": false,
            "type": "FEATURE",
            "note": ""
        },
        "_r_1_26": {
            "name": "_r_1_26",
            "optional": false,
            "type": "FEATURE",
            "note": ""
        },
        "_r_1_27": {
            "name": "_r_1_27",
            "optional": false,
            "type": "FEATURE",
            "note": ""
        },
        "_r_2": {
            "name": "_r_2",
            "optional": false,
            "type": "FEATURE",
            "note": ""
        },
        "_r_20": {
            "name": "_r_20",
            "optional": false,
            "type": "XOR",
            "note": ""
        },
        "_r_20_21_22": {
            "name": "_r_20_21_22",
            "optional": true,
            "type": "FEATURE",
            "note": ""
        },
        "_r_20_21_23": {
            "name": "_r_20_21_23",
            "optional": true,
            "type": "FEATURE",
            "note": ""
        },
        "_r_2_28": {
            "name": "_r_2_28",
            "optional": false,
            "type": "FEATURE",
            "note": ""
        },
        "_r_3": {
            "name": "_r_3",
            "optional": false,
            "type": "XOR",
            "note": ""
        },
        "_r_3_19": {
            "name": "_r_3_19",
            "optional": true,
            "type": "FEATURE",
            "note": ""
        },
        "_r_3_4_5": {
            "name": "_r_3_4_5",
            "optional": true,
            "type": "FEATURE",
            "note": ""
        },
        "_r_3_4_6": {
            "name": "_r_3_4_6",
            "optional": true,
            "type": "FEATURE",
            "note": ""
        },
        "_r_3_7": {
            "name": "_r_3_7",
            "optional": false,
            "type": "FEATURE",
            "note": ""
        },
        "_r_3_8": {
            "name": "_r_3_8",
            "optional": false,
            "type": "XOR",
            "note": ""
        },
        "_r_3_8_9_10": {
            "name": "_r_3_8_9_10",
            "optional": true,
            "type": "FEATURE",
            "note": ""
        },
        "_r_3_8_9_11": {
            "name": "_r_3_8_9_11",
            "optional": true,
            "type": "FEATURE",
            "note": ""
        },
        "_r_3_8_9_12": {
            "name": "_r_3_8_9_12",
            "optional": true,
            "type": "FEATURE",
            "note": ""
        }
    },
    "tree": {
        "id": "_r",
        "children": [
            {
                "id": "_r_1",
                "children": [
                    {
                        "id": "_r_1_24"
                    },
                    {
                        "id": "_r_1_25"
                    },
                    {
                        "id": "_r_1_26"
                    },
                    {
                        "id": "_r_1_27"
                    }
                ]
            },
            {
                "id": "_r_15",
                "children": [
                    {
                        "id": "_r_15_16_17"
                    },
                    {
                        "id": "_r_15_16_18"
                    }
                ]
            },
            {
                "id": "_r_2",
                "children": [
                    {
                        "id": "_r_2_28"
                    }
                ]
            },
            {
                "id": "_r_20",
                "children": [
                    {
                        "id": "_r_20_21_22"
                    },
                    {
                        "id": "_r_20_21_23"
                    }
                ]
            },
            {
                "id": "_r_3",
                "children": [
                    {
                        "id": "_r_3_19"
                    },
                    {
                        "id": "_r_3_4_5"
                    },
                    {
                        "id": "_r_3_4_6"
                    },
                    {
                        "id": "_r_3_7"
                    },
                    {
                        "id": "_r_3_8",
                        "children": [
                            {
                                "id": "_r_3_8_9_10"
                            },
                            {
                                "id": "_r_3_8_9_11"
                            },
                            {
                                "id": "_r_3_8_9_12"
                            }
                        ]
                    }
                ]
            }
        ]
    },
    "constraints": {}
}