{
    "id": "FM__r",
    "name": "FM__r",
    "features": {
        "_r": {
            "name": "_r",
            "optional": true,
            "type": "FEATURE",
            "note": ""
        },
        "_r_1": {
            "name": "_r_1",
            "optional": false,
            "type": "FEATURE",
            "note": ""
        },
        "_r_1_10": {
            "name": "_r_1_10",
            "optional": true,
            "type": "XOR",
            "note": ""
        },
        "_r_1_10_26_27": {
            "name": "_r_1_10_26_27",
            "optional": true,
            "type": "FEATURE",
            "note": ""
        },
        "_r_1_10_26_28": {
            "name": "_r_1_10_26_28",
            "optional": true,
            "type": "FEATURE",
            "note": ""
        },
        "_r_1_7": {
            "name": "_r_1_7",
            "optional": false,
            "type": "XOR",
            "note": ""
        },
        "_r_1_7_11_12": {
            "name": "_r_1_7_11_12",
            "optional": true,
            "type": "FEATURE",
            "note": ""
        },
        "_r_1_7_11_13": {
            "name": "_r_1_7_11_13",
            "optional": true,
            "type": "FEATURE",
            "note": ""
        },
        "_r_1_7_11_14": {
            "name": "_r_1_7_11_14",
            "optional": true,
            "type": "FEATURE",
            "note": ""
        },
        "_r_1_7_11_15": {
            "name": "_r_1_7_11_15",
            "optional": true,
            "type": "FEATURE",
            "note": ""
        },
        "_r_1_7_11_16": {
            "name": "_r_1_7_11_16",
            "optional": true,
            "type": "FEATURE",
            "note": ""
        },
        "_r_1_8": {
            "name": "_r_1_8",
            "optional": false,
            "type": "XOR",
            "note": ""
        },
        "_r_1_8_17_18": {
            "name": "_r_1_8_17_18",
            "optional": true,
            "type": "FEATURE",
            "note": ""
        },
        "_r_1_8_17_19": {
            "name": "_r_1_8_17_19",
            "optional": true,
            "type": "FEATURE",
            "note": ""
        },
        "_r_1_9": {
            "name": "_r_1_9",
            "optional": false,
            "type": "XOR",
            "note": ""
        },
        "_r_1_9_20_21": {
            "name": "_r_1_9_20_21",
            "optional": true,
            "type": "FEATURE",
            "note": ""
        },
        "_r_1_9_20_22": {
            "name": "_r_1_9_20_22",
            "optional": true,
            "type": "FEATURE",
            "note": ""
        },
        "_r_1_9_20_23": {
            "name": "_r_1_9_20_23",
            "optional": true,
            "type": "FEATURE",
            "note": ""
        },
        "_r_1_9_20_24": {
            "name": "_r_1_9_20_24",
            "optional": true,
            "type": "FEATURE",
            "note": ""
        },
        "_r_1_9_20_25": {
            "name": "_r_1_9_20_25",
            "optional": true,
            "type": "FEATURE",
            "note": ""
        },
        "_r_2": {
            "name": "_r_2",
            "optional": true,
            "type": "FEATURE",
            "note": ""
        },
        "_r_2_29": {
            "name": "_r_2_29",
            "optional": true,
            "type": "OR",
            "note": ""
        },
        "_r_2_29_31_32": {
            "name": "_r_2_29_31_32",
            "optional": true,
            "type": "FEATURE",
            "note": ""
        },
        "_r_2_29_31_33": {
            "name": "_r_2_29_31_33",
            "optional": true,
            "type": "FEATURE",
            "note": ""
        },
        "_r_2_30": {
            "name": "_r_2_30",
            "optional": true,
            "type": "XOR",
            "note": ""
        },
        "_r_2_30_34_35": {
            "name": "_r_2_30_34_35",
            "optional": true,
            "type": "FEATURE",
            "note": ""
        },
        "_r_2_30_34_36": {
            "name": "_r_2_30_34_36",
            "optional": true,
            "type": "FEATURE",
            "note": ""
        },
        "_r_2_30_34_37": {
            "name": "_r_2_30_34_37",
            "optional": true,
            "type": "FEATURE",
            "note": ""
        },
        "_r_3": {
            "name": "_r_3",
            "optional": false,
            "type": "XOR",
            "note": ""
        },
        "_r_3_38_39": {
            "name": "_r_3_38_39",
            "optional": true,
            "type": "FEATURE",
            "note": ""
        },
        "_r_3_38_40": {
            "name": "_r_3_38_40",
            "optional": true,
            "type": "FEATURE",
            "note": ""
        },
        "_r_3_38_41": {
            "name": "_r_3_38_41",
            "optional": true,
            "type": "FEATURE",
            "note": ""
        },
        "_r_4": {
            "name": "_r_4",
            "optional": false,
            "type": "XOR",
            "note": ""
        },
        "_r_4_42_43": {
            "name": "_r_4_42_43",
            "optional": true,
            "type": "XOR",
            "note": ""
        },
        "_r_4_42_43_45_46": {
            "name": "_r_4_42_43_45_46",
            "optional": true,
            "type": "FEATURE",
            "note": ""
        },
        "_r_4_42_43_45_47": {
            "name": "_r_4_42_43_45_47",
            "optional": true,
            "type": "FEATURE",
            "note": ""
        },
        "_r_4_42_43_45_48": {
            "name": "_r_4_42_43_45_48",
            "optional": true,
            "type": "FEATURE",
            "note": ""
        },
        "_r_4_42_44": {
            "name": "_r_4_42_44",
            "optional": true,
            "type": "XOR",
            "note": ""
        },
        "_r_4_42_44_49_50": {
            "name": "_r_4_42_44_49_50",
            "optional": true,
            "type": "FEATURE",
            "note": ""
        },
        "_r_4_42_44_49_51": {
            "name": "_r_4_42_44_49_51",
            "optional": true,
            "type": "FEATURE",
            "note": ""
        },
        "_r_4_42_44_49_52": {
            "name": "_r_4_42_44_49_52",
            "optional": true,
            "type": "FEATURE",
            "note": ""
        },
        "_r_5": {
            "name": "_r_5",
            "optional": false,
            "type": "XOR",
            "note": ""
        },
        "_r_5_53_54": {
            "name": "_r_5_53_54",
            "optional": true,
            "type": "FEATURE",
            "note": ""
        },
        "_r_5_53_55": {
            "name": "_r_5_53_55",
            "optional": true,
            "type": "FEATURE",
            "note": ""
        },
        "_r_5_53_56": {
            "name": "_r_5_53_56",
            "optional": true,
            "type": "FEATURE",
            "note": ""
        },
        "_r_5_53_57": {
            "name": "_r_5_53_57",
            "optional": true,
            "type": "FEATURE",
            "note": ""
        },
        "_r_5_53_58": {
            "name": "_r_5_53_58",
            "optional": true,
            "type": "FEATURE",
            "note": ""
        },
        "_r_6": {
            "name": "_r_6",
            "optional": true,
            "type": "FEATURE",
            "note": ""
        }
    },
    "tree": {
        "id": "_r",
        "children": [
            {
                "id": "_r_1",
                "children": [
                    {
                        "id": "_r_1_10",
                        "children": [
                            {
                                "id": "_r_1_10_26_27"
                            },
                            {
                                "id": "_r_1_10_26_28"
                            }
                        ]
                    },
                    {
                        "id": "_r_1_7",
                        "children": [
                            {
                                "id": "_r_1_7_11_12"
                            },
                            {
                                "id": "_r_1_7_11_13"
                            },
                            {
                                "id": "_r_1_7_11_14"
                            },
                            {
                                "id": "_r_1_7_11_15"
                            },
                            {
                                "id": "_r_1_7_11_16"
                            }
                        ]
                    },
                    {
                        "id": "_r_1_8",
                        "children": [
                            {
                                "id": "_r_1_8_17_18"
                            },
                            {
                                "id": "_r_1_8_17_19"
                            }
                        ]
                    },
                    {
                        "id": "_r_1_9",
                        "children": [
                            {
                                "id": "_r_1_9_20_21"
                            },
                            {
                                "id": "_r_1_9_20_22"
                            },
                            {
                                "id": "_r_1_9_20_23"
                            },
                            {
                                "id": "_r_1_9_20_24"
                            },
                            {
                                "id": "_r_1_9_20_25"
                            }
                        ]
                    }
                ]
            },
            {
                "id": "_r_2",
                "children": [
                    {
                        "id": "_r_2_29",
                        "children": [
                            {
                                "id": "_r_2_29_31_32"
                            },
                            {
                                "id": "_r_2_29_31_33"
                            }
                        ]
                    },
                    {
                        "id": "_r_2_30",
                        "children": [
                            {
                                "id": "_r_2_30_34_35"
                            },
                            {
                                "id": "_r_2_30_34_36"
                            },
                            {
                                "id": "_r_2_30_34_37"
                            }
                        ]
                    }
                ]
            },
            {
                "id": "_r_3",
                "children": [
                    {
                        "id": "_r_3_38_39"
                    },
                    {
                        "id": "_r_3_38_40"
                    },
                    {
                        "id": "_r_3_38_41"
                    }
                ]
            },
            {
                "id": "_r_4",
                "children": [
                    {
                        "id": "_r_4_42_43",
                        "children": [
                            {
                                "id": "_r_4_42_43_45_46"
                            },
                            {
                                "id": "_r_4_42_43_45_47"
                            },
                            {
                                "id": "_r_4_42_43_45_48"
                            }
                        ]
                    },
                    {
                        "id": "_r_4_42_44",
                        "children": [
                            {
                                "id": "_r_4_42_44_49_50"
                            },
                            {
                                "id": "_r_4_42_44_49_51"
                            },
                            {
                                "id": "_r_4_42_44_49_52"
                            }
                        ]
                    }
                ]
            },
            {
                "id": "_r_5",
                "children": [
                    {
                        "id": "_r_5_53_54"
                    },
                    {
                        "id": "_r_5_53_55"
                    },
                    {
                        "id": "_r_5_53_56"
                    },
                    {
                        "id": "_r_5_53_57"
                    },
                    {
                        "id": "_r_5_53_58"
                    }
                ]
            },
            {
                "id": "_r_6"
            }
        ]
    },
    "constraints": {
        "Constraint 0": {
            "type": "ImpliesTerm",
            "operands": [
                {
                    "type": "FeatureTerm",
                    "operands": [
                        "_r_3_38_40"
                    ]
                },
                {
                    "type": "NotTerm",
                    "operands": [
                        {
                            "type": "FeatureTerm",
                            "operands": [
                                "_r_5_53_58"
                            ]
                        }
                    ]
                }
            ]
        },
        "Constraint 1": {
            "type": "ImpliesTerm",
            "operands": [
                {
                    "type": "FeatureTerm",
                    "operands": [
                        "_r_1_7_11_15"
                    ]
                },
                {
                    "type": "FeatureTerm",
                    "operands": [
                        "_r_3_38_41"
                    ]
                }
            ]
        },
        "Constraint 2": {
            "type": "ImpliesTerm",
            "operands": [
                {
                    "type": "FeatureTerm",
                    "operands": [
                        "_r_3_38_41"
                    ]
                },
                {
                    "type": "FeatureTerm",
                    "operands": [
                        "_r_4_42_44"
                    ]
                }
            ]
        },
        "Constraint 3": {
            "type": "ImpliesTerm",
            "operands": [
                {
                    "type": "FeatureTerm",
                    "operands": [
                        "_r_1_9_20_24"
                    ]
                },
                {
                    "type": "FeatureTerm",
                    "operands": [
                        "_r_3_38_41"
                    ]
                }
            ]
        },
        "Constraint 4": {
            "type": "ImpliesTerm",
            "operands": [
                {
                    "type": "FeatureTerm",
                    "operands": [
                        "_r_2"
                    ]
                },
                {
                    "type": "FeatureTerm",
                    "operands": [
                        "_r_3_38_40"
                    ]
                }
            ]
        }
    }
}