{
    "id": "FM__r0",
    "name": "FM__r0",
    "features": {
        "_r0": {
            "name": "_r0",
            "optional": true,
            "type": "FEATURE",
            "note": ""
        },
        "_r1": {
            "name": "_r1",
            "optional": false,
            "type": "FEATURE",
            "note": ""
        },
        "_r10": {
            "name": "_r10",
            "optional": true,
            "type": "FEATURE",
            "note": ""
        },
        "_r100": {
            "name": "_r100",
            "optional": true,
            "type": "FEATURE",
            "note": ""
        },
        "_r101": {
            "name": "_r101",
            "optional": true,
            "type": "FEATURE",
            "note": ""
        },
        "_r102": {
            "name": "_r102",
            "optional": false,
            "type": "FEATURE",
            "note": ""
        },
        "_r103": {
            "name": "_r103",
            "optional": false,
            "type": "XOR",
            "note": ""
        },
        "_r104": {
            "name": "_r104",
            "optional": true,
            "type": "FEATURE",
            "note": ""
        },
        "_r105": {
            "name": "_r105",
            "optional": true,
            "type": "FEATURE",
            "note": ""
        },
        "_r106": {
            "name": "_r106",
            "optional": true,
            "type": "FEATURE",
            "note": ""
        },
        "_r107": {
            "name": "_r107",
            "optional": true,
            "type": "FEATURE",
            "note": ""
        },
        "_r108": {
            "name": "_r108",
            "optional": false,
            "type": "XOR",
            "note": ""
        },
        "_r109": {
            "name": "_r109",
            "optional": true,
            "type": "FEATURE",
            "note": ""
        },
        "_r11": {
            "name": "_r11",
            "optional": true,
            "type": "FEATURE",
            "note": ""
        },
        "_r110": {
            "name": "_r110",
            "optional": true,
            "type": "FEATURE",
            "note": ""
        },
        "_r111": {
            "name": "_r111",
            "optional": false,
            "type": "FEATURE",
            "note": ""
        },
        "_r112": {
            "name": "_r112",
            "optional": false,
            "type": "FEATURE",
            "note": ""
        },
        "_r113": {
            "name": "_r113",
            "optional": false,
            "type": "FEATURE",
            "note": ""
        },
        "_r114": {
            "name": "_r114",
            "optional": true,
            "type": "FEATURE",
            "note": ""
        },
        "_r115": {
            "name": "_r115",
            "optional": false,
            "type": "FEATURE",
            "note": ""
        },
        "_r116": {
            "name": "_r116",
            "optional": true,
            "type": "FEATURE",
            "note": ""
        },
        "_r117": {
            "name": "_r117",
            "optional": true,
            "type": "FEATURE",
            "note": ""
        },
        "_r118": {
            "name": "_r118",
            "optional": true,
            "type": "FEATURE",
            "note": ""
        },
        "_r119": {
            "name": "_r119",
            "optional": true,
            "type": "FEATURE",
            "note": ""
        },
        "_r12": {
            "name": "_r12",
            "optional": true,
            "type": "FEATURE",
            "note": ""
        },
        "_r120": {
            "name": "_r120",
            "optional": false,
            "type": "FEATURE",
            "note": ""
        },
        "_r121": {
            "name": "_r121",
            "optional": false,
            "type": "XOR",
            "note": ""
        },
        "_r122": {
            "name": "_r122",
            "optional": true,
            "type": "FEATURE",
            "note": ""
        },
        "_r123": {
            "name": "_r123",
            "optional": true,
            "type": "FEATURE",
            "note": ""
        },
        "_r124": {
            "name": "_r124",
            "optional": false,
            "type": "XOR",
            "note": ""
        },
        "_r125": {
            "name": "_r125",
            "optional": true,
            "type": "FEATURE",
            "note": ""
        },
        "_r126": {
            "name": "_r126",
            "optional": true,
            "type": "FEATURE",
            "note": ""
        },
        "_r127": {
            "name": "_r127",
            "optional": true,
            "type": "FEATURE",
            "note": ""
        },
        "_r128": {
            "name": "_r128",
            "optional": false,
            "type": "FEATURE",
            "note": ""
        },
        "_r129": {
            "name": "_r129",
            "optional": false,
            "type": "FEATURE",
            "note": ""
        },
        "_r13": {
            "name": "_r13",
            "optional": true,
            "type": "FEATURE",
            "note": ""
        },
        "_r130": {
            "name": "_r130",
            "optional": false,
            "type": "FEATURE",
            "note": ""
        },
        "_r131": {
            "name": "_r131",
            "optional": false,
            "type": "FEATURE",
            "note": ""
        },
        "_r132": {
            "name": "_r132",
            "optional": false,
            "type": "XOR",
            "note": ""
        },
        "_r133": {
            "name": "_r133",
            "optional": true,
            "type": "FEATURE",
            "note": ""
        },
        "_r134": {
            "name": "_r134",
            "optional": true,
            "type": "FEATURE",
            "note": ""
        },
        "_r135": {
            "name": "_r135",
            "optional": false,
            "type": "XOR",
            "note": ""
        },
        "_r136": {
            "name": "_r136",
            "optional": true,
            "type": "FEATURE",
            "note": ""
        },
        "_r137": {
            "name": "_r137",
            "optional": true,
            "type": "FEATURE",
            "note": ""
        },
        "_r138": {
            "name": "_r138",
            "optional": true,
            "type": "FEATURE",
            "note": ""
        },
        "_r139": {
            "name": "_r139",
            "optional": true,
            "type": "FEATURE",
            "note": ""
        },
        "_r14": {
            "name": "_r14",
            "optional": true,
            "type": "FEATURE",
            "note": ""
        },
        "_r140": {
            "name": "_r140",
            "optional": false,
            "type": "FEATURE",
            "note": ""
        },
        "_r141": {
            "name": "_r141",
            "optional": false,
            "type": "FEATURE",
            "note": ""
        },
        "_r142": {
            "name": "_r142",
            "optional": true,
            "type": "FEATURE",
            "note": ""
        },
        "_r143": {
            "name": "_r143",
            "optional": true,
            "type": "FEATURE",
            "note": ""
        },
        "_r144": {
            "name": "_r144",
            "optional": false,
            "type": "FEATURE",
            "note": ""
        },
        "_r145": {
            "name": "_r145",
            "optional": false,
            "type": "FEATURE",
            "note": ""
        },
        "_r146": {
            "name": "_r146",
            "optional": false,
            "type": "XOR",
            "note": ""
        },
        "_r147": {
            "name": "_r147",
            "optional": true,
            "type": "FEATURE",
            "note": ""
        },
        "_r148": {
            "name": "_r148",
            "optional": true,
            "type": "FEATURE",
            "note": ""
        },
        "_r149": {
            "name": "_r149",
            "optional": true,
            "type": "FEATURE",
            "note": ""
        },
        "_r15": {
            "name": "_r15",
            "optional": true,
            "type": "FEATURE",
            "note": ""
        },
        "_r150": {
            "name": "_r150",
            "optional": true,
            "type": "FEATURE",
            "note": ""
        },
        "_r151": {
            "name": "_r151",
            "optional": true,
            "type": "FEATURE",
            "note": ""
        },
        "_r152": {
            "name": "_r152",
            "optional": true,
            "type": "FEATURE",
            "note": ""
        },
        "_r153": {
            "name": "_r153",
            "optional": true,
            "type": "FEATURE",
            "note": ""
        },
        "_r154": {
            "name": "_r154",
            "optional": false,
            "type": "XOR",
            "note": ""
        },
        "_r155": {
            "name": "_r155",
            "optional": true,
            "type": "FEATURE",
            "note": ""
        },
        "_r156": {
            "name": "_r156",
            "optional": true,
            "type": "FEATURE",
            "note": ""
        },
        "_r157": {
            "name": "_r157",
            "optional": true,
            "type": "FEATURE",
            "note": ""
        },
        "_r158": {
            "name": "_r158",
            "optional": false,
            "type": "XOR",
            "note": ""
        },
        "_r159": {
            "name": "_r159",
            "optional": true,
            "type": "FEATURE",
            "note": ""
        },
        "_r16": {
            "name": "_r16",
            "optional": true,
            "type": "FEATURE",
            "note": ""
        },
        "_r160": {
            "name": "_r160",
            "optional": true,
            "type": "FEATURE",
            "note": ""
        },
        "_r161": {
            "name": "_r161",
            "optional": true,
            "type": "FEATURE",
            "note": ""
        },
        "_r162": {
            "name": "_r162",
            "optional": true,
            "type": "XOR",
            "note": ""
        },
        "_r163": {
            "name": "_r163",
            "optional": true,
            "type": "FEATURE",
            "note": ""
        },
        "_r164": {
            "name": "_r164",
            "optional": true,
            "type": "FEATURE",
            "note": ""
        },
        "_r165": {
            "name": "_r165",
            "optional": true,
            "type": "FEATURE",
            "note": ""
        },
        "_r166": {
            "name": "_r166",
            "optional": true,
            "type": "FEATURE",
            "note": ""
        },
        "_r167": {
            "name": "_r167",
            "optional": true,
            "type": "FEATURE",
            "note": ""
        },
        "_r168": {
            "name": "_r168",
            "optional": true,
            "type": "FEATURE",
            "note": ""
        },
        "_r169": {
            "name": "_r169",
            "optional": true,
            "type": "FEATURE",
            "note": ""
        },
        "_r17": {
            "name": "_r17",
            "optional": true,
            "type": "FEATURE",
            "note": ""
        },
        "_r170": {
            "name": "_r170",
            "optional": false,
            "type": "XOR",
            "note": ""
        },
        "_r171": {
            "name": "_r171",
            "optional": true,
            "type": "FEATURE",
            "note": ""
        },
        "_r172": {
            "name": "_r172",
            "optional": true,
            "type": "FEATURE",
            "note": ""
        },
        "_r173": {
            "name": "_r173",
            "optional": true,
            "type": "FEATURE",
            "note": ""
        },
        "_r174": {
            "name": "_r174",
            "optional": true,
            "type": "FEATURE",
            "note": ""
        },
        "_r175": {
            "name": "_r175",
            "optional": true,
            "type": "FEATURE",
            "note": ""
        },
        "_r176": {
            "name": "_r176",
            "optional": true,
            "type": "FEATURE",
            "note": ""
        },
        "_r177": {
            "name": "_r177",
            "optional": true,
            "type": "XOR",
            "note": ""
        },
        "_r178": {
            "name": "_r178",
            "optional": true,
            "type": "FEATURE",
            "note": ""
        },
        "_r179": {
            "name": "_r179",
            "optional": true,
            "type": "FEATURE",
            "note": ""
        },
        "_r18": {
            "name": "_r18",
            "optional": true,
            "type": "FEATURE",
            "note": ""
        },
        "_r180": {
            "name": "_r180",
            "optional": true,
            "type": "FEATURE",
            "note": ""
        },
        "_r181": {
            "name": "_r181",
            "optional": true,
            "type": "FEATURE",
            "note": ""
        },
        "_r182": {
            "name": "_r182",
            "optional": true,
            "type": "FEATURE",
            "note": ""
        },
        "_r183": {
            "name": "_r183",
            "optional": false,
            "type": "XOR",
            "note": ""
        },
        "_r184": {
            "name": "_r184",
            "optional": true,
            "type": "FEATURE",
            "note": ""
        },
        "_r185": {
            "name": "_r185",
            "optional": true,
            "type": "FEATURE",
            "note": ""
        },
        "_r186": {
            "name": "_r186",
            "optional": true,
            "type": "FEATURE",
            "note": ""
        },
        "_r187": {
            "name": "_r187",
            "optional": true,
            "type": "FEATURE",
            "note": ""
        },
        "_r188": {
            "name": "_r188",
            "optional": false,
            "type": "XOR",
            "note": ""
        },
        "_r189": {
            "name": "_r189",
            "optional": true,
            "type": "XOR",
            "note": ""
        },
        "_r19": {
            "name": "_r19",
            "optional": true,
            "type": "FEATURE",
            "note": ""
        },
        "_r190": {
            "name": "_r190",
            "optional": true,
            "type": "FEATURE",
            "note": ""
        },
        "_r191": {
            "name": "_r191",
            "optional": true,
            "type": "FEATURE",
            "note": ""
        },
        "_r192": {
            "name": "_r192",
            "optional": true,
            "type": "FEATURE",
            "note": ""
        },
        "_r193": {
            "name": "_r193",
            "optional": true,
            "type": "FEATURE",
            "note": ""
        },
        "_r194": {
            "name": "_r194",
            "optional": true,
            "type": "FEATURE",
            "note": ""
        },
        "_r195": {
            "name": "_r195",
            "optional": true,
            "type": "FEATURE",
            "note": ""
        },
        "_r196": {
            "name": "_r196",
            "optional": true,
            "type": "FEATURE",
            "note": ""
        },
        "_r197": {
            "name": "_r197",
            "optional": true,
            "type": "FEATURE",
            "note": ""
        },
        "_r198": {
            "name": "_r198",
            "optional": true,
            "type": "FEATURE",
            "note": ""
        },
        "_r199": {
            "name": "_r199",
            "optional": true,
            "type": "XOR",
            "note": ""
        },
        "_r2": {
            "name": "_r2",
            "optional": true,
            "type": "FEATURE",
            "note": ""
        },
        "_r20": {
            "name": "_r20",
            "optional": true,
            "type": "FEATURE",
            "note": ""
        },
        "_r200": {
            "name": "_r200",
            "optional": true,
            "type": "FEATURE",
            "note": ""
        },
        "_r201": {
            "name": "_r201",
            "optional": true,
            "type": "FEATURE",
            "note": ""
        },
        "_r202": {
            "name": "_r202",
            "optional": true,
            "type": "FEATURE",
            "note": ""
        },
        "_r203": {
            "name": "_r203",
            "optional": true,
            "type": "FEATURE",
            "note": ""
        },
        "_r204": {
            "name": "_r204",
            "optional": true,
            "type": "FEATURE",
            "note": ""
        },
        "_r205": {
            "name": "_r205",
            "optional": true,
            "type": "FEATURE",
            "note": ""
        },
        "_r206": {
            "name": "_r206",
            "optional": true,
            "type": "FEATURE",
            "note": ""
        },
        "_r207": {
            "name": "_r207",
            "optional": true,
            "type": "FEATURE",
            "note": ""
        },
        "_r208": {
            "name": "_r208",
            "optional": true,
            "type": "FEATURE",
            "note": ""
        },
        "_r209": {
            "name": "_r209",
            "optional": true,
            "type": "FEATURE",
            "note": ""
        },
        "_r21": {
            "name": "_r21",
            "optional": false,
            "type": "XOR",
            "note": ""
        },
        "_r22": {
            "name": "_r22",
            "optional": true,
            "type": "FEATURE",
            "note": ""
        },
        "_r23": {
            "name": "_r23",
            "optional": true,
            "type": "FEATURE",
            "note": ""
        },
        "_r24": {
            "name": "_r24",
            "optional": true,
            "type": "FEATURE",
            "note": ""
        },
        "_r25": {
            "name": "_r25",
            "optional": true,
            "type": "FEATURE",
            "note": ""
        },
        "_r26": {
            "name": "_r26",
            "optional": true,
            "type": "FEATURE",
            "note": ""
        },
        "_r27": {
            "name": "_r27",
            "optional": false,
            "type": "XOR",
            "note": ""
        },
        "_r28": {
            "name": "_r28",
            "optional": true,
            "type": "FEATURE",
            "note": ""
        },
        "_r29": {
            "name": "_r29",
            "optional": true,
            "type": "FEATURE",
            "note": ""
        },
        "_r3": {
            "name": "_r3",
            "optional": false,
            "type": "FEATURE",
            "note": ""
        },
        "_r30": {
            "name": "_r30",
            "optional": true,
            "type": "FEATURE",
            "note": ""
        },
        "_r31": {
            "name": "_r31",
            "optional": true,
            "type": "FEATURE",
            "note": ""
        },
        "_r32": {
            "name": "_r32",
            "optional": true,
            "type": "FEATURE",
            "note": ""
        },
        "_r33": {
            "name": "_r33",
            "optional": true,
            "type": "FEATURE",
            "note": ""
        },
        "_r34": {
            "name": "_r34",
            "optional": true,
            "type": "FEATURE",
            "note": ""
        },
        "_r35": {
            "name": "_r35",
            "optional": true,
            "type": "FEATURE",
            "note": ""
        },
        "_r36": {
            "name": "_r36",
            "optional": true,
            "type": "FEATURE",
            "note": ""
        },
        "_r37": {
            "name": "_r37",
            "optional": true,
            "type": "FEATURE",
            "note": ""
        },
        "_r38": {
            "name": "_r38",
            "optional": true,
            "type": "FEATURE",
            "note": ""
        },
        "_r39": {
            "name": "_r39",
            "optional": true,
            "type": "FEATURE",
            "note": ""
        },
        "_r4": {
            "name": "_r4",
            "optional": true,
            "type": "FEATURE",
            "note": ""
        },
        "_r40": {
            "name": "_r40",
            "optional": true,
            "type": "FEATURE",
            "note": ""
        },
        "_r41": {
            "name": "_r41",
            "optional": true,
            "type": "FEATURE",
            "note": ""
        },
        "_r42": {
            "name": "_r42",
            "optional": false,
            "type": "FEATURE",
            "note": ""
        },
        "_r43": {
            "name": "_r43",
            "optional": true,
            "type": "FEATURE",
            "note": ""
        },
        "_r44": {
            "name": "_r44",
            "optional": false,
            "type": "XOR",
            "note": ""
        },
        "_r45": {
            "name": "_r45",
            "optional": true,
            "type": "FEATURE",
            "note": ""
        },
        "_r46": {
            "name": "_r46",
            "optional": true,
            "type": "FEATURE",
            "note": ""
        },
        "_r47": {
            "name": "_r47",
            "optional": true,
            "type": "FEATURE",
            "note": ""
        },
        "_r48": {
            "name": "_r48",
            "optional": true,
            "type": "FEATURE",
            "note": ""
        },
        "_r49": {
            "name": "_r49",
            "optional": true,
            "type": "FEATURE",
            "note": ""
        },
        "_r5": {
            "name": "_r5",
            "optional": false,
            "type": "FEATURE",
            "note": ""
        },
        "_r50": {
            "name": "_r50",
            "optional": true,
            "type": "FEATURE",
            "note": ""
        },
        "_r51": {
            "name": "_r51",
            "optional": false,
            "type": "FEATURE",
            "note": ""
        },
        "_r52": {
            "name": "_r52",
            "optional": true,
            "type": "FEATURE",
            "note": ""
        },
        "_r53": {
            "name": "_r53",
            "optional": true,
            "type": "FEATURE",
            "note": ""
        },
        "_r54": {
            "name": "_r54",
            "optional": true,
            "type": "FEATURE",
            "note": ""
        },
        "_r55": {
            "name": "_r55",
            "optional": true,
            "type": "FEATURE",
            "note": ""
        },
        "_r56": {
            "name": "_r56",
            "optional": false,
            "type": "FEATURE",
            "note": ""
        },
        "_r57": {
            "name": "_r57",
            "optional": true,
            "type": "FEATURE",
            "note": ""
        },
        "_r58": {
            "name": "_r58",
            "optional": false,
            "type": "XOR",
            "note": ""
        },
        "_r59": {
            "name": "_r59",
            "optional": true,
            "type": "FEATURE",
            "note": ""
        },
        "_r6": {
            "name": "_r6",
            "optional": false,
            "type": "XOR",
            "note": ""
        },
        "_r60": {
            "name": "_r60",
            "optional": true,
            "type": "FEATURE",
            "note": ""
        },
        "_r61": {
            "name": "_r61",
            "optional": true,
            "type": "FEATURE",
            "note": ""
        },
        "_r62": {
            "name": "_r62",
            "optional": true,
            "type": "FEATURE",
            "note": ""
        },
        "_r63": {
            "name": "_r63",
            "optional": true,
            "type": "FEATURE",
            "note": ""
        },
        "_r64": {
            "name": "_r64",
            "optional": true,
            "type": "FEATURE",
            "note": ""
        },
        "_r65": {
            "name": "_r65",
            "optional": true,
            "type": "FEATURE",
            "note": ""
        },
        "_r66": {
            "name": "_r66",
            "optional": true,
            "type": "FEATURE",
            "note": ""
        },
        "_r67": {
            "name": "_r67",
            "optional": false,
            "type": "FEATURE",
            "note": ""
        },
        "_r68": {
            "name": "_r68",
            "optional": false,
            "type": "FEATURE",
            "note": ""
        },
        "_r69": {
            "name": "_r69",
            "optional": false,
            "type": "XOR",
            "note": ""
        },
        "_r7": {
            "name": "_r7",
            "optional": true,
            "type": "FEATURE",
            "note": ""
        },
        "_r70": {
            "name": "_r70",
            "optional": true,
            "type": "FEATURE",
            "note": ""
        },
        "_r71": {
            "name": "_r71",
            "optional": true,
            "type": "FEATURE",
            "note": ""
        },
        "_r72": {
            "name": "_r72",
            "optional": true,
            "type": "FEATURE",
            "note": ""
        },
        "_r73": {
            "name": "_r73",
            "optional": false,
            "type": "FEATURE",
            "note": ""
        },
        "_r74": {
            "name": "_r74",
            "optional": true,
            "type": "FEATURE",
            "note": ""
        },
        "_r75": {
            "name": "_r75",
            "optional": false,
            "type": "FEATURE",
            "note": ""
        },
        "_r76": {
            "name": "_r76",
            "optional": false,
            "type": "XOR",
            "note": ""
        },
        "_r77": {
            "name": "_r77",
            "optional": true,
            "type": "FEATURE",
            "note": ""
        },
        "_r78": {
            "name": "_r78",
            "optional": true,
            "type": "FEATURE",
            "note": ""
        },
        "_r79": {
            "name": "_r79",
            "optional": true,
            "type": "FEATURE",
            "note": ""
        },
        "_r8": {
            "name": "_r8",
            "optional": true,
            "type": "FEATURE",
            "note": ""
        },
        "_r80": {
            "name": "_r80",
            "optional": false,
            "type": "FEATURE",
            "note": ""
        },
        "_r81": {
            "name": "_r81",
            "optional": false,
            "type": "FEATURE",
            "note": ""
        },
        "_r82": {
            "name": "_r82",
            "optional": true,
            "type": "FEATURE",
            "note": ""
        },
        "_r83": {
            "name": "_r83",
            "optional": false,
            "type": "FEATURE",
            "note": ""
        },
        "_r84": {
            "name": "_r84",
            "optional": false,
            "type": "FEATURE",
            "note": ""
        },
        "_r85": {
            "name": "_r85",
            "optional": false,
            "type": "FEATURE",
            "note": ""
        },
        "_r86": {
            "name": "_r86",
            "optional": true,
            "type": "FEATURE",
            "note": ""
        },
        "_r87": {
            "name": "_r87",
            "optional": false,
            "type": "FEATURE",
            "note": ""
        },
        "_r88": {
            "name": "_r88",
            "optional": false,
            "type": "FEATURE",
            "note": ""
        },
        "_r89": {
            "name": "_r89",
            "optional": false,
            "type": "XOR",
            "note": ""
        },
        "_r9": {
            "name": "_r9",
            "optional": true,
            "type": "FEATURE",
            "note": ""
        },
        "_r90": {
            "name": "_r90",
            "optional": true,
            "type": "FEATURE",
            "note": ""
        },
        "_r91": {
            "name": "_r91",
            "optional": true,
            "type": "FEATURE",
            "note": ""
        },
        "_r92": {
            "name": "_r92",
            "optional": true,
            "type": "FEATURE",
            "note": ""
        },
        "_r93": {
            "name": "_r93",
            "optional": true,
            "type": "FEATURE",
            "note": ""
        },
        "_r94": {
            "name": "_r94",
            "optional": true,
            "type": "FEATURE",
            "note": ""
        },
        "_r95": {
            "name": "_r95",
            "optional": false,
            "type": "FEATURE",
            "note": ""
        },
        "_r96": {
            "name": "_r96",
            "optional": true,
            "type": "FEATURE",
            "note": ""
        },
        "_r97": {
            "name": "_r97",
            "optional": true,
            "type": "FEATURE",
            "note": ""
        },
        "_r98": {
            "name": "_r98",
            "optional": true,
            "type": "FEATURE",
            "note": ""
        },
        "_r99": {
            "name": "_r99",
            "optional": true,
            "type": "FEATURE",
            "note": ""
        }
    },
    "tree": {
        "id": "_r0",
        "children": [
            {
                "id": "_r1",
                "children": [
                    {
                        "id": "_r2"
                    },
                    {
                        "id": "_r3",
                        "children": [
                            {
                                "id": "_r34"
                            },
                            {
                                "id": "_r35"
                            },
                            {
                                "id": "_r36"
                            },
                            {
                                "id": "_r37"
                            },
                            {
                                "id": "_r38"
                            },
                            {
                                "id": "_r39"
                            },
                            {
                                "id": "_r4",
                                "children": [
                                    {
                                        "id": "_r5",
                                        "children": [
                                            {
                                                "id": "_r21",
                                                "children": [
                                                    {
                                                        "id": "_r22"
                                                    },
                                                    {
                                                        "id": "_r23"
                                                    },
                                                    {
                                                        "id": "_r24"
                                                    },
                                                    {
                                                        "id": "_r25"
                                                    },
                                                    {
                                                        "id": "_r26"
                                                    }
                                                ]
                                            },
                                            {
                                                "id": "_r27",
                                                "children": [
                                                    {
                                                        "id": "_r28"
                                                    },
                                                    {
                                                        "id": "_r29"
                                                    },
                                                    {
                                                        "id": "_r30"
                                                    },
                                                    {
                                                        "id": "_r31"
                                                    },
                                                    {
                                                        "id": "_r32"
                                                    },
                                                    {
                                                        "id": "_r33"
                                                    }
                                                ]
                                            },
                                            {
                                                "id": "_r6",
                                                "children": [
                                                    {
                                                        "id": "_r10"
                                                    },
                                                    {
                                                        "id": "_r11"
                                                    },
                                                    {
                                                        "id": "_r12"
                                                    },
                                                    {
                                                        "id": "_r13"
                                                    },
                                                    {
                                                        "id": "_r14"
                                                    },
                                                    {
                                                        "id": "_r15"
                                                    },
                                                    {
                                                        "id": "_r16"
                                                    },
                                                    {
                                                        "id": "_r17"
                                                    },
                                                    {
                                                        "id": "_r18"
                                                    },
                                                    {
                                                        "id": "_r19"
                                                    },
                                                    {
                                                        "id": "_r20"
                                                    },
                                                    {
                                                        "id": "_r7"
                                                    },
                                                    {
                                                        "id": "_r8"
                                                    },
                                                    {
                                                        "id": "_r9"
                                                    }
                                                ]
                                            }
                                        ]
                                    }
                                ]
                            },
                            {
                                "id": "_r40",
                                "children": [
                                    {
                                        "id": "_r41",
                                        "children": [
                                            {
                                                "id": "_r42"
                                            },
                                            {
                                                "id": "_r43",
                                                "children": [
                                                    {
                                                        "id": "_r44",
                                                        "children": [
                                                            {
                                                                "id": "_r45"
                                                            },
                                                            {
                                                                "id": "_r46"
                                                            },
                                                            {
                                                                "id": "_r47"
                                                            },
                                                            {
                                                                "id": "_r48"
                                                            },
                                                            {
                                                                "id": "_r49"
                                                            },
                                                            {
                                                                "id": "_r50"
                                                            }
                                                        ]
                                                    },
                                                    {
                                                        "id": "_r51",
                                                        "children": [
                                                            {
                                                                "id": "_r52"
                                                            },
                                                            {
                                                                "id": "_r53"
                                                            },
                                                            {
                                                                "id": "_r54"
                                                            },
                                                            {
                                                                "id": "_r55"
                                                            }
                                                        ]
                                                    },
                                                    {
                                                        "id": "_r56"
                                                    }
                                                ]
                                            }
                                        ]
                                    },
                                    {
                                        "id": "_r57",
                                        "children": [
                                            {
                                                "id": "_r58",
                                                "children": [
                                                    {
                                                        "id": "_r59"
                                                    },
                                                    {
                                                        "id": "_r60"
                                                    },
                                                    {
                                                        "id": "_r61"
                                                    },
                                                    {
                                                        "id": "_r62"
                                                    },
                                                    {
                                                        "id": "_r63"
                                                    },
                                                    {
                                                        "id": "_r64"
                                                    },
                                                    {
                                                        "id": "_r65"
                                                    },
                                                    {
                                                        "id": "_r66"
                                                    }
                                                ]
                                            },
                                            {
                                                "id": "_r67"
                                            },
                                            {
                                                "id": "_r68"
                                            }
                                        ]
                                    }
                                ]
                            },
                            {
                                "id": "_r69",
                                "children": [
                                    {
                                        "id": "_r70"
                                    },
                                    {
                                        "id": "_r71"
                                    },
                                    {
                                        "id": "_r72"
                                    }
                                ]
                            }
                        ]
                    },
                    {
                        "id": "_r73",
                        "children": [
                            {
                                "id": "_r74",
                                "children": [
                                    {
                                        "id": "_r75"
                                    }
                                ]
                            },
                            {
                                "id": "_r76",
                                "children": [
                                    {
                                        "id": "_r77"
                                    },
                                    {
                                        "id": "_r78"
                                    },
                                    {
                                        "id": "_r79"
                                    }
                                ]
                            }
                        ]
                    }
                ]
            },
            {
                "id": "_r150"
            },
            {
                "id": "_r151"
            },
            {
                "id": "_r152",
                "children": [
                    {
                        "id": "_r153"
                    },
                    {
                        "id": "_r154",
                        "children": [
                            {
                                "id": "_r155"
                            },
                            {
                                "id": "_r156"
                            },
                            {
                                "id": "_r157"
                            }
                        ]
                    },
                    {
                        "id": "_r158",
                        "children": [
                            {
                                "id": "_r159"
                            },
                            {
                                "id": "_r160"
                            },
                            {
                                "id": "_r161"
                            },
                            {
                                "id": "_r162",
                                "children": [
                                    {
                                        "id": "_r163"
                                    },
                                    {
                                        "id": "_r164"
                                    },
                                    {
                                        "id": "_r165"
                                    },
                                    {
                                        "id": "_r166"
                                    },
                                    {
                                        "id": "_r167"
                                    },
                                    {
                                        "id": "_r168"
                                    }
                                ]
                            },
                            {
                                "id": "_r169"
                            }
                        ]
                    },
                    {
                        "id": "_r170",
                        "children": [
                            {
                                "id": "_r171"
                            },
                            {
                                "id": "_r172"
                            },
                            {
                                "id": "_r173"
                            },
                            {
                                "id": "_r174"
                            },
                            {
                                "id": "_r175"
                            },
                            {
                                "id": "_r176"
                            }
                        ]
                    },
                    {
                        "id": "_r177",
                        "children": [
                            {
                                "id": "_r178"
                            },
                            {
                                "id": "_r179"
                            },
                            {
                                "id": "_r180"
                            },
                            {
                                "id": "_r181"
                            },
                            {
                                "id": "_r182"
                            }
                        ]
                    },
                    {
                        "id": "_r183",
                        "children": [
                            {
                                "id": "_r184"
                            },
                            {
                                "id": "_r185"
                            },
                            {
                                "id": "_r186"
                            },
                            {
                                "id": "_r187"
                            }
                        ]
                    },
                    {
                        "id": "_r188",
                        "children": [
                            {
                                "id": "_r189",
                                "children": [
                                    {
                                        "id": "_r190"
                                    },
                                    {
                                        "id": "_r191"
                                    },
                                    {
                                        "id": "_r192"
                                    },
                                    {
                                        "id": "_r193"
                                    },
                                    {
                                        "id": "_r194"
                                    },
                                    {
                                        "id": "_r195"
                                    },
                                    {
                                        "id": "_r196"
                                    },
                                    {
                                        "id": "_r197"
                                    },
                                    {
                                        "id": "_r198"
                                    }
                                ]
                            },
                            {
                                "id": "_r199",
                                "children": [
                                    {
                                        "id": "_r200"
                                    },
                                    {
                                        "id": "_r201"
                                    },
                                    {
                                        "id": "_r202"
                                    }
                                ]
                            }
                        ]
                    }
                ]
            },
            {
                "id": "_r203"
            },
            {
                "id": "_r204"
            },
            {
                "id": "_r205"
            },
            {
                "id": "_r206"
            },
            {
                "id": "_r207"
            },
            {
                "id": "_r208"
            },
            {
                "id": "_r209"
            },
            {
                "id": "_r80",
                "children": [
                    {
                        "id": "_r140",
                        "children": [
                            {
                                "id": "_r141",
                                "children": [
                                    {
                                        "id": "_r142"
                                    },
                                    {
                                        "id": "_r143"
                                    }
                                ]
                            },
                            {
                                "id": "_r144"
                            }
                        ]
                    },
                    {
                        "id": "_r145",
                        "children": [
                            {
                                "id": "_r146",
                                "children": [
                                    {
                                        "id": "_r147"
                                    },
                                    {
                                        "id": "_r148"
                                    },
                                    {
                                        "id": "_r149"
                                    }
                                ]
                            }
                        ]
                    },
                    {
                        "id": "_r81"
                    },
                    {
                        "id": "_r82",
                        "children": [
                            {
                                "id": "_r83"
                            }
                        ]
                    },
                    {
                        "id": "_r84"
                    },
                    {
                        "id": "_r85",
                        "children": [
                            {
                                "id": "_r129",
                                "children": [
                                    {
                                        "id": "_r130"
                                    },
                                    {
                                        "id": "_r131"
                                    },
                                    {
                                        "id": "_r132",
                                        "children": [
                                            {
                                                "id": "_r133"
                                            },
                                            {
                                                "id": "_r134"
                                            }
                                        ]
                                    },
                                    {
                                        "id": "_r135",
                                        "children": [
                                            {
                                                "id": "_r136"
                                            },
                                            {
                                                "id": "_r137"
                                            }
                                        ]
                                    },
                                    {
                                        "id": "_r138"
                                    },
                                    {
                                        "id": "_r139"
                                    }
                                ]
                            },
                            {
                                "id": "_r86"
                            },
                            {
                                "id": "_r87"
                            },
                            {
                                "id": "_r88",
                                "children": [
                                    {
                                        "id": "_r102",
                                        "children": [
                                            {
                                                "id": "_r103",
                                                "children": [
                                                    {
                                                        "id": "_r104"
                                                    },
                                                    {
                                                        "id": "_r105"
                                                    },
                                                    {
                                                        "id": "_r106"
                                                    },
                                                    {
                                                        "id": "_r107"
                                                    }
                                                ]
                                            },
                                            {
                                                "id": "_r108",
                                                "children": [
                                                    {
                                                        "id": "_r109"
                                                    },
                                                    {
                                                        "id": "_r110"
                                                    }
                                                ]
                                            }
                                        ]
                                    },
                                    {
                                        "id": "_r111",
                                        "children": [
                                            {
                                                "id": "_r112"
                                            },
                                            {
                                                "id": "_r113"
                                            },
                                            {
                                                "id": "_r114"
                                            },
                                            {
                                                "id": "_r115"
                                            },
                                            {
                                                "id": "_r116"
                                            },
                                            {
                                                "id": "_r117"
                                            },
                                            {
                                                "id": "_r118"
                                            },
                                            {
                                                "id": "_r119"
                                            }
                                        ]
                                    },
                                    {
                                        "id": "_r120",
                                        "children": [
                                            {
                                                "id": "_r121",
                                                "children": [
                                                    {
                                                        "id": "_r122"
                                                    },
                                                    {
                                                        "id": "_r123"
                                                    }
                                                ]
                                            },
                                            {
                                                "id": "_r124",
                                                "children": [
                                                    {
                                                        "id": "_r125"
                                                    },
                                                    {
                                                        "id": "_r126"
                                                    },
                                                    {
                                                        "id": "_r127"
                                                    }
                                                ]
                                            },
                                            {
                                                "id": "_r128"
                                            }
                                        ]
                                    },
                                    {
                                        "id": "_r89",
                                        "children": [
                                            {
                                                "id": "_r90"
                                            },
                                            {
                                                "id": "_r91"
                                            },
                                            {
                                                "id": "_r92"
                                            },
                                            {
                                                "id": "_r93"
                                            },
                                            {
                                                "id": "_r94"
                                            }
                                        ]
                                    },
                                    {
                                        "id": "_r95",
                                        "children": [
                                            {
                                                "id": "_r100"
                                            },
                                            {
                                                "id": "_r101"
                                            },
                                            {
                                                "id": "_r96"
                                            },
                                            {
                                                "id": "_r97"
                                            },
                                            {
                                                "id": "_r98"
                                            },
                                            {
                                                "id": "_r99"
                                            }
                                        ]
                                    }
                                ]
                            }
                        ]
                    }
                ]
            }
        ]
    },
    "constraints": {
        "Constraint 0": {
            "type": "ImpliesTerm",
            "operands": [
                {
                    "type": "FeatureTerm",
                    "operands": [
                        "_r203"
                    ]
                },
                {
                    "type": "FeatureTerm",
                    "operands": [
                        "_r112"
                    ]
                }
            ]
        },
        "Constraint 1": {
            "type": "ImpliesTerm",
            "operands": [
                {
                    "type": "FeatureTerm",
                    "operands": [
                        "_r153"
                    ]
                },
                {
                    "type": "FeatureTerm",
                    "operands": [
                        "_r160"
                    ]
                }
            ]
        },
        "Constraint 2": {
            "type": "ImpliesTerm",
            "operands": [
                {
                    "type": "FeatureTerm",
                    "operands": [
                        "_r24"
                    ]
                },
                {
                    "type": "FeatureTerm",
                    "operands": [
                        "_r205"
                    ]
                }
            ]
        },
        "Constraint 3": {
            "type": "ImpliesTerm",
            "operands": [
                {
                    "type": "FeatureTerm",
                    "operands": [
                        "_r206"
                    ]
                },
                {
                    "type": "FeatureTerm",
                    "operands": [
                        "_r26"
                    ]
                }
            ]
        },
        "Constraint 4": {
            "type": "ImpliesTerm",
            "operands": [
                {
                    "type": "FeatureTerm",
                    "operands": [
                        "_r89"
                    ]
                },
                {
                    "type": "FeatureTerm",
                    "operands": [
                        "_r150"
                    ]
                }
            ]
        },
        "Constraint 5": {
            "type": "ImpliesTerm",
            "operands": [
                {
                    "type": "FeatureTerm",
                    "operands": [
                        "_r186"
                    ]
                },
                {
                    "type": "FeatureTerm",
                    "operands": [
                        "_r208"
                    ]
                }
            ]
        },
        "Constraint 6": {
            "type": "ImpliesTerm",
            "operands": [
                {
                    "type": "FeatureTerm",
                    "operands": [
                        "_r205"
                    ]
                },
                {
                    "type": "FeatureTerm",
                    "operands": [
                        "_r24"
                    ]
                }
            ]
        },
        "Constraint 7": {
            "type": "ImpliesTerm",
            "operands": [
                {
                    "type": "FeatureTerm",
                    "operands": [
                        "_r151"
                    ]
                },
                {
                    "type": "FeatureTerm",
                    "operands": [
                        "_r152"
                    ]
                }
            ]
        },
        "Constraint 8": {
            "type": "ImpliesTerm",
            "operands": [
                {
                    "type": "FeatureTerm",
                    "operands": [
                        "_r81"
                    ]
                },
                {
                    "type": "FeatureTerm",
                    "operands": [
                        "_r150"
                    ]
                }
            ]
        },
        "Constraint 9": {
            "type": "ImpliesTerm",
            "operands": [
                {
                    "type": "FeatureTerm",
                    "operands": [
                        "_r204"
                    ]
                },
                {
                    "type": "FeatureTerm",
                    "operands": [
                        "_r40"
                    ]
                }
            ]
        },
        "Constraint 10": {
            "type": "ImpliesTerm",
            "operands": [
                {
                    "type": "FeatureTerm",
                    "operands": [
                        "_r92"
                    ]
                },
                {
                    "type": "FeatureTerm",
                    "operands": [
                        "_r209"
                    ]
                }
            ]
        },
        "Constraint 11": {
            "type": "ImpliesTerm",
            "operands": [
                {
                    "type": "FeatureTerm",
                    "operands": [
                        "_r185"
                    ]
                },
                {
                    "type": "FeatureTerm",
                    "operands": [
                        "_r205"
                    ]
                }
            ]
        },
        "Constraint 12": {
            "type": "ImpliesTerm",
            "operands": [
                {
                    "type": "FeatureTerm",
                    "operands": [
                        "_r14"
                    ]
                },
                {
                    "type": "FeatureTerm",
                    "operands": [
                        "_r209"
                    ]
                }
            ]
        },
        "Constraint 13": {
            "type": "ImpliesTerm",
            "operands": [
                {
                    "type": "FeatureTerm",
                    "operands": [
                        "_r40"
                    ]
                },
                {
                    "type": "FeatureTerm",
                    "operands": [
                        "_r204"
                    ]
                }
            ]
        },
        "Constraint 14": {
            "type": "ImpliesTerm",
            "operands": [
                {
                    "type": "FeatureTerm",
                    "operands": [
                        "_r112"
                    ]
                },
                {
                    "type": "FeatureTerm",
                    "operands": [
                        "_r203"
                    ]
                }
            ]
        },
        "Constraint 15": {
            "type": "ImpliesTerm",
            "operands": [
                {
                    "type": "FeatureTerm",
                    "operands": [
                        "_r86"
                    ]
                },
                {
                    "type": "FeatureTerm",
                    "operands": [
                        "_r114"
                    ]
                }
            ]
        },
        "Constraint 16": {
            "type": "ImpliesTerm",
            "operands": [
                {
                    "type": "FeatureTerm",
                    "operands": [
                        "_r114"
                    ]
                },
                {
                    "type": "FeatureTerm",
                    "operands": [
                        "_r86"
                    ]
                }
            ]
        },
        "Constraint 17": {
            "type": "ImpliesTerm",
            "operands": [
                {
                    "type": "FeatureTerm",
                    "operands": [
                        "_r207"
                    ]
                },
                {
                    "type": "FeatureTerm",
                    "operands": [
                        "_r123"
                    ]
                }
            ]
        },
        "Constraint 18": {
            "type": "ImpliesTerm",
            "operands": [
                {
                    "type": "FeatureTerm",
                    "operands": [
                        "_r130"
                    ]
                },
                {
                    "type": "FeatureTerm",
                    "operands": [
                        "_r150"
                    ]
                }
            ]
        },
        "Constraint 19": {
            "type": "ImpliesTerm",
            "operands": [
                {
                    "type": "FeatureTerm",
                    "operands": [
                        "_r138"
                    ]
                },
                {
                    "type": "FeatureTerm",
                    "operands": [
                        "_r86"
                    ]
                }
            ]
        },
        "Constraint 20": {
            "type": "ImpliesTerm",
            "operands": [
                {
                    "type": "FeatureTerm",
                    "operands": [
                        "_r48"
                    ]
                },
                {
                    "type": "FeatureTerm",
                    "operands": [
                        "_r209"
                    ]
                }
            ]
        },
        "Constraint 21": {
            "type": "ImpliesTerm",
            "operands": [
                {
                    "type": "FeatureTerm",
                    "operands": [
                        "_r208"
                    ]
                },
                {
                    "type": "FeatureTerm",
                    "operands": [
                        "_r22"
                    ]
                }
            ]
        },
        "Constraint 22": {
            "type": "ImpliesTerm",
            "operands": [
                {
                    "type": "FeatureTerm",
                    "operands": [
                        "_r209"
                    ]
                },
                {
                    "type": "FeatureTerm",
                    "operands": [
                        "_r92"
                    ]
                }
            ]
        },
        "Constraint 23": {
            "type": "ImpliesTerm",
            "operands": [
                {
                    "type": "FeatureTerm",
                    "operands": [
                        "_r144"
                    ]
                },
                {
                    "type": "FeatureTerm",
                    "operands": [
                        "_r204"
                    ]
                }
            ]
        },
        "Constraint 24": {
            "type": "ImpliesTerm",
            "operands": [
                {
                    "type": "FeatureTerm",
                    "operands": [
                        "_r150"
                    ]
                },
                {
                    "type": "FeatureTerm",
                    "operands": [
                        "_r130"
                    ]
                }
            ]
        },
        "Constraint 25": {
            "type": "ImpliesTerm",
            "operands": [
                {
                    "type": "FeatureTerm",
                    "operands": [
                        "_r123"
                    ]
                },
                {
                    "type": "FeatureTerm",
                    "operands": [
                        "_r207"
                    ]
                }
            ]
        },
        "Constraint 26": {
            "type": "ImpliesTerm",
            "operands": [
                {
                    "type": "FeatureTerm",
                    "operands": [
                        "_r44"
                    ]
                },
                {
                    "type": "FeatureTerm",
                    "operands": [
                        "_r150"
                    ]
                }
            ]
        },
        "Constraint 27": {
            "type": "ImpliesTerm",
            "operands": [
                {
                    "type": "FeatureTerm",
                    "operands": [
                        "_r187"
                    ]
                },
                {
                    "type": "FeatureTerm",
                    "operands": [
                        "_r206"
                    ]
                }
            ]
        },
        "Constraint 28": {
            "type": "ImpliesTerm",
            "operands": [
                {
                    "type": "FeatureTerm",
                    "operands": [
                        "_r22"
                    ]
                },
                {
                    "type": "FeatureTerm",
                    "operands": [
                        "_r208"
                    ]
                }
            ]
        },
        "Constraint 29": {
            "type": "ImpliesTerm",
            "operands": [
                {
                    "type": "FeatureTerm",
                    "operands": [
                        "_r26"
                    ]
                },
                {
                    "type": "FeatureTerm",
                    "operands": [
                        "_r206"
                    ]
                }
            ]
        },
        "Constraint 30": {
            "type": "ImpliesTerm",
            "operands": [
                {
                    "type": "FeatureTerm",
                    "operands": [
                        "_r202"
                    ]
                },
                {
                    "type": "FeatureTerm",
                    "operands": [
                        "_r207"
                    ]
                }
            ]
        },
        "Constraint 31": {
            "type": "ImpliesTerm",
            "operands": [
                {
                    "type": "FeatureTerm",
                    "operands": [
                        "_r160"
                    ]
                },
                {
                    "type": "FeatureTerm",
                    "operands": [
                        "_r153"
                    ]
                }
            ]
        },
        "Constraint 32": {
            "type": "ImpliesTerm",
            "operands": [
                {
                    "type": "FeatureTerm",
                    "operands": [
                        "_r152"
                    ]
                },
                {
                    "type": "FeatureTerm",
                    "operands": [
                        "_r151"
                    ]
                }
            ]
        },
        "Constraint 33": {
            "type": "ImpliesTerm",
            "operands": [
                {
                    "type": "FeatureTerm",
                    "operands": [
                        "_r84"
                    ]
                },
                {
                    "type": "FeatureTerm",
                    "operands": [
                        "_r203"
                    ]
                }
            ]
        },
        "Constraint 34": {
            "type": "ImpliesTerm",
            "operands": [
                {
                    "type": "FeatureTerm",
                    "operands": [
                        "_r6"
                    ]
                },
                {
                    "type": "FeatureTerm",
                    "operands": [
                        "_r150"
                    ]
                }
            ]
        },
        "Constraint 35": {
            "type": "ImpliesTerm",
            "operands": [
                {
                    "type": "FeatureTerm",
                    "operands": [
                        "_r180"
                    ]
                },
                {
                    "type": "FeatureTerm",
                    "operands": [
                        "_r153"
                    ]
                }
            ]
        },
        "Constraint 36": {
            "type": "ImpliesTerm",
            "operands": [
                {
                    "type": "FeatureTerm",
                    "operands": [
                        "_r73"
                    ]
                },
                {
                    "type": "FeatureTerm",
                    "operands": [
                        "_r151"
                    ]
                }
            ]
        },
        "Constraint 37": {
            "type": "ImpliesTerm",
            "operands": [
                {
                    "type": "FeatureTerm",
                    "operands": [
                        "_r64"
                    ]
                },
                {
                    "type": "FeatureTerm",
                    "operands": [
                        "_r206"
                    ]
                }
            ]
        }
    }
}