{
    "id": "FM__r",
    "name": "FM__r",
    "features": {
        "_r": {
            "name": "_r",
            "optional": true,
            "type": "FEATURE",
            "note": ""
        },
        "_r_1": {
            "name": "_r_1",
            "optional": false,
            "type": "FEATURE",
            "note": ""
        },
        "_r_1_4": {
            "name": "_r_1_4",
            "optional": false,
            "type": "FEATURE",
            "note": ""
        },
        "_r_1_5": {
            "name": "_r_1_5",
            "optional": false,
            "type": "FEATURE",
            "note": ""
        },
        "_r_2": {
            "name": "_r_2",
            "optional": false,
            "type": "FEATURE",
            "note": ""
        },
        "_r_2_10": {
            "name": "_r_2_10",
            "optional": false,
            "type": "FEATURE",
            "note": ""
        },
        "_r_2_10_11": {
            "name": "_r_2_10_11",
            "optional": false,
            "type": "FEATURE",
            "note": ""
        },
        "_r_2_10_12": {
            "name": "_r_2_10_12",
            "optional": false,
            "type": "FEATURE",
            "note": ""
        },
        "_r_2_10_13": {
            "name": "_r_2_10_13",
            "optional": false,
            "type": "FEATURE",
            "note": ""
        },
        "_r_2_6": {
            "name": "_r_2_6",
            "optional": true,
            "type": "FEATURE",
            "note": ""
        },
        "_r_2_6_26": {
            "name": "_r_2_6_26",
            "optional": false,
            "type": "FEATURE",
            "note": ""
        },
        "_r_2_6_27": {
            "name": "_r_2_6_27",
            "optional": false,
            "type": "FEATURE",
            "note": ""
        },
        "_r_2_7": {
            "name": "_r_2_7",
            "optional": true,
            "type": "FEATURE",
            "note": ""
        },
        "_r_2_8": {
            "name": "_r_2_8",
            "optional": true,
            "type": "FEATURE",
            "note": ""
        },
        "_r_2_9": {
            "name": "_r_2_9",
            "optional": true,
            "type": "FEATURE",
            "note": ""
        },
        "_r_2_9_14": {
            "name": "_r_2_9_14",
            "optional": false,
            "type": "FEATURE",
            "note": ""
        },
        "_r_2_9_15": {
            "name": "_r_2_9_15",
            "optional": false,
            "type": "FEATURE",
            "note": ""
        },
        "_r_3": {
            "name": "_r_3",
            "optional": false,
            "type": "OR",
            "note": ""
        },
        "_r_3_17_18": {
            "name": "_r_3_17_18",
            "optional": true,
            "type": "FEATURE",
            "note": ""
        },
        "_r_3_17_18_21": {
            "name": "_r_3_17_18_21",
            "optional": false,
            "type": "FEATURE",
            "note": ""
        },
        "_r_3_17_18_22": {
            "name": "_r_3_17_18_22",
            "optional": true,
            "type": "FEATURE",
            "note": ""
        },
        "_r_3_17_19": {
            "name": "_r_3_17_19",
            "optional": true,
            "type": "FEATURE",
            "note": ""
        },
        "_r_3_17_19_23": {
            "name": "_r_3_17_19_23",
            "optional": false,
            "type": "FEATURE",
            "note": ""
        }
    },
    "tree": {
        "id": "_r",
        "children": [
            {
                "id": "_r_1",
                "children": [
                    {
                        "id": "_r_1_4"
                    },
                    {
                        "id": "_r_1_5"
                    }
                ]
            },
            {
                "id": "_r_2",
                "children": [
                    {
                        "id": "_r_2_10",
                        "children": [
                            {
                                "id": "_r_2_10_11"
                            },
                            {
                                "id": "_r_2_10_12"
                            },
                            {
                                "id": "_r_2_10_13"
                            }
                        ]
                    },
                    {
                        "id": "_r_2_6",
                        "children": [
                            {
                                "id": "_r_2_6_26"
                            },
                            {
                                "id": "_r_2_6_27"
                            }
                        ]
                    },
                    {
                        "id": "_r_2_7"
                    },
                    {
                        "id": "_r_2_8"
                    },
                    {
                        "id": "_r_2_9",
                        "children": [
                            {
                                "id": "_r_2_9_14"
                            },
                            {
                                "id": "_r_2_9_15"
                            }
                        ]
                    }
                ]
            },
            {
                "id": "_r_3",
                "children": [
                    {
                        "id": "_r_3_17_18",
                        "children": [
                            {
                                "id": "_r_3_17_18_21"
                            },
                            {
                                "id": "_r_3_17_18_22"
                            }
                        ]
                    },
                    {
                        "id": "_r_3_17_19",
                        "children": [
                            {
                                "id": "_r_3_17_19_23"
                            }
                        ]
                    }
                ]
            }
        ]
    },
    "constraints": {}
}