{
    "id": "FM__r",
    "name": "FM__r",
    "features": {
        "_r": {
            "name": "_r",
            "optional": true,
            "type": "FEATURE",
            "note": ""
        },
        "_r_17": {
            "name": "_r_17",
            "optional": false,
            "type": "XOR",
            "note": ""
        },
        "_r_17_18": {
            "name": "_r_17_18",
            "optional": false,
            "type": "FEATURE",
            "note": ""
        },
        "_r_17_18_20": {
            "name": "_r_17_18_20",
            "optional": false,
            "type": "FEATURE",
            "note": ""
        },
        "_r_17_18_21": {
            "name": "_r_17_18_21",
            "optional": false,
            "type": "FEATURE",
            "note": ""
        },
        "_r_17_18_22": {
            "name": "_r_17_18_22",
            "optional": true,
            "type": "FEATURE",
            "note": ""
        },
        "_r_17_18_23": {
            "name": "_r_17_18_23",
            "optional": true,
            "type": "FEATURE",
            "note": ""
        },
        "_r_17_18_60": {
            "name": "_r_17_18_60",
            "optional": true,
            "type": "FEATURE",
            "note": ""
        },
        "_r_17_25_26": {
            "name": "_r_17_25_26",
            "optional": true,
            "type": "FEATURE",
            "note": ""
        },
        "_r_17_25_27": {
            "name": "_r_17_25_27",
            "optional": true,
            "type": "FEATURE",
            "note": ""
        },
        "_r_17_25_28": {
            "name": "_r_17_25_28",
            "optional": true,
            "type": "FEATURE",
            "note": ""
        },
        "_r_17_25_37": {
            "name": "_r_17_25_37",
            "optional": true,
            "type": "FEATURE",
            "note": ""
        },
        "_r_17_30": {
            "name": "_r_17_30",
            "optional": true,
            "type": "FEATURE",
            "note": ""
        },
        "_r_17_31": {
            "name": "_r_17_31",
            "optional": false,
            "type": "OR",
            "note": ""
        },
        "_r_17_31_32_33": {
            "name": "_r_17_31_32_33",
            "optional": true,
            "type": "FEATURE",
            "note": ""
        },
        "_r_17_31_32_34": {
            "name": "_r_17_31_32_34",
            "optional": true,
            "type": "FEATURE",
            "note": ""
        },
        "_r_17_31_32_35": {
            "name": "_r_17_31_32_35",
            "optional": true,
            "type": "FEATURE",
            "note": ""
        },
        "_r_17_31_32_36": {
            "name": "_r_17_31_32_36",
            "optional": true,
            "type": "FEATURE",
            "note": ""
        },
        "_r_17_38": {
            "name": "_r_17_38",
            "optional": false,
            "type": "FEATURE",
            "note": ""
        },
        "_r_17_38_39": {
            "name": "_r_17_38_39",
            "optional": false,
            "type": "FEATURE",
            "note": ""
        },
        "_r_17_38_40": {
            "name": "_r_17_38_40",
            "optional": false,
            "type": "FEATURE",
            "note": ""
        },
        "_r_17_38_41": {
            "name": "_r_17_38_41",
            "optional": true,
            "type": "FEATURE",
            "note": ""
        },
        "_r_17_38_42": {
            "name": "_r_17_38_42",
            "optional": true,
            "type": "FEATURE",
            "note": ""
        },
        "_r_44": {
            "name": "_r_44",
            "optional": false,
            "type": "FEATURE",
            "note": ""
        },
        "_r_44_49": {
            "name": "_r_44_49",
            "optional": false,
            "type": "OR",
            "note": ""
        },
        "_r_44_49_50_51": {
            "name": "_r_44_49_50_51",
            "optional": true,
            "type": "FEATURE",
            "note": ""
        },
        "_r_44_49_50_52": {
            "name": "_r_44_49_50_52",
            "optional": true,
            "type": "FEATURE",
            "note": ""
        },
        "_r_44_49_50_53": {
            "name": "_r_44_49_50_53",
            "optional": true,
            "type": "FEATURE",
            "note": ""
        },
        "_r_44_49_50_54": {
            "name": "_r_44_49_50_54",
            "optional": true,
            "type": "FEATURE",
            "note": ""
        },
        "_r_44_49_50_55": {
            "name": "_r_44_49_50_55",
            "optional": true,
            "type": "FEATURE",
            "note": ""
        },
        "_r_44_49_50_56": {
            "name": "_r_44_49_50_56",
            "optional": true,
            "type": "FEATURE",
            "note": ""
        },
        "_r_44_49_50_57": {
            "name": "_r_44_49_50_57",
            "optional": true,
            "type": "FEATURE",
            "note": ""
        },
        "_r_44_49_50_58": {
            "name": "_r_44_49_50_58",
            "optional": true,
            "type": "FEATURE",
            "note": ""
        },
        "_r_44_59": {
            "name": "_r_44_59",
            "optional": true,
            "type": "FEATURE",
            "note": ""
        },
        "_r_7": {
            "name": "_r_7",
            "optional": false,
            "type": "FEATURE",
            "note": ""
        },
        "_r_7_8": {
            "name": "_r_7_8",
            "optional": false,
            "type": "FEATURE",
            "note": ""
        },
        "_r_7_9": {
            "name": "_r_7_9",
            "optional": false,
            "type": "FEATURE",
            "note": ""
        }
    },
    "tree": {
        "id": "_r",
        "children": [
            {
                "id": "_r_17",
                "children": [
                    {
                        "id": "_r_17_18",
                        "children": [
                            {
                                "id": "_r_17_18_20"
                            },
                            {
                                "id": "_r_17_18_21"
                            },
                            {
                                "id": "_r_17_18_22"
                            },
                            {
                                "id": "_r_17_18_23"
                            },
                            {
                                "id": "_r_17_18_60"
                            }
                        ]
                    },
                    {
                        "id": "_r_17_25_26"
                    },
                    {
                        "id": "_r_17_25_27"
                    },
                    {
                        "id": "_r_17_25_28"
                    },
                    {
                        "id": "_r_17_25_37"
                    },
                    {
                        "id": "_r_17_30"
                    },
                    {
                        "id": "_r_17_31",
                        "children": [
                            {
                                "id": "_r_17_31_32_33"
                            },
                            {
                                "id": "_r_17_31_32_34"
                            },
                            {
                                "id": "_r_17_31_32_35"
                            },
                            {
                                "id": "_r_17_31_32_36"
                            }
                        ]
                    },
                    {
                        "id": "_r_17_38",
                        "children": [
                            {
                                "id": "_r_17_38_39"
                            },
                            {
                                "id": "_r_17_38_40"
                            },
                            {
                                "id": "_r_17_38_41"
                            },
                            {
                                "id": "_r_17_38_42"
                            }
                        ]
                    }
                ]
            },
            {
                "id": "_r_44",
                "children": [
                    {
                        "id": "_r_44_49",
                        "children": [
                            {
                                "id": "_r_44_49_50_51"
                            },
                            {
                                "id": "_r_44_49_50_52"
                            },
                            {
                                "id": "_r_44_49_50_53"
                            },
                            {
                                "id": "_r_44_49_50_54"
                            },
                            {
                                "id": "_r_44_49_50_55"
                            },
                            {
                                "id": "_r_44_49_50_56"
                            },
                            {
                                "id": "_r_44_49_50_57"
                            },
                            {
                                "id": "_r_44_49_50_58"
                            }
                        ]
                    },
                    {
                        "id": "_r_44_59"
                    }
                ]
            },
            {
                "id": "_r_7",
                "children": [
                    {
                        "id": "_r_7_8"
                    },
                    {
                        "id": "_r_7_9"
                    }
                ]
            }
        ]
    },
    "constraints": {}
}