{
    "id": "FM__r",
    "name": "FM__r",
    "features": {
        "_r": {
            "name": "_r",
            "optional": true,
            "type": "FEATURE",
            "note": ""
        },
        "_r_1": {
            "name": "_r_1",
            "optional": true,
            "type": "FEATURE",
            "note": ""
        },
        "_r_10": {
            "name": "_r_10",
            "optional": false,
            "type": "XOR",
            "note": ""
        },
        "_r_10_11_12": {
            "name": "_r_10_11_12",
            "optional": true,
            "type": "FEATURE",
            "note": ""
        },
        "_r_10_11_13": {
            "name": "_r_10_11_13",
            "optional": true,
            "type": "FEATURE",
            "note": ""
        },
        "_r_14": {
            "name": "_r_14",
            "optional": false,
            "type": "XOR",
            "note": ""
        },
        "_r_14_15_16": {
            "name": "_r_14_15_16",
            "optional": true,
            "type": "XOR",
            "note": ""
        },
        "_r_14_15_16_17_18": {
            "name": "_r_14_15_16_17_18",
            "optional": true,
            "type": "FEATURE",
            "note": ""
        },
        "_r_14_15_16_17_19": {
            "name": "_r_14_15_16_17_19",
            "optional": true,
            "type": "FEATURE",
            "note": ""
        },
        "_r_14_15_21": {
            "name": "_r_14_15_21",
            "optional": true,
            "type": "FEATURE",
            "note": ""
        },
        "_r_27": {
            "name": "_r_27",
            "optional": false,
            "type": "FEATURE",
            "note": ""
        },
        "_r_28": {
            "name": "_r_28",
            "optional": false,
            "type": "FEATURE",
            "note": ""
        },
        "_r_5": {
            "name": "_r_5",
            "optional": false,
            "type": "XOR",
            "note": ""
        },
        "_r_5_6_7": {
            "name": "_r_5_6_7",
            "optional": true,
            "type": "FEATURE",
            "note": ""
        },
        "_r_5_6_8": {
            "name": "_r_5_6_8",
            "optional": true,
            "type": "FEATURE",
            "note": ""
        },
        "_r_5_6_9": {
            "name": "_r_5_6_9",
            "optional": true,
            "type": "FEATURE",
            "note": ""
        }
    },
    "tree": {
        "id": "_r",
        "children": [
            {
                "id": "_r_1"
            },
            {
                "id": "_r_10",
                "children": [
                    {
                        "id": "_r_10_11_12"
                    },
                    {
                        "id": "_r_10_11_13"
                    }
                ]
            },
            {
                "id": "_r_14",
                "children": [
                    {
                        "id": "_r_14_15_16",
                        "children": [
                            {
                                "id": "_r_14_15_16_17_18"
                            },
                            {
                                "id": "_r_14_15_16_17_19"
                            }
                        ]
                    },
                    {
                        "id": "_r_14_15_21"
                    }
                ]
            },
            {
                "id": "_r_27"
            },
            {
                "id": "_r_28"
            },
            {
                "id": "_r_5",
                "children": [
                    {
                        "id": "_r_5_6_7"
                    },
                    {
                        "id": "_r_5_6_8"
                    },
                    {
                        "id": "_r_5_6_9"
                    }
                ]
            }
        ]
    },
    "constraints": {
        "Constraint 0": {
            "type": "ImpliesTerm",
            "operands": [
                {
                    "type": "FeatureTerm",
                    "operands": [
                        "_r_5_6_8"
                    ]
                },
                {
                    "type": "FeatureTerm",
                    "operands": [
                        "_r_14_15_16_17_19"
                    ]
                }
            ]
        },
        "Constraint 1": {
            "type": "ImpliesTerm",
            "operands": [
                {
                    "type": "FeatureTerm",
                    "operands": [
                        "_r_5_6_8"
                    ]
                },
                {
                    "type": "FeatureTerm",
                    "operands": [
                        "_r_10_11_12"
                    ]
                }
            ]
        },
        "Constraint 2": {
            "type": "ImpliesTerm",
            "operands": [
                {
                    "type": "FeatureTerm",
                    "operands": [
                        "_r_5_6_9"
                    ]
                },
                {
                    "type": "FeatureTerm",
                    "operands": [
                        "_r_14_15_16_17_18"
                    ]
                }
            ]
        }
    }
}