{
    "id": "FM__r",
    "name": "FM__r",
    "features": {
        "_r": {
            "name": "_r",
            "optional": true,
            "type": "FEATURE",
            "note": ""
        },
        "_r_1": {
            "name": "_r_1",
            "optional": false,
            "type": "FEATURE",
            "note": ""
        },
        "_r_1_4": {
            "name": "_r_1_4",
            "optional": true,
            "type": "FEATURE",
            "note": ""
        },
        "_r_1_5": {
            "name": "_r_1_5",
            "optional": false,
            "type": "XOR",
            "note": ""
        },
        "_r_1_5_6_7": {
            "name": "_r_1_5_6_7",
            "optional": true,
            "type": "FEATURE",
            "note": ""
        },
        "_r_1_5_6_8": {
            "name": "_r_1_5_6_8",
            "optional": true,
            "type": "FEATURE",
            "note": ""
        },
        "_r_1_5_6_9": {
            "name": "_r_1_5_6_9",
            "optional": true,
            "type": "FEATURE",
            "note": ""
        },
        "_r_2": {
            "name": "_r_2",
            "optional": false,
            "type": "XOR",
            "note": ""
        },
        "_r_2_14_15": {
            "name": "_r_2_14_15",
            "optional": true,
            "type": "FEATURE",
            "note": ""
        },
        "_r_2_14_16": {
            "name": "_r_2_14_16",
            "optional": true,
            "type": "FEATURE",
            "note": ""
        },
        "_r_3": {
            "name": "_r_3",
            "optional": false,
            "type": "FEATURE",
            "note": ""
        },
        "_r_3_17": {
            "name": "_r_3_17",
            "optional": false,
            "type": "OR",
            "note": ""
        },
        "_r_3_17_19_20": {
            "name": "_r_3_17_19_20",
            "optional": true,
            "type": "FEATURE",
            "note": ""
        },
        "_r_3_17_19_21": {
            "name": "_r_3_17_19_21",
            "optional": true,
            "type": "FEATURE",
            "note": ""
        },
        "_r_3_18": {
            "name": "_r_3_18",
            "optional": false,
            "type": "OR",
            "note": ""
        },
        "_r_3_18_22_23": {
            "name": "_r_3_18_22_23",
            "optional": true,
            "type": "OR",
            "note": ""
        },
        "_r_3_18_22_23_30_31": {
            "name": "_r_3_18_22_23_30_31",
            "optional": true,
            "type": "XOR",
            "note": ""
        },
        "_r_3_18_22_23_30_31_33_34": {
            "name": "_r_3_18_22_23_30_31_33_34",
            "optional": true,
            "type": "FEATURE",
            "note": ""
        },
        "_r_3_18_22_23_30_31_33_35": {
            "name": "_r_3_18_22_23_30_31_33_35",
            "optional": true,
            "type": "FEATURE",
            "note": ""
        },
        "_r_3_18_22_23_30_31_33_36": {
            "name": "_r_3_18_22_23_30_31_33_36",
            "optional": true,
            "type": "FEATURE",
            "note": ""
        },
        "_r_3_18_22_23_30_32": {
            "name": "_r_3_18_22_23_30_32",
            "optional": true,
            "type": "XOR",
            "note": ""
        },
        "_r_3_18_22_23_30_32_40_41": {
            "name": "_r_3_18_22_23_30_32_40_41",
            "optional": true,
            "type": "FEATURE",
            "note": ""
        },
        "_r_3_18_22_23_30_32_40_42": {
            "name": "_r_3_18_22_23_30_32_40_42",
            "optional": true,
            "type": "FEATURE",
            "note": ""
        },
        "_r_3_18_22_25": {
            "name": "_r_3_18_22_25",
            "optional": true,
            "type": "XOR",
            "note": ""
        },
        "_r_3_18_22_25_26_27": {
            "name": "_r_3_18_22_25_26_27",
            "optional": true,
            "type": "FEATURE",
            "note": ""
        },
        "_r_3_18_22_25_26_29": {
            "name": "_r_3_18_22_25_26_29",
            "optional": true,
            "type": "FEATURE",
            "note": ""
        }
    },
    "tree": {
        "id": "_r",
        "children": [
            {
                "id": "_r_1",
                "children": [
                    {
                        "id": "_r_1_4"
                    },
                    {
                        "id": "_r_1_5",
                        "children": [
                            {
                                "id": "_r_1_5_6_7"
                            },
                            {
                                "id": "_r_1_5_6_8"
                            },
                            {
                                "id": "_r_1_5_6_9"
                            }
                        ]
                    }
                ]
            },
            {
                "id": "_r_2",
                "children": [
                    {
                        "id": "_r_2_14_15"
                    },
                    {
                        "id": "_r_2_14_16"
                    }
                ]
            },
            {
                "id": "_r_3",
                "children": [
                    {
                        "id": "_r_3_17",
                        "children": [
                            {
                                "id": "_r_3_17_19_20"
                            },
                            {
                                "id": "_r_3_17_19_21"
                            }
                        ]
                    },
                    {
                        "id": "_r_3_18",
                        "children": [
                            {
                                "id": "_r_3_18_22_23",
                                "children": [
                                    {
                                        "id": "_r_3_18_22_23_30_31",
                                        "children": [
                                            {
                                                "id": "_r_3_18_22_23_30_31_33_34"
                                            },
                                            {
                                                "id": "_r_3_18_22_23_30_31_33_35"
                                            },
                                            {
                                                "id": "_r_3_18_22_23_30_31_33_36"
                                            }
                                        ]
                                    },
                                    {
                                        "id": "_r_3_18_22_23_30_32",
                                        "children": [
                                            {
                                                "id": "_r_3_18_22_23_30_32_40_41"
                                            },
                                            {
                                                "id": "_r_3_18_22_23_30_32_40_42"
                                            }
                                        ]
                                    }
                                ]
                            },
                            {
                                "id": "_r_3_18_22_25",
                                "children": [
                                    {
                                        "id": "_r_3_18_22_25_26_27"
                                    },
                                    {
                                        "id": "_r_3_18_22_25_26_29"
                                    }
                                ]
                            }
                        ]
                    }
                ]
            }
        ]
    },
    "constraints": {}
}