{
    "id": "FM__r",
    "name": "FM__r",
    "features": {
        "_r": {
            "name": "_r",
            "optional": true,
            "type": "FEATURE",
            "note": ""
        },
        "_r_1": {
            "name": "_r_1",
            "optional": false,
            "type": "FEATURE",
            "note": ""
        },
        "_r_1_4": {
            "name": "_r_1_4",
            "optional": false,
            "type": "FEATURE",
            "note": ""
        },
        "_r_1_4_34": {
            "name": "_r_1_4_34",
            "optional": false,
            "type": "OR",
            "note": ""
        },
        "_r_1_4_34_39_40": {
            "name": "_r_1_4_34_39_40",
            "optional": true,
            "type": "FEATURE",
            "note": ""
        },
        "_r_1_4_34_39_41": {
            "name": "_r_1_4_34_39_41",
            "optional": true,
            "type": "FEATURE",
            "note": ""
        },
        "_r_1_4_35": {
            "name": "_r_1_4_35",
            "optional": false,
            "type": "FEATURE",
            "note": ""
        },
        "_r_1_5": {
            "name": "_r_1_5",
            "optional": false,
            "type": "FEATURE",
            "note": ""
        },
        "_r_1_5_36": {
            "name": "_r_1_5_36",
            "optional": false,
            "type": "OR",
            "note": ""
        },
        "_r_1_5_36_44_45": {
            "name": "_r_1_5_36_44_45",
            "optional": true,
            "type": "FEATURE",
            "note": ""
        },
        "_r_1_5_36_44_46": {
            "name": "_r_1_5_36_44_46",
            "optional": true,
            "type": "FEATURE",
            "note": ""
        },
        "_r_1_5_37": {
            "name": "_r_1_5_37",
            "optional": false,
            "type": "FEATURE",
            "note": ""
        },
        "_r_1_7": {
            "name": "_r_1_7",
            "optional": false,
            "type": "FEATURE",
            "note": ""
        },
        "_r_1_8": {
            "name": "_r_1_8",
            "optional": false,
            "type": "FEATURE",
            "note": ""
        },
        "_r_3": {
            "name": "_r_3",
            "optional": false,
            "type": "FEATURE",
            "note": ""
        },
        "_r_3_10": {
            "name": "_r_3_10",
            "optional": false,
            "type": "FEATURE",
            "note": ""
        },
        "_r_3_11": {
            "name": "_r_3_11",
            "optional": false,
            "type": "FEATURE",
            "note": ""
        },
        "_r_3_11_12": {
            "name": "_r_3_11_12",
            "optional": false,
            "type": "FEATURE",
            "note": ""
        },
        "_r_3_11_12_26": {
            "name": "_r_3_11_12_26",
            "optional": true,
            "type": "FEATURE",
            "note": ""
        },
        "_r_3_11_14": {
            "name": "_r_3_11_14",
            "optional": false,
            "type": "FEATURE",
            "note": ""
        },
        "_r_3_11_14_27": {
            "name": "_r_3_11_14_27",
            "optional": true,
            "type": "FEATURE",
            "note": ""
        },
        "_r_3_11_15": {
            "name": "_r_3_11_15",
            "optional": false,
            "type": "FEATURE",
            "note": ""
        },
        "_r_3_11_16": {
            "name": "_r_3_11_16",
            "optional": false,
            "type": "FEATURE",
            "note": ""
        },
        "_r_3_11_16_28": {
            "name": "_r_3_11_16_28",
            "optional": true,
            "type": "FEATURE",
            "note": ""
        },
        "_r_3_11_18": {
            "name": "_r_3_11_18",
            "optional": false,
            "type": "OR",
            "note": ""
        },
        "_r_3_11_18_19_20": {
            "name": "_r_3_11_18_19_20",
            "optional": true,
            "type": "FEATURE",
            "note": ""
        },
        "_r_3_11_18_19_21": {
            "name": "_r_3_11_18_19_21",
            "optional": true,
            "type": "FEATURE",
            "note": ""
        },
        "_r_3_11_18_19_22": {
            "name": "_r_3_11_18_19_22",
            "optional": true,
            "type": "FEATURE",
            "note": ""
        },
        "_r_3_11_47": {
            "name": "_r_3_11_47",
            "optional": true,
            "type": "FEATURE",
            "note": ""
        },
        "_r_3_29": {
            "name": "_r_3_29",
            "optional": true,
            "type": "XOR",
            "note": ""
        },
        "_r_3_29_30_31": {
            "name": "_r_3_29_30_31",
            "optional": true,
            "type": "FEATURE",
            "note": ""
        },
        "_r_3_29_30_32": {
            "name": "_r_3_29_30_32",
            "optional": true,
            "type": "FEATURE",
            "note": ""
        },
        "_r_3_29_30_33": {
            "name": "_r_3_29_30_33",
            "optional": true,
            "type": "FEATURE",
            "note": ""
        },
        "_r_3_6": {
            "name": "_r_3_6",
            "optional": false,
            "type": "XOR",
            "note": ""
        },
        "_r_3_6_23_24": {
            "name": "_r_3_6_23_24",
            "optional": true,
            "type": "FEATURE",
            "note": ""
        },
        "_r_3_6_23_25": {
            "name": "_r_3_6_23_25",
            "optional": true,
            "type": "FEATURE",
            "note": ""
        },
        "_r_3_9": {
            "name": "_r_3_9",
            "optional": false,
            "type": "FEATURE",
            "note": ""
        }
    },
    "tree": {
        "id": "_r",
        "children": [
            {
                "id": "_r_1",
                "children": [
                    {
                        "id": "_r_1_4",
                        "children": [
                            {
                                "id": "_r_1_4_34",
                                "children": [
                                    {
                                        "id": "_r_1_4_34_39_40"
                                    },
                                    {
                                        "id": "_r_1_4_34_39_41"
                                    }
                                ]
                            },
                            {
                                "id": "_r_1_4_35"
                            }
                        ]
                    },
                    {
                        "id": "_r_1_5",
                        "children": [
                            {
                                "id": "_r_1_5_36",
                                "children": [
                                    {
                                        "id": "_r_1_5_36_44_45"
                                    },
                                    {
                                        "id": "_r_1_5_36_44_46"
                                    }
                                ]
                            },
                            {
                                "id": "_r_1_5_37"
                            }
                        ]
                    },
                    {
                        "id": "_r_1_7"
                    },
                    {
                        "id": "_r_1_8"
                    }
                ]
            },
            {
                "id": "_r_3",
                "children": [
                    {
                        "id": "_r_3_10"
                    },
                    {
                        "id": "_r_3_11",
                        "children": [
                            {
                                "id": "_r_3_11_12",
                                "children": [
                                    {
                                        "id": "_r_3_11_12_26"
                                    }
                                ]
                            },
                            {
                                "id": "_r_3_11_14",
                                "children": [
                                    {
                                        "id": "_r_3_11_14_27"
                                    }
                                ]
                            },
                            {
                                "id": "_r_3_11_15"
                            },
                            {
                                "id": "_r_3_11_16",
                                "children": [
                                    {
                                        "id": "_r_3_11_16_28"
                                    }
                                ]
                            },
                            {
                                "id": "_r_3_11_18",
                                "children": [
                                    {
                                        "id": "_r_3_11_18_19_20"
                                    },
                                    {
                                        "id": "_r_3_11_18_19_21"
                                    },
                                    {
                                        "id": "_r_3_11_18_19_22"
                                    }
                                ]
                            },
                            {
                                "id": "_r_3_11_47"
                            }
                        ]
                    },
                    {
                        "id": "_r_3_29",
                        "children": [
                            {
                                "id": "_r_3_29_30_31"
                            },
                            {
                                "id": "_r_3_29_30_32"
                            },
                            {
                                "id": "_r_3_29_30_33"
                            }
                        ]
                    },
                    {
                        "id": "_r_3_6",
                        "children": [
                            {
                                "id": "_r_3_6_23_24"
                            },
                            {
                                "id": "_r_3_6_23_25"
                            }
                        ]
                    },
                    {
                        "id": "_r_3_9"
                    }
                ]
            }
        ]
    },
    "constraints": {
        "Constraint 0": {
            "type": "ImpliesTerm",
            "operands": [
                {
                    "type": "FeatureTerm",
                    "operands": [
                        "_r_1_5_36"
                    ]
                },
                {
                    "type": "FeatureTerm",
                    "operands": [
                        "_r_3_11_47"
                    ]
                }
            ]
        }
    }
}