{
    "id": "FM__r",
    "name": "FM__r",
    "features": {
        "_r": {
            "name": "_r",
            "optional": true,
            "type": "FEATURE",
            "note": ""
        },
        "_r_1": {
            "name": "_r_1",
            "optional": false,
            "type": "FEATURE",
            "note": ""
        },
        "_r_13": {
            "name": "_r_13",
            "optional": false,
            "type": "FEATURE",
            "note": ""
        },
        "_r_13_26": {
            "name": "_r_13_26",
            "optional": false,
            "type": "FEATURE",
            "note": ""
        },
        "_r_13_27": {
            "name": "_r_13_27",
            "optional": false,
            "type": "FEATURE",
            "note": ""
        },
        "_r_13_28": {
            "name": "_r_13_28",
            "optional": false,
            "type": "FEATURE",
            "note": ""
        },
        "_r_13_29": {
            "name": "_r_13_29",
            "optional": true,
            "type": "FEATURE",
            "note": ""
        },
        "_r_13_33": {
            "name": "_r_13_33",
            "optional": false,
            "type": "FEATURE",
            "note": ""
        },
        "_r_13_52": {
            "name": "_r_13_52",
            "optional": true,
            "type": "FEATURE",
            "note": ""
        },
        "_r_15": {
            "name": "_r_15",
            "optional": false,
            "type": "FEATURE",
            "note": ""
        },
        "_r_18": {
            "name": "_r_18",
            "optional": false,
            "type": "OR",
            "note": ""
        },
        "_r_18_40_41": {
            "name": "_r_18_40_41",
            "optional": true,
            "type": "FEATURE",
            "note": ""
        },
        "_r_18_40_42": {
            "name": "_r_18_40_42",
            "optional": true,
            "type": "FEATURE",
            "note": ""
        },
        "_r_18_40_43": {
            "name": "_r_18_40_43",
            "optional": true,
            "type": "FEATURE",
            "note": ""
        },
        "_r_1_10": {
            "name": "_r_1_10",
            "optional": false,
            "type": "FEATURE",
            "note": ""
        },
        "_r_1_11": {
            "name": "_r_1_11",
            "optional": false,
            "type": "FEATURE",
            "note": ""
        },
        "_r_1_12": {
            "name": "_r_1_12",
            "optional": true,
            "type": "FEATURE",
            "note": ""
        },
        "_r_1_9": {
            "name": "_r_1_9",
            "optional": false,
            "type": "FEATURE",
            "note": ""
        },
        "_r_4": {
            "name": "_r_4",
            "optional": false,
            "type": "FEATURE",
            "note": ""
        },
        "_r_44": {
            "name": "_r_44",
            "optional": false,
            "type": "OR",
            "note": ""
        },
        "_r_44_45_46": {
            "name": "_r_44_45_46",
            "optional": true,
            "type": "FEATURE",
            "note": ""
        },
        "_r_44_45_47": {
            "name": "_r_44_45_47",
            "optional": true,
            "type": "FEATURE",
            "note": ""
        },
        "_r_44_45_48": {
            "name": "_r_44_45_48",
            "optional": true,
            "type": "FEATURE",
            "note": ""
        },
        "_r_4_34": {
            "name": "_r_4_34",
            "optional": false,
            "type": "FEATURE",
            "note": ""
        },
        "_r_4_35": {
            "name": "_r_4_35",
            "optional": false,
            "type": "FEATURE",
            "note": ""
        },
        "_r_4_36": {
            "name": "_r_4_36",
            "optional": false,
            "type": "FEATURE",
            "note": ""
        },
        "_r_5": {
            "name": "_r_5",
            "optional": false,
            "type": "OR",
            "note": ""
        },
        "_r_5_6_16": {
            "name": "_r_5_6_16",
            "optional": true,
            "type": "FEATURE",
            "note": ""
        },
        "_r_5_6_17": {
            "name": "_r_5_6_17",
            "optional": true,
            "type": "FEATURE",
            "note": ""
        },
        "_r_5_6_7": {
            "name": "_r_5_6_7",
            "optional": true,
            "type": "OR",
            "note": ""
        },
        "_r_5_6_7_49_50": {
            "name": "_r_5_6_7_49_50",
            "optional": true,
            "type": "FEATURE",
            "note": ""
        },
        "_r_5_6_7_49_51": {
            "name": "_r_5_6_7_49_51",
            "optional": true,
            "type": "FEATURE",
            "note": ""
        },
        "_r_8": {
            "name": "_r_8",
            "optional": false,
            "type": "FEATURE",
            "note": ""
        },
        "_r_8_19": {
            "name": "_r_8_19",
            "optional": false,
            "type": "FEATURE",
            "note": ""
        },
        "_r_8_20": {
            "name": "_r_8_20",
            "optional": false,
            "type": "FEATURE",
            "note": ""
        },
        "_r_8_21": {
            "name": "_r_8_21",
            "optional": false,
            "type": "FEATURE",
            "note": ""
        },
        "_r_8_22": {
            "name": "_r_8_22",
            "optional": false,
            "type": "FEATURE",
            "note": ""
        },
        "_r_8_23": {
            "name": "_r_8_23",
            "optional": false,
            "type": "FEATURE",
            "note": ""
        },
        "_r_8_24": {
            "name": "_r_8_24",
            "optional": false,
            "type": "FEATURE",
            "note": ""
        },
        "_r_8_25": {
            "name": "_r_8_25",
            "optional": false,
            "type": "FEATURE",
            "note": ""
        }
    },
    "tree": {
        "id": "_r",
        "children": [
            {
                "id": "_r_1",
                "children": [
                    {
                        "id": "_r_1_10"
                    },
                    {
                        "id": "_r_1_11"
                    },
                    {
                        "id": "_r_1_12"
                    },
                    {
                        "id": "_r_1_9"
                    }
                ]
            },
            {
                "id": "_r_13",
                "children": [
                    {
                        "id": "_r_13_26"
                    },
                    {
                        "id": "_r_13_27"
                    },
                    {
                        "id": "_r_13_28"
                    },
                    {
                        "id": "_r_13_29"
                    },
                    {
                        "id": "_r_13_33"
                    },
                    {
                        "id": "_r_13_52"
                    }
                ]
            },
            {
                "id": "_r_15"
            },
            {
                "id": "_r_18",
                "children": [
                    {
                        "id": "_r_18_40_41"
                    },
                    {
                        "id": "_r_18_40_42"
                    },
                    {
                        "id": "_r_18_40_43"
                    }
                ]
            },
            {
                "id": "_r_4",
                "children": [
                    {
                        "id": "_r_4_34"
                    },
                    {
                        "id": "_r_4_35"
                    },
                    {
                        "id": "_r_4_36"
                    }
                ]
            },
            {
                "id": "_r_44",
                "children": [
                    {
                        "id": "_r_44_45_46"
                    },
                    {
                        "id": "_r_44_45_47"
                    },
                    {
                        "id": "_r_44_45_48"
                    }
                ]
            },
            {
                "id": "_r_5",
                "children": [
                    {
                        "id": "_r_5_6_16"
                    },
                    {
                        "id": "_r_5_6_17"
                    },
                    {
                        "id": "_r_5_6_7",
                        "children": [
                            {
                                "id": "_r_5_6_7_49_50"
                            },
                            {
                                "id": "_r_5_6_7_49_51"
                            }
                        ]
                    }
                ]
            },
            {
                "id": "_r_8",
                "children": [
                    {
                        "id": "_r_8_19"
                    },
                    {
                        "id": "_r_8_20"
                    },
                    {
                        "id": "_r_8_21"
                    },
                    {
                        "id": "_r_8_22"
                    },
                    {
                        "id": "_r_8_23"
                    },
                    {
                        "id": "_r_8_24"
                    },
                    {
                        "id": "_r_8_25"
                    }
                ]
            }
        ]
    },
    "constraints": {
        "Constraint 0": {
            "type": "ImpliesTerm",
            "operands": [
                {
                    "type": "FeatureTerm",
                    "operands": [
                        "_r_44_45_46"
                    ]
                },
                {
                    "type": "FeatureTerm",
                    "operands": [
                        "_r_13_52"
                    ]
                }
            ]
        }
    }
}