{
    "id": "FM__r",
    "name": "FM__r",
    "features": {
        "_r": {
            "name": "_r",
            "optional": true,
            "type": "FEATURE",
            "note": ""
        },
        "_r_1": {
            "name": "_r_1",
            "optional": false,
            "type": "XOR",
            "note": ""
        },
        "_r_15": {
            "name": "_r_15",
            "optional": false,
            "type": "OR",
            "note": ""
        },
        "_r_15_16_17": {
            "name": "_r_15_16_17",
            "optional": true,
            "type": "FEATURE",
            "note": ""
        },
        "_r_15_16_18": {
            "name": "_r_15_16_18",
            "optional": true,
            "type": "FEATURE",
            "note": ""
        },
        "_r_15_16_19": {
            "name": "_r_15_16_19",
            "optional": true,
            "type": "FEATURE",
            "note": ""
        },
        "_r_1_2_3": {
            "name": "_r_1_2_3",
            "optional": true,
            "type": "FEATURE",
            "note": ""
        },
        "_r_1_2_4": {
            "name": "_r_1_2_4",
            "optional": true,
            "type": "FEATURE",
            "note": ""
        },
        "_r_1_2_5": {
            "name": "_r_1_2_5",
            "optional": true,
            "type": "FEATURE",
            "note": ""
        },
        "_r_6": {
            "name": "_r_6",
            "optional": false,
            "type": "FEATURE",
            "note": ""
        },
        "_r_6_11": {
            "name": "_r_6_11",
            "optional": true,
            "type": "FEATURE",
            "note": ""
        },
        "_r_6_12": {
            "name": "_r_6_12",
            "optional": true,
            "type": "FEATURE",
            "note": ""
        },
        "_r_6_12_13": {
            "name": "_r_6_12_13",
            "optional": true,
            "type": "FEATURE",
            "note": ""
        },
        "_r_6_12_14": {
            "name": "_r_6_12_14",
            "optional": true,
            "type": "FEATURE",
            "note": ""
        },
        "_r_6_7": {
            "name": "_r_6_7",
            "optional": true,
            "type": "FEATURE",
            "note": ""
        },
        "_r_6_7_10": {
            "name": "_r_6_7_10",
            "optional": false,
            "type": "FEATURE",
            "note": ""
        },
        "_r_6_7_8": {
            "name": "_r_6_7_8",
            "optional": false,
            "type": "FEATURE",
            "note": ""
        }
    },
    "tree": {
        "id": "_r",
        "children": [
            {
                "id": "_r_1",
                "children": [
                    {
                        "id": "_r_1_2_3"
                    },
                    {
                        "id": "_r_1_2_4"
                    },
                    {
                        "id": "_r_1_2_5"
                    }
                ]
            },
            {
                "id": "_r_15",
                "children": [
                    {
                        "id": "_r_15_16_17"
                    },
                    {
                        "id": "_r_15_16_18"
                    },
                    {
                        "id": "_r_15_16_19"
                    }
                ]
            },
            {
                "id": "_r_6",
                "children": [
                    {
                        "id": "_r_6_11"
                    },
                    {
                        "id": "_r_6_12",
                        "children": [
                            {
                                "id": "_r_6_12_13"
                            },
                            {
                                "id": "_r_6_12_14"
                            }
                        ]
                    },
                    {
                        "id": "_r_6_7",
                        "children": [
                            {
                                "id": "_r_6_7_10"
                            },
                            {
                                "id": "_r_6_7_8"
                            }
                        ]
                    }
                ]
            }
        ]
    },
    "constraints": {}
}