{
    "id": "FM__r",
    "name": "FM__r",
    "features": {
        "_r": {
            "name": "_r",
            "optional": true,
            "type": "FEATURE",
            "note": ""
        },
        "_r_1": {
            "name": "_r_1",
            "optional": false,
            "type": "XOR",
            "note": ""
        },
        "_r_1_5_6": {
            "name": "_r_1_5_6",
            "optional": true,
            "type": "FEATURE",
            "note": ""
        },
        "_r_1_5_7": {
            "name": "_r_1_5_7",
            "optional": true,
            "type": "FEATURE",
            "note": ""
        },
        "_r_1_5_8": {
            "name": "_r_1_5_8",
            "optional": true,
            "type": "FEATURE",
            "note": ""
        },
        "_r_2": {
            "name": "_r_2",
            "optional": false,
            "type": "XOR",
            "note": ""
        },
        "_r_22": {
            "name": "_r_22",
            "optional": true,
            "type": "OR",
            "note": ""
        },
        "_r_22_25_26": {
            "name": "_r_22_25_26",
            "optional": true,
            "type": "FEATURE",
            "note": ""
        },
        "_r_22_25_27": {
            "name": "_r_22_25_27",
            "optional": true,
            "type": "FEATURE",
            "note": ""
        },
        "_r_22_25_28": {
            "name": "_r_22_25_28",
            "optional": true,
            "type": "FEATURE",
            "note": ""
        },
        "_r_22_25_29": {
            "name": "_r_22_25_29",
            "optional": true,
            "type": "XOR",
            "note": ""
        },
        "_r_22_25_29_30_31": {
            "name": "_r_22_25_29_30_31",
            "optional": true,
            "type": "FEATURE",
            "note": ""
        },
        "_r_22_25_29_30_32": {
            "name": "_r_22_25_29_30_32",
            "optional": true,
            "type": "FEATURE",
            "note": ""
        },
        "_r_2_15_16": {
            "name": "_r_2_15_16",
            "optional": true,
            "type": "FEATURE",
            "note": ""
        },
        "_r_2_15_17": {
            "name": "_r_2_15_17",
            "optional": true,
            "type": "FEATURE",
            "note": ""
        },
        "_r_2_15_18": {
            "name": "_r_2_15_18",
            "optional": true,
            "type": "FEATURE",
            "note": ""
        },
        "_r_3": {
            "name": "_r_3",
            "optional": false,
            "type": "XOR",
            "note": ""
        },
        "_r_3_19_20": {
            "name": "_r_3_19_20",
            "optional": true,
            "type": "FEATURE",
            "note": ""
        },
        "_r_3_19_21": {
            "name": "_r_3_19_21",
            "optional": true,
            "type": "FEATURE",
            "note": ""
        },
        "_r_3_19_34": {
            "name": "_r_3_19_34",
            "optional": true,
            "type": "FEATURE",
            "note": ""
        },
        "_r_4": {
            "name": "_r_4",
            "optional": true,
            "type": "FEATURE",
            "note": ""
        }
    },
    "tree": {
        "id": "_r",
        "children": [
            {
                "id": "_r_1",
                "children": [
                    {
                        "id": "_r_1_5_6"
                    },
                    {
                        "id": "_r_1_5_7"
                    },
                    {
                        "id": "_r_1_5_8"
                    }
                ]
            },
            {
                "id": "_r_2",
                "children": [
                    {
                        "id": "_r_2_15_16"
                    },
                    {
                        "id": "_r_2_15_17"
                    },
                    {
                        "id": "_r_2_15_18"
                    }
                ]
            },
            {
                "id": "_r_22",
                "children": [
                    {
                        "id": "_r_22_25_26"
                    },
                    {
                        "id": "_r_22_25_27"
                    },
                    {
                        "id": "_r_22_25_28"
                    },
                    {
                        "id": "_r_22_25_29",
                        "children": [
                            {
                                "id": "_r_22_25_29_30_31"
                            },
                            {
                                "id": "_r_22_25_29_30_32"
                            }
                        ]
                    }
                ]
            },
            {
                "id": "_r_3",
                "children": [
                    {
                        "id": "_r_3_19_20"
                    },
                    {
                        "id": "_r_3_19_21"
                    },
                    {
                        "id": "_r_3_19_34"
                    }
                ]
            },
            {
                "id": "_r_4"
            }
        ]
    },
    "constraints": {
        "Constraint 0": {
            "type": "ImpliesTerm",
            "operands": [
                {
                    "type": "FeatureTerm",
                    "operands": [
                        "_r_1_5_8"
                    ]
                },
                {
                    "type": "FeatureTerm",
                    "operands": [
                        "_r_22_25_27"
                    ]
                }
            ]
        },
        "Constraint 1": {
            "type": "ImpliesTerm",
            "operands": [
                {
                    "type": "FeatureTerm",
                    "operands": [
                        "_r_1_5_6"
                    ]
                },
                {
                    "type": "FeatureTerm",
                    "operands": [
                        "_r_22_25_26"
                    ]
                }
            ]
        },
        "Constraint 2": {
            "type": "ImpliesTerm",
            "operands": [
                {
                    "type": "FeatureTerm",
                    "operands": [
                        "_r_4"
                    ]
                },
                {
                    "type": "FeatureTerm",
                    "operands": [
                        "_r_22_25_28"
                    ]
                }
            ]
        },
        "Constraint 3": {
            "type": "ImpliesTerm",
            "operands": [
                {
                    "type": "FeatureTerm",
                    "operands": [
                        "_r_4"
                    ]
                },
                {
                    "type": "NotTerm",
                    "operands": [
                        {
                            "type": "FeatureTerm",
                            "operands": [
                                "_r_1_5_8"
                            ]
                        }
                    ]
                }
            ]
        },
        "Constraint 4": {
            "type": "ImpliesTerm",
            "operands": [
                {
                    "type": "FeatureTerm",
                    "operands": [
                        "_r_4"
                    ]
                },
                {
                    "type": "FeatureTerm",
                    "operands": [
                        "_r_1_5_7"
                    ]
                }
            ]
        },
        "Constraint 5": {
            "type": "ImpliesTerm",
            "operands": [
                {
                    "type": "FeatureTerm",
                    "operands": [
                        "_r_3_19_21"
                    ]
                },
                {
                    "type": "FeatureTerm",
                    "operands": [
                        "_r_22_25_29_30_31"
                    ]
                }
            ]
        },
        "Constraint 6": {
            "type": "ImpliesTerm",
            "operands": [
                {
                    "type": "FeatureTerm",
                    "operands": [
                        "_r_1_5_7"
                    ]
                },
                {
                    "type": "NotTerm",
                    "operands": [
                        {
                            "type": "FeatureTerm",
                            "operands": [
                                "_r_2_15_18"
                            ]
                        }
                    ]
                }
            ]
        },
        "Constraint 7": {
            "type": "ImpliesTerm",
            "operands": [
                {
                    "type": "FeatureTerm",
                    "operands": [
                        "_r_3_19_20"
                    ]
                },
                {
                    "type": "FeatureTerm",
                    "operands": [
                        "_r_22_25_29_30_32"
                    ]
                }
            ]
        },
        "Constraint 8": {
            "type": "ImpliesTerm",
            "operands": [
                {
                    "type": "FeatureTerm",
                    "operands": [
                        "_r_1_5_8"
                    ]
                },
                {
                    "type": "NotTerm",
                    "operands": [
                        {
                            "type": "FeatureTerm",
                            "operands": [
                                "_r_2_15_17"
                            ]
                        }
                    ]
                }
            ]
        },
        "Constraint 9": {
            "type": "ImpliesTerm",
            "operands": [
                {
                    "type": "FeatureTerm",
                    "operands": [
                        "_r_1_5_6"
                    ]
                },
                {
                    "type": "NotTerm",
                    "operands": [
                        {
                            "type": "FeatureTerm",
                            "operands": [
                                "_r_2_15_17"
                            ]
                        }
                    ]
                }
            ]
        },
        "Constraint 10": {
            "type": "ImpliesTerm",
            "operands": [
                {
                    "type": "FeatureTerm",
                    "operands": [
                        "_r_1_5_6"
                    ]
                },
                {
                    "type": "NotTerm",
                    "operands": [
                        {
                            "type": "FeatureTerm",
                            "operands": [
                                "_r_2_15_18"
                            ]
                        }
                    ]
                }
            ]
        }
    }
}