{
    "id": "FM__r",
    "name": "FM__r",
    "features": {
        "_r": {
            "name": "_r",
            "optional": true,
            "type": "FEATURE",
            "note": ""
        },
        "_r_1": {
            "name": "_r_1",
            "optional": false,
            "type": "XOR",
            "note": ""
        },
        "_r_1_14_15": {
            "name": "_r_1_14_15",
            "optional": true,
            "type": "FEATURE",
            "note": ""
        },
        "_r_1_14_16": {
            "name": "_r_1_14_16",
            "optional": true,
            "type": "FEATURE",
            "note": ""
        },
        "_r_2": {
            "name": "_r_2",
            "optional": false,
            "type": "XOR",
            "note": ""
        },
        "_r_2_7_8": {
            "name": "_r_2_7_8",
            "optional": true,
            "type": "FEATURE",
            "note": ""
        },
        "_r_2_7_9": {
            "name": "_r_2_7_9",
            "optional": true,
            "type": "FEATURE",
            "note": ""
        },
        "_r_3": {
            "name": "_r_3",
            "optional": false,
            "type": "XOR",
            "note": ""
        },
        "_r_3_4_5": {
            "name": "_r_3_4_5",
            "optional": true,
            "type": "XOR",
            "note": ""
        },
        "_r_3_4_5_17_18": {
            "name": "_r_3_4_5_17_18",
            "optional": true,
            "type": "XOR",
            "note": ""
        },
        "_r_3_4_5_17_18_21_22": {
            "name": "_r_3_4_5_17_18_21_22",
            "optional": true,
            "type": "FEATURE",
            "note": ""
        },
        "_r_3_4_5_17_18_21_23": {
            "name": "_r_3_4_5_17_18_21_23",
            "optional": true,
            "type": "FEATURE",
            "note": ""
        },
        "_r_3_4_5_17_18_21_24": {
            "name": "_r_3_4_5_17_18_21_24",
            "optional": true,
            "type": "FEATURE",
            "note": ""
        },
        "_r_3_4_5_17_19": {
            "name": "_r_3_4_5_17_19",
            "optional": true,
            "type": "XOR",
            "note": ""
        },
        "_r_3_4_5_17_19_26_27": {
            "name": "_r_3_4_5_17_19_26_27",
            "optional": true,
            "type": "FEATURE",
            "note": ""
        },
        "_r_3_4_5_17_19_26_28": {
            "name": "_r_3_4_5_17_19_26_28",
            "optional": true,
            "type": "FEATURE",
            "note": ""
        },
        "_r_3_4_5_17_20": {
            "name": "_r_3_4_5_17_20",
            "optional": true,
            "type": "XOR",
            "note": ""
        },
        "_r_3_4_5_17_20_29_30": {
            "name": "_r_3_4_5_17_20_29_30",
            "optional": true,
            "type": "FEATURE",
            "note": ""
        },
        "_r_3_4_5_17_20_29_31": {
            "name": "_r_3_4_5_17_20_29_31",
            "optional": true,
            "type": "FEATURE",
            "note": ""
        },
        "_r_3_4_6": {
            "name": "_r_3_4_6",
            "optional": true,
            "type": "FEATURE",
            "note": ""
        }
    },
    "tree": {
        "id": "_r",
        "children": [
            {
                "id": "_r_1",
                "children": [
                    {
                        "id": "_r_1_14_15"
                    },
                    {
                        "id": "_r_1_14_16"
                    }
                ]
            },
            {
                "id": "_r_2",
                "children": [
                    {
                        "id": "_r_2_7_8"
                    },
                    {
                        "id": "_r_2_7_9"
                    }
                ]
            },
            {
                "id": "_r_3",
                "children": [
                    {
                        "id": "_r_3_4_5",
                        "children": [
                            {
                                "id": "_r_3_4_5_17_18",
                                "children": [
                                    {
                                        "id": "_r_3_4_5_17_18_21_22"
                                    },
                                    {
                                        "id": "_r_3_4_5_17_18_21_23"
                                    },
                                    {
                                        "id": "_r_3_4_5_17_18_21_24"
                                    }
                                ]
                            },
                            {
                                "id": "_r_3_4_5_17_19",
                                "children": [
                                    {
                                        "id": "_r_3_4_5_17_19_26_27"
                                    },
                                    {
                                        "id": "_r_3_4_5_17_19_26_28"
                                    }
                                ]
                            },
                            {
                                "id": "_r_3_4_5_17_20",
                                "children": [
                                    {
                                        "id": "_r_3_4_5_17_20_29_30"
                                    },
                                    {
                                        "id": "_r_3_4_5_17_20_29_31"
                                    }
                                ]
                            }
                        ]
                    },
                    {
                        "id": "_r_3_4_6"
                    }
                ]
            }
        ]
    },
    "constraints": {}
}