{
    "id": "FM__r",
    "name": "FM__r",
    "features": {
        "_r": {
            "name": "_r",
            "optional": true,
            "type": "FEATURE",
            "note": ""
        },
        "_r_2": {
            "name": "_r_2",
            "optional": true,
            "type": "FEATURE",
            "note": ""
        },
        "_r_2_14": {
            "name": "_r_2_14",
            "optional": true,
            "type": "FEATURE",
            "note": ""
        },
        "_r_2_14_16": {
            "name": "_r_2_14_16",
            "optional": true,
            "type": "FEATURE",
            "note": ""
        },
        "_r_2_14_17": {
            "name": "_r_2_14_17",
            "optional": true,
            "type": "FEATURE",
            "note": ""
        },
        "_r_2_14_19": {
            "name": "_r_2_14_19",
            "optional": true,
            "type": "FEATURE",
            "note": ""
        },
        "_r_2_15": {
            "name": "_r_2_15",
            "optional": true,
            "type": "FEATURE",
            "note": ""
        },
        "_r_2_15_20": {
            "name": "_r_2_15_20",
            "optional": true,
            "type": "FEATURE",
            "note": ""
        },
        "_r_2_15_21": {
            "name": "_r_2_15_21",
            "optional": true,
            "type": "FEATURE",
            "note": ""
        },
        "_r_3": {
            "name": "_r_3",
            "optional": true,
            "type": "FEATURE",
            "note": ""
        },
        "_r_3_22": {
            "name": "_r_3_22",
            "optional": true,
            "type": "FEATURE",
            "note": ""
        },
        "_r_3_22_25": {
            "name": "_r_3_22_25",
            "optional": true,
            "type": "FEATURE",
            "note": ""
        },
        "_r_3_22_26": {
            "name": "_r_3_22_26",
            "optional": false,
            "type": "FEATURE",
            "note": ""
        },
        "_r_3_22_27": {
            "name": "_r_3_22_27",
            "optional": true,
            "type": "FEATURE",
            "note": ""
        },
        "_r_3_23": {
            "name": "_r_3_23",
            "optional": true,
            "type": "FEATURE",
            "note": ""
        },
        "_r_3_24": {
            "name": "_r_3_24",
            "optional": true,
            "type": "FEATURE",
            "note": ""
        },
        "_r_4": {
            "name": "_r_4",
            "optional": false,
            "type": "FEATURE",
            "note": ""
        },
        "_r_4_5": {
            "name": "_r_4_5",
            "optional": false,
            "type": "OR",
            "note": ""
        },
        "_r_4_5_8_12": {
            "name": "_r_4_5_8_12",
            "optional": true,
            "type": "FEATURE",
            "note": ""
        },
        "_r_4_5_8_13": {
            "name": "_r_4_5_8_13",
            "optional": true,
            "type": "FEATURE",
            "note": ""
        },
        "_r_4_5_8_9": {
            "name": "_r_4_5_8_9",
            "optional": true,
            "type": "FEATURE",
            "note": ""
        },
        "_r_4_6": {
            "name": "_r_4_6",
            "optional": false,
            "type": "FEATURE",
            "note": ""
        },
        "_r_4_6_7": {
            "name": "_r_4_6_7",
            "optional": false,
            "type": "FEATURE",
            "note": ""
        }
    },
    "tree": {
        "id": "_r",
        "children": [
            {
                "id": "_r_2",
                "children": [
                    {
                        "id": "_r_2_14",
                        "children": [
                            {
                                "id": "_r_2_14_16"
                            },
                            {
                                "id": "_r_2_14_17"
                            },
                            {
                                "id": "_r_2_14_19"
                            }
                        ]
                    },
                    {
                        "id": "_r_2_15",
                        "children": [
                            {
                                "id": "_r_2_15_20"
                            },
                            {
                                "id": "_r_2_15_21"
                            }
                        ]
                    }
                ]
            },
            {
                "id": "_r_3",
                "children": [
                    {
                        "id": "_r_3_22",
                        "children": [
                            {
                                "id": "_r_3_22_25"
                            },
                            {
                                "id": "_r_3_22_26"
                            },
                            {
                                "id": "_r_3_22_27"
                            }
                        ]
                    },
                    {
                        "id": "_r_3_23"
                    },
                    {
                        "id": "_r_3_24"
                    }
                ]
            },
            {
                "id": "_r_4",
                "children": [
                    {
                        "id": "_r_4_5",
                        "children": [
                            {
                                "id": "_r_4_5_8_12"
                            },
                            {
                                "id": "_r_4_5_8_13"
                            },
                            {
                                "id": "_r_4_5_8_9"
                            }
                        ]
                    },
                    {
                        "id": "_r_4_6",
                        "children": [
                            {
                                "id": "_r_4_6_7"
                            }
                        ]
                    }
                ]
            }
        ]
    },
    "constraints": {}
}