{
    "id": "FM__r",
    "name": "FM__r",
    "features": {
        "_r": {
            "name": "_r",
            "optional": true,
            "type": "FEATURE",
            "note": ""
        },
        "_r_10": {
            "name": "_r_10",
            "optional": false,
            "type": "XOR",
            "note": ""
        },
        "_r_10_12_13": {
            "name": "_r_10_12_13",
            "optional": true,
            "type": "FEATURE",
            "note": ""
        },
        "_r_10_12_13_24": {
            "name": "_r_10_12_13_24",
            "optional": false,
            "type": "FEATURE",
            "note": ""
        },
        "_r_10_12_13_25": {
            "name": "_r_10_12_13_25",
            "optional": false,
            "type": "FEATURE",
            "note": ""
        },
        "_r_10_12_13_26": {
            "name": "_r_10_12_13_26",
            "optional": false,
            "type": "FEATURE",
            "note": ""
        },
        "_r_10_12_14": {
            "name": "_r_10_12_14",
            "optional": true,
            "type": "FEATURE",
            "note": ""
        },
        "_r_10_12_14_27": {
            "name": "_r_10_12_14_27",
            "optional": false,
            "type": "FEATURE",
            "note": ""
        },
        "_r_10_12_14_28": {
            "name": "_r_10_12_14_28",
            "optional": false,
            "type": "FEATURE",
            "note": ""
        },
        "_r_10_12_15": {
            "name": "_r_10_12_15",
            "optional": true,
            "type": "FEATURE",
            "note": ""
        },
        "_r_10_12_15_29": {
            "name": "_r_10_12_15_29",
            "optional": false,
            "type": "FEATURE",
            "note": ""
        },
        "_r_19": {
            "name": "_r_19",
            "optional": false,
            "type": "XOR",
            "note": ""
        },
        "_r_19_32_33": {
            "name": "_r_19_32_33",
            "optional": true,
            "type": "FEATURE",
            "note": ""
        },
        "_r_19_32_33_35": {
            "name": "_r_19_32_33_35",
            "optional": false,
            "type": "FEATURE",
            "note": ""
        },
        "_r_19_32_34": {
            "name": "_r_19_32_34",
            "optional": true,
            "type": "XOR",
            "note": ""
        },
        "_r_19_32_34_76_77": {
            "name": "_r_19_32_34_76_77",
            "optional": true,
            "type": "FEATURE",
            "note": ""
        },
        "_r_19_32_34_76_78": {
            "name": "_r_19_32_34_76_78",
            "optional": true,
            "type": "FEATURE",
            "note": ""
        },
        "_r_21": {
            "name": "_r_21",
            "optional": false,
            "type": "XOR",
            "note": ""
        },
        "_r_21_36_37": {
            "name": "_r_21_36_37",
            "optional": true,
            "type": "FEATURE",
            "note": ""
        },
        "_r_21_36_37_38": {
            "name": "_r_21_36_37_38",
            "optional": false,
            "type": "XOR",
            "note": ""
        },
        "_r_21_36_37_38_39_40": {
            "name": "_r_21_36_37_38_39_40",
            "optional": true,
            "type": "FEATURE",
            "note": ""
        },
        "_r_21_36_37_38_39_41": {
            "name": "_r_21_36_37_38_39_41",
            "optional": true,
            "type": "FEATURE",
            "note": ""
        },
        "_r_21_36_37_38_39_42": {
            "name": "_r_21_36_37_38_39_42",
            "optional": true,
            "type": "FEATURE",
            "note": ""
        },
        "_r_21_36_37_43": {
            "name": "_r_21_36_37_43",
            "optional": false,
            "type": "XOR",
            "note": ""
        },
        "_r_21_36_37_43_45_46": {
            "name": "_r_21_36_37_43_45_46",
            "optional": true,
            "type": "FEATURE",
            "note": ""
        },
        "_r_21_36_37_43_45_47": {
            "name": "_r_21_36_37_43_45_47",
            "optional": true,
            "type": "FEATURE",
            "note": ""
        },
        "_r_21_36_37_43_45_48": {
            "name": "_r_21_36_37_43_45_48",
            "optional": true,
            "type": "FEATURE",
            "note": ""
        },
        "_r_21_36_37_44": {
            "name": "_r_21_36_37_44",
            "optional": false,
            "type": "XOR",
            "note": ""
        },
        "_r_21_36_37_44_49_50": {
            "name": "_r_21_36_37_44_49_50",
            "optional": true,
            "type": "FEATURE",
            "note": ""
        },
        "_r_21_36_37_44_49_51": {
            "name": "_r_21_36_37_44_49_51",
            "optional": true,
            "type": "FEATURE",
            "note": ""
        },
        "_r_21_36_37_44_49_52": {
            "name": "_r_21_36_37_44_49_52",
            "optional": true,
            "type": "FEATURE",
            "note": ""
        },
        "_r_21_36_53": {
            "name": "_r_21_36_53",
            "optional": true,
            "type": "FEATURE",
            "note": ""
        },
        "_r_21_36_53_55": {
            "name": "_r_21_36_53_55",
            "optional": false,
            "type": "XOR",
            "note": ""
        },
        "_r_21_36_53_55_57_58": {
            "name": "_r_21_36_53_55_57_58",
            "optional": true,
            "type": "FEATURE",
            "note": ""
        },
        "_r_21_36_53_55_57_59": {
            "name": "_r_21_36_53_55_57_59",
            "optional": true,
            "type": "FEATURE",
            "note": ""
        },
        "_r_21_36_53_55_57_60": {
            "name": "_r_21_36_53_55_57_60",
            "optional": true,
            "type": "FEATURE",
            "note": ""
        },
        "_r_21_36_53_56": {
            "name": "_r_21_36_53_56",
            "optional": false,
            "type": "XOR",
            "note": ""
        },
        "_r_21_36_53_56_61_62": {
            "name": "_r_21_36_53_56_61_62",
            "optional": true,
            "type": "FEATURE",
            "note": ""
        },
        "_r_21_36_53_56_61_63": {
            "name": "_r_21_36_53_56_61_63",
            "optional": true,
            "type": "FEATURE",
            "note": ""
        },
        "_r_21_36_53_56_61_64": {
            "name": "_r_21_36_53_56_61_64",
            "optional": true,
            "type": "FEATURE",
            "note": ""
        },
        "_r_21_36_54": {
            "name": "_r_21_36_54",
            "optional": true,
            "type": "XOR",
            "note": ""
        },
        "_r_21_36_54_66_67": {
            "name": "_r_21_36_54_66_67",
            "optional": true,
            "type": "FEATURE",
            "note": ""
        },
        "_r_21_36_54_66_68": {
            "name": "_r_21_36_54_66_68",
            "optional": true,
            "type": "FEATURE",
            "note": ""
        },
        "_r_21_36_54_66_71": {
            "name": "_r_21_36_54_66_71",
            "optional": true,
            "type": "FEATURE",
            "note": ""
        },
        "_r_22": {
            "name": "_r_22",
            "optional": false,
            "type": "XOR",
            "note": ""
        },
        "_r_22_72_73": {
            "name": "_r_22_72_73",
            "optional": true,
            "type": "FEATURE",
            "note": ""
        },
        "_r_22_72_74": {
            "name": "_r_22_72_74",
            "optional": true,
            "type": "FEATURE",
            "note": ""
        },
        "_r_87": {
            "name": "_r_87",
            "optional": false,
            "type": "FEATURE",
            "note": ""
        },
        "_r_87_88": {
            "name": "_r_87_88",
            "optional": false,
            "type": "XOR",
            "note": ""
        },
        "_r_87_88_90_91": {
            "name": "_r_87_88_90_91",
            "optional": true,
            "type": "FEATURE",
            "note": ""
        },
        "_r_87_88_90_92": {
            "name": "_r_87_88_90_92",
            "optional": true,
            "type": "FEATURE",
            "note": ""
        },
        "_r_87_89": {
            "name": "_r_87_89",
            "optional": false,
            "type": "XOR",
            "note": ""
        },
        "_r_87_89_93_94": {
            "name": "_r_87_89_93_94",
            "optional": true,
            "type": "FEATURE",
            "note": ""
        },
        "_r_87_89_93_95": {
            "name": "_r_87_89_93_95",
            "optional": true,
            "type": "FEATURE",
            "note": ""
        }
    },
    "tree": {
        "id": "_r",
        "children": [
            {
                "id": "_r_10",
                "children": [
                    {
                        "id": "_r_10_12_13",
                        "children": [
                            {
                                "id": "_r_10_12_13_24"
                            },
                            {
                                "id": "_r_10_12_13_25"
                            },
                            {
                                "id": "_r_10_12_13_26"
                            }
                        ]
                    },
                    {
                        "id": "_r_10_12_14",
                        "children": [
                            {
                                "id": "_r_10_12_14_27"
                            },
                            {
                                "id": "_r_10_12_14_28"
                            }
                        ]
                    },
                    {
                        "id": "_r_10_12_15",
                        "children": [
                            {
                                "id": "_r_10_12_15_29"
                            }
                        ]
                    }
                ]
            },
            {
                "id": "_r_19",
                "children": [
                    {
                        "id": "_r_19_32_33",
                        "children": [
                            {
                                "id": "_r_19_32_33_35"
                            }
                        ]
                    },
                    {
                        "id": "_r_19_32_34",
                        "children": [
                            {
                                "id": "_r_19_32_34_76_77"
                            },
                            {
                                "id": "_r_19_32_34_76_78"
                            }
                        ]
                    }
                ]
            },
            {
                "id": "_r_21",
                "children": [
                    {
                        "id": "_r_21_36_37",
                        "children": [
                            {
                                "id": "_r_21_36_37_38",
                                "children": [
                                    {
                                        "id": "_r_21_36_37_38_39_40"
                                    },
                                    {
                                        "id": "_r_21_36_37_38_39_41"
                                    },
                                    {
                                        "id": "_r_21_36_37_38_39_42"
                                    }
                                ]
                            },
                            {
                                "id": "_r_21_36_37_43",
                                "children": [
                                    {
                                        "id": "_r_21_36_37_43_45_46"
                                    },
                                    {
                                        "id": "_r_21_36_37_43_45_47"
                                    },
                                    {
                                        "id": "_r_21_36_37_43_45_48"
                                    }
                                ]
                            },
                            {
                                "id": "_r_21_36_37_44",
                                "children": [
                                    {
                                        "id": "_r_21_36_37_44_49_50"
                                    },
                                    {
                                        "id": "_r_21_36_37_44_49_51"
                                    },
                                    {
                                        "id": "_r_21_36_37_44_49_52"
                                    }
                                ]
                            }
                        ]
                    },
                    {
                        "id": "_r_21_36_53",
                        "children": [
                            {
                                "id": "_r_21_36_53_55",
                                "children": [
                                    {
                                        "id": "_r_21_36_53_55_57_58"
                                    },
                                    {
                                        "id": "_r_21_36_53_55_57_59"
                                    },
                                    {
                                        "id": "_r_21_36_53_55_57_60"
                                    }
                                ]
                            },
                            {
                                "id": "_r_21_36_53_56",
                                "children": [
                                    {
                                        "id": "_r_21_36_53_56_61_62"
                                    },
                                    {
                                        "id": "_r_21_36_53_56_61_63"
                                    },
                                    {
                                        "id": "_r_21_36_53_56_61_64"
                                    }
                                ]
                            }
                        ]
                    },
                    {
                        "id": "_r_21_36_54",
                        "children": [
                            {
                                "id": "_r_21_36_54_66_67"
                            },
                            {
                                "id": "_r_21_36_54_66_68"
                            },
                            {
                                "id": "_r_21_36_54_66_71"
                            }
                        ]
                    }
                ]
            },
            {
                "id": "_r_22",
                "children": [
                    {
                        "id": "_r_22_72_73"
                    },
                    {
                        "id": "_r_22_72_74"
                    }
                ]
            },
            {
                "id": "_r_87",
                "children": [
                    {
                        "id": "_r_87_88",
                        "children": [
                            {
                                "id": "_r_87_88_90_91"
                            },
                            {
                                "id": "_r_87_88_90_92"
                            }
                        ]
                    },
                    {
                        "id": "_r_87_89",
                        "children": [
                            {
                                "id": "_r_87_89_93_94"
                            },
                            {
                                "id": "_r_87_89_93_95"
                            }
                        ]
                    }
                ]
            }
        ]
    },
    "constraints": {}
}