{
    "id": "FM__r",
    "name": "FM__r",
    "features": {
        "_r": {
            "name": "_r",
            "optional": true,
            "type": "FEATURE",
            "note": ""
        },
        "_r_1": {
            "name": "_r_1",
            "optional": true,
            "type": "FEATURE",
            "note": ""
        },
        "_r_1_34": {
            "name": "_r_1_34",
            "optional": true,
            "type": "FEATURE",
            "note": ""
        },
        "_r_1_35": {
            "name": "_r_1_35",
            "optional": true,
            "type": "FEATURE",
            "note": ""
        },
        "_r_1_4": {
            "name": "_r_1_4",
            "optional": true,
            "type": "FEATURE",
            "note": ""
        },
        "_r_2": {
            "name": "_r_2",
            "optional": false,
            "type": "FEATURE",
            "note": ""
        },
        "_r_25": {
            "name": "_r_25",
            "optional": false,
            "type": "FEATURE",
            "note": ""
        },
        "_r_25_27": {
            "name": "_r_25_27",
            "optional": false,
            "type": "FEATURE",
            "note": ""
        },
        "_r_25_27_33": {
            "name": "_r_25_27_33",
            "optional": false,
            "type": "XOR",
            "note": ""
        },
        "_r_25_27_33_34_35": {
            "name": "_r_25_27_33_34_35",
            "optional": true,
            "type": "FEATURE",
            "note": ""
        },
        "_r_25_27_33_34_36": {
            "name": "_r_25_27_33_34_36",
            "optional": true,
            "type": "FEATURE",
            "note": ""
        },
        "_r_25_27_36": {
            "name": "_r_25_27_36",
            "optional": false,
            "type": "XOR",
            "note": ""
        },
        "_r_25_27_36_39_40": {
            "name": "_r_25_27_36_39_40",
            "optional": true,
            "type": "FEATURE",
            "note": ""
        },
        "_r_25_27_36_39_41": {
            "name": "_r_25_27_36_39_41",
            "optional": true,
            "type": "FEATURE",
            "note": ""
        },
        "_r_25_27_37": {
            "name": "_r_25_27_37",
            "optional": true,
            "type": "XOR",
            "note": ""
        },
        "_r_25_27_37_42_43": {
            "name": "_r_25_27_37_42_43",
            "optional": true,
            "type": "FEATURE",
            "note": ""
        },
        "_r_25_27_37_42_44": {
            "name": "_r_25_27_37_42_44",
            "optional": true,
            "type": "FEATURE",
            "note": ""
        },
        "_r_25_28": {
            "name": "_r_25_28",
            "optional": false,
            "type": "XOR",
            "note": ""
        },
        "_r_25_28_30_31": {
            "name": "_r_25_28_30_31",
            "optional": true,
            "type": "FEATURE",
            "note": ""
        },
        "_r_25_28_30_32": {
            "name": "_r_25_28_30_32",
            "optional": true,
            "type": "FEATURE",
            "note": ""
        },
        "_r_25_29": {
            "name": "_r_25_29",
            "optional": false,
            "type": "XOR",
            "note": ""
        },
        "_r_25_29_33_34": {
            "name": "_r_25_29_33_34",
            "optional": true,
            "type": "FEATURE",
            "note": ""
        },
        "_r_25_29_33_35": {
            "name": "_r_25_29_33_35",
            "optional": true,
            "type": "FEATURE",
            "note": ""
        },
        "_r_25_46": {
            "name": "_r_25_46",
            "optional": false,
            "type": "FEATURE",
            "note": ""
        },
        "_r_25_46_48": {
            "name": "_r_25_46_48",
            "optional": true,
            "type": "FEATURE",
            "note": ""
        },
        "_r_2_8": {
            "name": "_r_2_8",
            "optional": false,
            "type": "FEATURE",
            "note": ""
        },
        "_r_2_8_15": {
            "name": "_r_2_8_15",
            "optional": false,
            "type": "FEATURE",
            "note": ""
        },
        "_r_2_8_16": {
            "name": "_r_2_8_16",
            "optional": true,
            "type": "FEATURE",
            "note": ""
        },
        "_r_2_8_17": {
            "name": "_r_2_8_17",
            "optional": true,
            "type": "FEATURE",
            "note": ""
        },
        "_r_2_9": {
            "name": "_r_2_9",
            "optional": false,
            "type": "FEATURE",
            "note": ""
        },
        "_r_2_9_18": {
            "name": "_r_2_9_18",
            "optional": true,
            "type": "FEATURE",
            "note": ""
        },
        "_r_2_9_19": {
            "name": "_r_2_9_19",
            "optional": false,
            "type": "OR",
            "note": ""
        },
        "_r_2_9_19_21_22": {
            "name": "_r_2_9_19_21_22",
            "optional": true,
            "type": "FEATURE",
            "note": ""
        },
        "_r_2_9_19_21_23": {
            "name": "_r_2_9_19_21_23",
            "optional": true,
            "type": "FEATURE",
            "note": ""
        },
        "_r_2_9_19_21_24": {
            "name": "_r_2_9_19_21_24",
            "optional": true,
            "type": "FEATURE",
            "note": ""
        }
    },
    "tree": {
        "id": "_r",
        "children": [
            {
                "id": "_r_1",
                "children": [
                    {
                        "id": "_r_1_34"
                    },
                    {
                        "id": "_r_1_35"
                    },
                    {
                        "id": "_r_1_4"
                    }
                ]
            },
            {
                "id": "_r_2",
                "children": [
                    {
                        "id": "_r_2_8",
                        "children": [
                            {
                                "id": "_r_2_8_15"
                            },
                            {
                                "id": "_r_2_8_16"
                            },
                            {
                                "id": "_r_2_8_17"
                            }
                        ]
                    },
                    {
                        "id": "_r_2_9",
                        "children": [
                            {
                                "id": "_r_2_9_18"
                            },
                            {
                                "id": "_r_2_9_19",
                                "children": [
                                    {
                                        "id": "_r_2_9_19_21_22"
                                    },
                                    {
                                        "id": "_r_2_9_19_21_23"
                                    },
                                    {
                                        "id": "_r_2_9_19_21_24"
                                    }
                                ]
                            }
                        ]
                    }
                ]
            },
            {
                "id": "_r_25",
                "children": [
                    {
                        "id": "_r_25_27",
                        "children": [
                            {
                                "id": "_r_25_27_33",
                                "children": [
                                    {
                                        "id": "_r_25_27_33_34_35"
                                    },
                                    {
                                        "id": "_r_25_27_33_34_36"
                                    }
                                ]
                            },
                            {
                                "id": "_r_25_27_36",
                                "children": [
                                    {
                                        "id": "_r_25_27_36_39_40"
                                    },
                                    {
                                        "id": "_r_25_27_36_39_41"
                                    }
                                ]
                            },
                            {
                                "id": "_r_25_27_37",
                                "children": [
                                    {
                                        "id": "_r_25_27_37_42_43"
                                    },
                                    {
                                        "id": "_r_25_27_37_42_44"
                                    }
                                ]
                            }
                        ]
                    },
                    {
                        "id": "_r_25_28",
                        "children": [
                            {
                                "id": "_r_25_28_30_31"
                            },
                            {
                                "id": "_r_25_28_30_32"
                            }
                        ]
                    },
                    {
                        "id": "_r_25_29",
                        "children": [
                            {
                                "id": "_r_25_29_33_34"
                            },
                            {
                                "id": "_r_25_29_33_35"
                            }
                        ]
                    },
                    {
                        "id": "_r_25_46",
                        "children": [
                            {
                                "id": "_r_25_46_48"
                            }
                        ]
                    }
                ]
            }
        ]
    },
    "constraints": {}
}