{
    "id": "FM__r",
    "name": "FM__r",
    "features": {
        "_r": {
            "name": "_r",
            "optional": true,
            "type": "FEATURE",
            "note": ""
        },
        "_r_4": {
            "name": "_r_4",
            "optional": false,
            "type": "OR",
            "note": ""
        },
        "_r_4_7_10": {
            "name": "_r_4_7_10",
            "optional": true,
            "type": "FEATURE",
            "note": ""
        },
        "_r_4_7_8": {
            "name": "_r_4_7_8",
            "optional": true,
            "type": "FEATURE",
            "note": ""
        },
        "_r_4_7_9": {
            "name": "_r_4_7_9",
            "optional": true,
            "type": "FEATURE",
            "note": ""
        },
        "_r_5": {
            "name": "_r_5",
            "optional": false,
            "type": "XOR",
            "note": ""
        },
        "_r_5_11_12": {
            "name": "_r_5_11_12",
            "optional": true,
            "type": "FEATURE",
            "note": ""
        },
        "_r_5_11_13": {
            "name": "_r_5_11_13",
            "optional": true,
            "type": "FEATURE",
            "note": ""
        },
        "_r_5_11_22": {
            "name": "_r_5_11_22",
            "optional": true,
            "type": "FEATURE",
            "note": ""
        },
        "_r_6": {
            "name": "_r_6",
            "optional": false,
            "type": "FEATURE",
            "note": ""
        },
        "_r_6_15": {
            "name": "_r_6_15",
            "optional": true,
            "type": "FEATURE",
            "note": ""
        },
        "_r_6_15_18": {
            "name": "_r_6_15_18",
            "optional": false,
            "type": "FEATURE",
            "note": ""
        },
        "_r_6_15_19": {
            "name": "_r_6_15_19",
            "optional": false,
            "type": "FEATURE",
            "note": ""
        },
        "_r_6_16": {
            "name": "_r_6_16",
            "optional": true,
            "type": "FEATURE",
            "note": ""
        },
        "_r_6_17": {
            "name": "_r_6_17",
            "optional": true,
            "type": "FEATURE",
            "note": ""
        },
        "_r_6_17_20": {
            "name": "_r_6_17_20",
            "optional": true,
            "type": "FEATURE",
            "note": ""
        },
        "_r_6_17_21": {
            "name": "_r_6_17_21",
            "optional": true,
            "type": "FEATURE",
            "note": ""
        }
    },
    "tree": {
        "id": "_r",
        "children": [
            {
                "id": "_r_4",
                "children": [
                    {
                        "id": "_r_4_7_10"
                    },
                    {
                        "id": "_r_4_7_8"
                    },
                    {
                        "id": "_r_4_7_9"
                    }
                ]
            },
            {
                "id": "_r_5",
                "children": [
                    {
                        "id": "_r_5_11_12"
                    },
                    {
                        "id": "_r_5_11_13"
                    },
                    {
                        "id": "_r_5_11_22"
                    }
                ]
            },
            {
                "id": "_r_6",
                "children": [
                    {
                        "id": "_r_6_15",
                        "children": [
                            {
                                "id": "_r_6_15_18"
                            },
                            {
                                "id": "_r_6_15_19"
                            }
                        ]
                    },
                    {
                        "id": "_r_6_16"
                    },
                    {
                        "id": "_r_6_17",
                        "children": [
                            {
                                "id": "_r_6_17_20"
                            },
                            {
                                "id": "_r_6_17_21"
                            }
                        ]
                    }
                ]
            }
        ]
    },
    "constraints": {}
}