{
    "id": "FM__r",
    "name": "FM__r",
    "features": {
        "_r": {
            "name": "_r",
            "optional": true,
            "type": "FEATURE",
            "note": ""
        },
        "_r_1": {
            "name": "_r_1",
            "optional": false,
            "type": "OR",
            "note": ""
        },
        "_r_1_19": {
            "name": "_r_1_19",
            "optional": true,
            "type": "XOR",
            "note": ""
        },
        "_r_1_19_40_41": {
            "name": "_r_1_19_40_41",
            "optional": true,
            "type": "FEATURE",
            "note": ""
        },
        "_r_1_19_40_42": {
            "name": "_r_1_19_40_42",
            "optional": true,
            "type": "OR",
            "note": ""
        },
        "_r_1_19_40_42_43_44": {
            "name": "_r_1_19_40_42_43_44",
            "optional": true,
            "type": "FEATURE",
            "note": ""
        },
        "_r_1_19_40_42_43_45": {
            "name": "_r_1_19_40_42_43_45",
            "optional": true,
            "type": "FEATURE",
            "note": ""
        },
        "_r_1_19_40_42_43_46": {
            "name": "_r_1_19_40_42_43_46",
            "optional": true,
            "type": "FEATURE",
            "note": ""
        },
        "_r_1_6_10": {
            "name": "_r_1_6_10",
            "optional": true,
            "type": "FEATURE",
            "note": ""
        },
        "_r_1_6_7": {
            "name": "_r_1_6_7",
            "optional": true,
            "type": "FEATURE",
            "note": ""
        },
        "_r_1_6_9": {
            "name": "_r_1_6_9",
            "optional": true,
            "type": "FEATURE",
            "note": ""
        },
        "_r_2": {
            "name": "_r_2",
            "optional": false,
            "type": "OR",
            "note": ""
        },
        "_r_2_11_12": {
            "name": "_r_2_11_12",
            "optional": true,
            "type": "OR",
            "note": ""
        },
        "_r_2_11_12_23_26": {
            "name": "_r_2_11_12_23_26",
            "optional": true,
            "type": "FEATURE",
            "note": ""
        },
        "_r_2_11_12_23_27": {
            "name": "_r_2_11_12_23_27",
            "optional": true,
            "type": "FEATURE",
            "note": ""
        },
        "_r_2_11_12_23_28": {
            "name": "_r_2_11_12_23_28",
            "optional": true,
            "type": "FEATURE",
            "note": ""
        },
        "_r_2_11_12_23_29": {
            "name": "_r_2_11_12_23_29",
            "optional": true,
            "type": "FEATURE",
            "note": ""
        },
        "_r_2_11_12_23_30": {
            "name": "_r_2_11_12_23_30",
            "optional": true,
            "type": "FEATURE",
            "note": ""
        },
        "_r_2_11_15": {
            "name": "_r_2_11_15",
            "optional": true,
            "type": "FEATURE",
            "note": ""
        },
        "_r_5": {
            "name": "_r_5",
            "optional": false,
            "type": "FEATURE",
            "note": ""
        },
        "_r_5_16": {
            "name": "_r_5_16",
            "optional": false,
            "type": "FEATURE",
            "note": ""
        },
        "_r_5_18": {
            "name": "_r_5_18",
            "optional": true,
            "type": "FEATURE",
            "note": ""
        },
        "_r_5_20": {
            "name": "_r_5_20",
            "optional": false,
            "type": "FEATURE",
            "note": ""
        },
        "_r_5_31": {
            "name": "_r_5_31",
            "optional": true,
            "type": "XOR",
            "note": ""
        },
        "_r_5_31_32_33": {
            "name": "_r_5_31_32_33",
            "optional": true,
            "type": "FEATURE",
            "note": ""
        },
        "_r_5_31_32_34": {
            "name": "_r_5_31_32_34",
            "optional": true,
            "type": "FEATURE",
            "note": ""
        },
        "_r_5_31_32_35": {
            "name": "_r_5_31_32_35",
            "optional": true,
            "type": "FEATURE",
            "note": ""
        }
    },
    "tree": {
        "id": "_r",
        "children": [
            {
                "id": "_r_1",
                "children": [
                    {
                        "id": "_r_1_19",
                        "children": [
                            {
                                "id": "_r_1_19_40_41"
                            },
                            {
                                "id": "_r_1_19_40_42",
                                "children": [
                                    {
                                        "id": "_r_1_19_40_42_43_44"
                                    },
                                    {
                                        "id": "_r_1_19_40_42_43_45"
                                    },
                                    {
                                        "id": "_r_1_19_40_42_43_46"
                                    }
                                ]
                            }
                        ]
                    },
                    {
                        "id": "_r_1_6_10"
                    },
                    {
                        "id": "_r_1_6_7"
                    },
                    {
                        "id": "_r_1_6_9"
                    }
                ]
            },
            {
                "id": "_r_2",
                "children": [
                    {
                        "id": "_r_2_11_12",
                        "children": [
                            {
                                "id": "_r_2_11_12_23_26"
                            },
                            {
                                "id": "_r_2_11_12_23_27"
                            },
                            {
                                "id": "_r_2_11_12_23_28"
                            },
                            {
                                "id": "_r_2_11_12_23_29"
                            },
                            {
                                "id": "_r_2_11_12_23_30"
                            }
                        ]
                    },
                    {
                        "id": "_r_2_11_15"
                    }
                ]
            },
            {
                "id": "_r_5",
                "children": [
                    {
                        "id": "_r_5_16"
                    },
                    {
                        "id": "_r_5_18"
                    },
                    {
                        "id": "_r_5_20"
                    },
                    {
                        "id": "_r_5_31",
                        "children": [
                            {
                                "id": "_r_5_31_32_33"
                            },
                            {
                                "id": "_r_5_31_32_34"
                            },
                            {
                                "id": "_r_5_31_32_35"
                            }
                        ]
                    }
                ]
            }
        ]
    },
    "constraints": {}
}