{
    "id": "FM__r",
    "name": "FM__r",
    "features": {
        "_r": {
            "name": "_r",
            "optional": true,
            "type": "FEATURE",
            "note": ""
        },
        "_r_1": {
            "name": "_r_1",
            "optional": false,
            "type": "FEATURE",
            "note": ""
        },
        "_r_19": {
            "name": "_r_19",
            "optional": false,
            "type": "FEATURE",
            "note": ""
        },
        "_r_19_48": {
            "name": "_r_19_48",
            "optional": false,
            "type": "FEATURE",
            "note": ""
        },
        "_r_1_11": {
            "name": "_r_1_11",
            "optional": false,
            "type": "OR",
            "note": ""
        },
        "_r_1_11_14_15": {
            "name": "_r_1_11_14_15",
            "optional": true,
            "type": "FEATURE",
            "note": ""
        },
        "_r_1_11_14_16": {
            "name": "_r_1_11_14_16",
            "optional": true,
            "type": "FEATURE",
            "note": ""
        },
        "_r_1_11_14_17": {
            "name": "_r_1_11_14_17",
            "optional": true,
            "type": "FEATURE",
            "note": ""
        },
        "_r_1_12": {
            "name": "_r_1_12",
            "optional": true,
            "type": "FEATURE",
            "note": ""
        },
        "_r_1_49": {
            "name": "_r_1_49",
            "optional": true,
            "type": "FEATURE",
            "note": ""
        },
        "_r_2": {
            "name": "_r_2",
            "optional": true,
            "type": "FEATURE",
            "note": ""
        },
        "_r_25": {
            "name": "_r_25",
            "optional": true,
            "type": "FEATURE",
            "note": ""
        },
        "_r_2_23": {
            "name": "_r_2_23",
            "optional": true,
            "type": "FEATURE",
            "note": ""
        },
        "_r_2_24": {
            "name": "_r_2_24",
            "optional": false,
            "type": "FEATURE",
            "note": ""
        },
        "_r_2_34": {
            "name": "_r_2_34",
            "optional": true,
            "type": "FEATURE",
            "note": ""
        },
        "_r_3": {
            "name": "_r_3",
            "optional": true,
            "type": "FEATURE",
            "note": ""
        },
        "_r_36": {
            "name": "_r_36",
            "optional": true,
            "type": "FEATURE",
            "note": ""
        },
        "_r_37": {
            "name": "_r_37",
            "optional": false,
            "type": "FEATURE",
            "note": ""
        },
        "_r_37_38": {
            "name": "_r_37_38",
            "optional": true,
            "type": "FEATURE",
            "note": ""
        },
        "_r_37_39": {
            "name": "_r_37_39",
            "optional": false,
            "type": "OR",
            "note": ""
        },
        "_r_37_39_40_41": {
            "name": "_r_37_39_40_41",
            "optional": true,
            "type": "FEATURE",
            "note": ""
        },
        "_r_37_39_40_42": {
            "name": "_r_37_39_40_42",
            "optional": true,
            "type": "FEATURE",
            "note": ""
        },
        "_r_37_39_43": {
            "name": "_r_37_39_43",
            "optional": true,
            "type": "FEATURE",
            "note": ""
        },
        "_r_37_39_45": {
            "name": "_r_37_39_45",
            "optional": true,
            "type": "FEATURE",
            "note": ""
        },
        "_r_37_39_46": {
            "name": "_r_37_39_46",
            "optional": true,
            "type": "FEATURE",
            "note": ""
        },
        "_r_4": {
            "name": "_r_4",
            "optional": true,
            "type": "FEATURE",
            "note": ""
        },
        "_r_47": {
            "name": "_r_47",
            "optional": false,
            "type": "FEATURE",
            "note": ""
        }
    },
    "tree": {
        "id": "_r",
        "children": [
            {
                "id": "_r_1",
                "children": [
                    {
                        "id": "_r_1_11",
                        "children": [
                            {
                                "id": "_r_1_11_14_15"
                            },
                            {
                                "id": "_r_1_11_14_16"
                            },
                            {
                                "id": "_r_1_11_14_17"
                            }
                        ]
                    },
                    {
                        "id": "_r_1_12"
                    },
                    {
                        "id": "_r_1_49"
                    }
                ]
            },
            {
                "id": "_r_19",
                "children": [
                    {
                        "id": "_r_19_48"
                    }
                ]
            },
            {
                "id": "_r_2",
                "children": [
                    {
                        "id": "_r_2_23"
                    },
                    {
                        "id": "_r_2_24"
                    },
                    {
                        "id": "_r_2_34"
                    }
                ]
            },
            {
                "id": "_r_25"
            },
            {
                "id": "_r_3"
            },
            {
                "id": "_r_36"
            },
            {
                "id": "_r_37",
                "children": [
                    {
                        "id": "_r_37_38"
                    },
                    {
                        "id": "_r_37_39",
                        "children": [
                            {
                                "id": "_r_37_39_40_41"
                            },
                            {
                                "id": "_r_37_39_40_42"
                            },
                            {
                                "id": "_r_37_39_43"
                            },
                            {
                                "id": "_r_37_39_45"
                            },
                            {
                                "id": "_r_37_39_46"
                            }
                        ]
                    }
                ]
            },
            {
                "id": "_r_4"
            },
            {
                "id": "_r_47"
            }
        ]
    },
    "constraints": {}
}