{
    "id": "FM__r",
    "name": "FM__r",
    "features": {
        "_r": {
            "name": "_r",
            "optional": true,
            "type": "XOR",
            "note": ""
        },
        "_r_1": {
            "name": "_r_1",
            "optional": false,
            "type": "XOR",
            "note": ""
        },
        "_r_1_8_10": {
            "name": "_r_1_8_10",
            "optional": true,
            "type": "FEATURE",
            "note": ""
        },
        "_r_1_8_14": {
            "name": "_r_1_8_14",
            "optional": true,
            "type": "FEATURE",
            "note": ""
        },
        "_r_1_8_9": {
            "name": "_r_1_8_9",
            "optional": true,
            "type": "FEATURE",
            "note": ""
        },
        "_r_2": {
            "name": "_r_2",
            "optional": true,
            "type": "FEATURE",
            "note": ""
        },
        "_r_3_12": {
            "name": "_r_3_12",
            "optional": true,
            "type": "FEATURE",
            "note": ""
        },
        "_r_3_13": {
            "name": "_r_3_13",
            "optional": true,
            "type": "FEATURE",
            "note": ""
        },
        "_r_3_4": {
            "name": "_r_3_4",
            "optional": true,
            "type": "FEATURE",
            "note": ""
        },
        "_r_5_11": {
            "name": "_r_5_11",
            "optional": true,
            "type": "FEATURE",
            "note": ""
        },
        "_r_5_6": {
            "name": "_r_5_6",
            "optional": true,
            "type": "FEATURE",
            "note": ""
        },
        "_r_7": {
            "name": "_r_7",
            "optional": true,
            "type": "FEATURE",
            "note": ""
        }
    },
    "tree": {
        "id": "_r",
        "children": [
            {
                "id": "_r_1",
                "children": [
                    {
                        "id": "_r_1_8_10"
                    },
                    {
                        "id": "_r_1_8_14"
                    },
                    {
                        "id": "_r_1_8_9"
                    }
                ]
            },
            {
                "id": "_r_2"
            },
            {
                "id": "_r_3_12"
            },
            {
                "id": "_r_3_13"
            },
            {
                "id": "_r_3_4"
            },
            {
                "id": "_r_5_11"
            },
            {
                "id": "_r_5_6"
            },
            {
                "id": "_r_7"
            }
        ]
    },
    "constraints": {}
}