{
    "id": "FM__r",
    "name": "FM__r",
    "features": {
        "_r": {
            "name": "_r",
            "optional": true,
            "type": "FEATURE",
            "note": ""
        },
        "_r_1": {
            "name": "_r_1",
            "optional": false,
            "type": "FEATURE",
            "note": ""
        },
        "_r_2": {
            "name": "_r_2",
            "optional": false,
            "type": "FEATURE",
            "note": ""
        },
        "_r_3": {
            "name": "_r_3",
            "optional": true,
            "type": "XOR",
            "note": ""
        },
        "_r_3_6_7": {
            "name": "_r_3_6_7",
            "optional": true,
            "type": "FEATURE",
            "note": ""
        },
        "_r_3_6_8": {
            "name": "_r_3_6_8",
            "optional": true,
            "type": "FEATURE",
            "note": ""
        },
        "_r_4": {
            "name": "_r_4",
            "optional": false,
            "type": "XOR",
            "note": ""
        },
        "_r_4_11_12": {
            "name": "_r_4_11_12",
            "optional": true,
            "type": "FEATURE",
            "note": ""
        },
        "_r_4_11_13": {
            "name": "_r_4_11_13",
            "optional": true,
            "type": "FEATURE",
            "note": ""
        },
        "_r_5": {
            "name": "_r_5",
            "optional": false,
            "type": "FEATURE",
            "note": ""
        }
    },
    "tree": {
        "id": "_r",
        "children": [
            {
                "id": "_r_1"
            },
            {
                "id": "_r_2"
            },
            {
                "id": "_r_3",
                "children": [
                    {
                        "id": "_r_3_6_7"
                    },
                    {
                        "id": "_r_3_6_8"
                    }
                ]
            },
            {
                "id": "_r_4",
                "children": [
                    {
                        "id": "_r_4_11_12"
                    },
                    {
                        "id": "_r_4_11_13"
                    }
                ]
            },
            {
                "id": "_r_5"
            }
        ]
    },
    "constraints": {
        "Constraint 0": {
            "type": "ImpliesTerm",
            "operands": [
                {
                    "type": "FeatureTerm",
                    "operands": [
                        "_r"
                    ]
                },
                {
                    "type": "FeatureTerm",
                    "operands": [
                        "_r_1"
                    ]
                }
            ]
        },
        "Constraint 1": {
            "type": "ImpliesTerm",
            "operands": [
                {
                    "type": "FeatureTerm",
                    "operands": [
                        "_r_4"
                    ]
                },
                {
                    "type": "FeatureTerm",
                    "operands": [
                        "_r_4_11_13"
                    ]
                }
            ]
        },
        "Constraint 2": {
            "type": "ImpliesTerm",
            "operands": [
                {
                    "type": "FeatureTerm",
                    "operands": [
                        "_r"
                    ]
                },
                {
                    "type": "FeatureTerm",
                    "operands": [
                        "_r_3"
                    ]
                }
            ]
        },
        "Constraint 3": {
            "type": "ImpliesTerm",
            "operands": [
                {
                    "type": "FeatureTerm",
                    "operands": [
                        "_r"
                    ]
                },
                {
                    "type": "FeatureTerm",
                    "operands": [
                        "_r_5"
                    ]
                }
            ]
        }
    }
}