{
    "id": "FM__r",
    "name": "FM__r",
    "features": {
        "_r": {
            "name": "_r",
            "optional": true,
            "type": "FEATURE",
            "note": ""
        },
        "_r_1": {
            "name": "_r_1",
            "optional": false,
            "type": "FEATURE",
            "note": ""
        },
        "_r_1_2": {
            "name": "_r_1_2",
            "optional": false,
            "type": "FEATURE",
            "note": ""
        },
        "_r_1_2_3": {
            "name": "_r_1_2_3",
            "optional": false,
            "type": "FEATURE",
            "note": ""
        },
        "_r_1_2_3_4": {
            "name": "_r_1_2_3_4",
            "optional": false,
            "type": "FEATURE",
            "note": ""
        },
        "_r_1_2_3_4_10": {
            "name": "_r_1_2_3_4_10",
            "optional": false,
            "type": "XOR",
            "note": ""
        },
        "_r_1_2_3_4_10_13_14": {
            "name": "_r_1_2_3_4_10_13_14",
            "optional": true,
            "type": "FEATURE",
            "note": ""
        },
        "_r_1_2_3_4_10_13_14_20": {
            "name": "_r_1_2_3_4_10_13_14_20",
            "optional": false,
            "type": "FEATURE",
            "note": ""
        },
        "_r_1_2_3_4_10_13_15": {
            "name": "_r_1_2_3_4_10_13_15",
            "optional": true,
            "type": "FEATURE",
            "note": ""
        },
        "_r_1_2_3_4_10_13_15_21": {
            "name": "_r_1_2_3_4_10_13_15_21",
            "optional": false,
            "type": "FEATURE",
            "note": ""
        },
        "_r_1_2_3_4_10_13_16": {
            "name": "_r_1_2_3_4_10_13_16",
            "optional": true,
            "type": "FEATURE",
            "note": ""
        },
        "_r_1_2_3_4_10_13_16_22": {
            "name": "_r_1_2_3_4_10_13_16_22",
            "optional": false,
            "type": "FEATURE",
            "note": ""
        },
        "_r_1_2_3_4_5": {
            "name": "_r_1_2_3_4_5",
            "optional": false,
            "type": "XOR",
            "note": ""
        },
        "_r_1_2_3_4_5_6_7": {
            "name": "_r_1_2_3_4_5_6_7",
            "optional": true,
            "type": "FEATURE",
            "note": ""
        },
        "_r_1_2_3_4_5_6_7_17": {
            "name": "_r_1_2_3_4_5_6_7_17",
            "optional": false,
            "type": "FEATURE",
            "note": ""
        },
        "_r_1_2_3_4_5_6_8": {
            "name": "_r_1_2_3_4_5_6_8",
            "optional": true,
            "type": "FEATURE",
            "note": ""
        },
        "_r_1_2_3_4_5_6_8_18": {
            "name": "_r_1_2_3_4_5_6_8_18",
            "optional": false,
            "type": "FEATURE",
            "note": ""
        },
        "_r_1_2_3_4_5_6_9": {
            "name": "_r_1_2_3_4_5_6_9",
            "optional": true,
            "type": "FEATURE",
            "note": ""
        },
        "_r_1_2_3_4_5_6_9_19": {
            "name": "_r_1_2_3_4_5_6_9_19",
            "optional": false,
            "type": "FEATURE",
            "note": ""
        },
        "_r_23": {
            "name": "_r_23",
            "optional": false,
            "type": "FEATURE",
            "note": ""
        },
        "_r_23_24": {
            "name": "_r_23_24",
            "optional": false,
            "type": "FEATURE",
            "note": ""
        },
        "_r_23_24_25": {
            "name": "_r_23_24_25",
            "optional": false,
            "type": "FEATURE",
            "note": ""
        }
    },
    "tree": {
        "id": "_r",
        "children": [
            {
                "id": "_r_1",
                "children": [
                    {
                        "id": "_r_1_2",
                        "children": [
                            {
                                "id": "_r_1_2_3",
                                "children": [
                                    {
                                        "id": "_r_1_2_3_4",
                                        "children": [
                                            {
                                                "id": "_r_1_2_3_4_10",
                                                "children": [
                                                    {
                                                        "id": "_r_1_2_3_4_10_13_14",
                                                        "children": [
                                                            {
                                                                "id": "_r_1_2_3_4_10_13_14_20"
                                                            }
                                                        ]
                                                    },
                                                    {
                                                        "id": "_r_1_2_3_4_10_13_15",
                                                        "children": [
                                                            {
                                                                "id": "_r_1_2_3_4_10_13_15_21"
                                                            }
                                                        ]
                                                    },
                                                    {
                                                        "id": "_r_1_2_3_4_10_13_16",
                                                        "children": [
                                                            {
                                                                "id": "_r_1_2_3_4_10_13_16_22"
                                                            }
                                                        ]
                                                    }
                                                ]
                                            },
                                            {
                                                "id": "_r_1_2_3_4_5",
                                                "children": [
                                                    {
                                                        "id": "_r_1_2_3_4_5_6_7",
                                                        "children": [
                                                            {
                                                                "id": "_r_1_2_3_4_5_6_7_17"
                                                            }
                                                        ]
                                                    },
                                                    {
                                                        "id": "_r_1_2_3_4_5_6_8",
                                                        "children": [
                                                            {
                                                                "id": "_r_1_2_3_4_5_6_8_18"
                                                            }
                                                        ]
                                                    },
                                                    {
                                                        "id": "_r_1_2_3_4_5_6_9",
                                                        "children": [
                                                            {
                                                                "id": "_r_1_2_3_4_5_6_9_19"
                                                            }
                                                        ]
                                                    }
                                                ]
                                            }
                                        ]
                                    }
                                ]
                            }
                        ]
                    }
                ]
            },
            {
                "id": "_r_23",
                "children": [
                    {
                        "id": "_r_23_24",
                        "children": [
                            {
                                "id": "_r_23_24_25"
                            }
                        ]
                    }
                ]
            }
        ]
    },
    "constraints": {}
}