{
    "id": "FM__r",
    "name": "FM__r",
    "features": {
        "_r": {
            "name": "_r",
            "optional": true,
            "type": "FEATURE",
            "note": ""
        },
        "_r_1": {
            "name": "_r_1",
            "optional": false,
            "type": "FEATURE",
            "note": ""
        },
        "_r_11": {
            "name": "_r_11",
            "optional": true,
            "type": "FEATURE",
            "note": ""
        },
        "_r_14": {
            "name": "_r_14",
            "optional": true,
            "type": "FEATURE",
            "note": ""
        },
        "_r_15": {
            "name": "_r_15",
            "optional": false,
            "type": "FEATURE",
            "note": ""
        },
        "_r_2": {
            "name": "_r_2",
            "optional": false,
            "type": "FEATURE",
            "note": ""
        },
        "_r_24": {
            "name": "_r_24",
            "optional": true,
            "type": "OR",
            "note": ""
        },
        "_r_24_25_26": {
            "name": "_r_24_25_26",
            "optional": true,
            "type": "FEATURE",
            "note": ""
        },
        "_r_24_25_27": {
            "name": "_r_24_25_27",
            "optional": true,
            "type": "FEATURE",
            "note": ""
        },
        "_r_24_25_28": {
            "name": "_r_24_25_28",
            "optional": true,
            "type": "FEATURE",
            "note": ""
        },
        "_r_35": {
            "name": "_r_35",
            "optional": true,
            "type": "OR",
            "note": ""
        },
        "_r_35_37_38": {
            "name": "_r_35_37_38",
            "optional": true,
            "type": "FEATURE",
            "note": ""
        },
        "_r_35_37_39": {
            "name": "_r_35_37_39",
            "optional": true,
            "type": "FEATURE",
            "note": ""
        },
        "_r_35_37_40": {
            "name": "_r_35_37_40",
            "optional": true,
            "type": "FEATURE",
            "note": ""
        },
        "_r_41": {
            "name": "_r_41",
            "optional": true,
            "type": "OR",
            "note": ""
        },
        "_r_41_44_45": {
            "name": "_r_41_44_45",
            "optional": true,
            "type": "FEATURE",
            "note": ""
        },
        "_r_41_44_46": {
            "name": "_r_41_44_46",
            "optional": true,
            "type": "FEATURE",
            "note": ""
        },
        "_r_47": {
            "name": "_r_47",
            "optional": true,
            "type": "OR",
            "note": ""
        },
        "_r_47_50_51": {
            "name": "_r_47_50_51",
            "optional": true,
            "type": "FEATURE",
            "note": ""
        },
        "_r_47_50_52": {
            "name": "_r_47_50_52",
            "optional": true,
            "type": "FEATURE",
            "note": ""
        },
        "_r_5": {
            "name": "_r_5",
            "optional": false,
            "type": "FEATURE",
            "note": ""
        },
        "_r_54": {
            "name": "_r_54",
            "optional": true,
            "type": "FEATURE",
            "note": ""
        },
        "_r_55": {
            "name": "_r_55",
            "optional": false,
            "type": "FEATURE",
            "note": ""
        },
        "_r_55_58": {
            "name": "_r_55_58",
            "optional": false,
            "type": "FEATURE",
            "note": ""
        }
    },
    "tree": {
        "id": "_r",
        "children": [
            {
                "id": "_r_1"
            },
            {
                "id": "_r_11"
            },
            {
                "id": "_r_14"
            },
            {
                "id": "_r_15"
            },
            {
                "id": "_r_2"
            },
            {
                "id": "_r_24",
                "children": [
                    {
                        "id": "_r_24_25_26"
                    },
                    {
                        "id": "_r_24_25_27"
                    },
                    {
                        "id": "_r_24_25_28"
                    }
                ]
            },
            {
                "id": "_r_35",
                "children": [
                    {
                        "id": "_r_35_37_38"
                    },
                    {
                        "id": "_r_35_37_39"
                    },
                    {
                        "id": "_r_35_37_40"
                    }
                ]
            },
            {
                "id": "_r_41",
                "children": [
                    {
                        "id": "_r_41_44_45"
                    },
                    {
                        "id": "_r_41_44_46"
                    }
                ]
            },
            {
                "id": "_r_47",
                "children": [
                    {
                        "id": "_r_47_50_51"
                    },
                    {
                        "id": "_r_47_50_52"
                    }
                ]
            },
            {
                "id": "_r_5"
            },
            {
                "id": "_r_54"
            },
            {
                "id": "_r_55",
                "children": [
                    {
                        "id": "_r_55_58"
                    }
                ]
            }
        ]
    },
    "constraints": {}
}