{
    "id": "FM__r",
    "name": "FM__r",
    "features": {
        "_r": {
            "name": "_r",
            "optional": true,
            "type": "FEATURE",
            "note": ""
        },
        "_r_1": {
            "name": "_r_1",
            "optional": false,
            "type": "XOR",
            "note": ""
        },
        "_r_14": {
            "name": "_r_14",
            "optional": false,
            "type": "XOR",
            "note": ""
        },
        "_r_14_15_16": {
            "name": "_r_14_15_16",
            "optional": true,
            "type": "FEATURE",
            "note": ""
        },
        "_r_14_15_17": {
            "name": "_r_14_15_17",
            "optional": true,
            "type": "FEATURE",
            "note": ""
        },
        "_r_14_15_18": {
            "name": "_r_14_15_18",
            "optional": true,
            "type": "FEATURE",
            "note": ""
        },
        "_r_14_15_19": {
            "name": "_r_14_15_19",
            "optional": true,
            "type": "FEATURE",
            "note": ""
        },
        "_r_14_15_20": {
            "name": "_r_14_15_20",
            "optional": true,
            "type": "FEATURE",
            "note": ""
        },
        "_r_1_3_4": {
            "name": "_r_1_3_4",
            "optional": true,
            "type": "FEATURE",
            "note": ""
        },
        "_r_1_3_5": {
            "name": "_r_1_3_5",
            "optional": true,
            "type": "FEATURE",
            "note": ""
        },
        "_r_1_3_6": {
            "name": "_r_1_3_6",
            "optional": true,
            "type": "FEATURE",
            "note": ""
        },
        "_r_21": {
            "name": "_r_21",
            "optional": false,
            "type": "FEATURE",
            "note": ""
        },
        "_r_21_22": {
            "name": "_r_21_22",
            "optional": false,
            "type": "XOR",
            "note": ""
        },
        "_r_21_22_26_27": {
            "name": "_r_21_22_26_27",
            "optional": true,
            "type": "FEATURE",
            "note": ""
        },
        "_r_21_22_26_28": {
            "name": "_r_21_22_26_28",
            "optional": true,
            "type": "FEATURE",
            "note": ""
        },
        "_r_21_22_26_29": {
            "name": "_r_21_22_26_29",
            "optional": true,
            "type": "FEATURE",
            "note": ""
        },
        "_r_21_22_26_30": {
            "name": "_r_21_22_26_30",
            "optional": true,
            "type": "FEATURE",
            "note": ""
        },
        "_r_21_22_26_31": {
            "name": "_r_21_22_26_31",
            "optional": true,
            "type": "FEATURE",
            "note": ""
        },
        "_r_21_23": {
            "name": "_r_21_23",
            "optional": false,
            "type": "XOR",
            "note": ""
        },
        "_r_21_23_38_39": {
            "name": "_r_21_23_38_39",
            "optional": true,
            "type": "FEATURE",
            "note": ""
        },
        "_r_21_23_38_40": {
            "name": "_r_21_23_38_40",
            "optional": true,
            "type": "FEATURE",
            "note": ""
        },
        "_r_21_24": {
            "name": "_r_21_24",
            "optional": false,
            "type": "XOR",
            "note": ""
        },
        "_r_21_24_32_33": {
            "name": "_r_21_24_32_33",
            "optional": true,
            "type": "FEATURE",
            "note": ""
        },
        "_r_21_24_32_34": {
            "name": "_r_21_24_32_34",
            "optional": true,
            "type": "FEATURE",
            "note": ""
        },
        "_r_21_24_32_35": {
            "name": "_r_21_24_32_35",
            "optional": true,
            "type": "FEATURE",
            "note": ""
        },
        "_r_21_24_32_36": {
            "name": "_r_21_24_32_36",
            "optional": true,
            "type": "FEATURE",
            "note": ""
        },
        "_r_21_24_32_37": {
            "name": "_r_21_24_32_37",
            "optional": true,
            "type": "FEATURE",
            "note": ""
        },
        "_r_21_25": {
            "name": "_r_21_25",
            "optional": true,
            "type": "XOR",
            "note": ""
        },
        "_r_21_25_41_42": {
            "name": "_r_21_25_41_42",
            "optional": true,
            "type": "FEATURE",
            "note": ""
        },
        "_r_21_25_41_43": {
            "name": "_r_21_25_41_43",
            "optional": true,
            "type": "FEATURE",
            "note": ""
        },
        "_r_44": {
            "name": "_r_44",
            "optional": true,
            "type": "FEATURE",
            "note": ""
        },
        "_r_44_48": {
            "name": "_r_44_48",
            "optional": false,
            "type": "XOR",
            "note": ""
        },
        "_r_44_48_53_54": {
            "name": "_r_44_48_53_54",
            "optional": true,
            "type": "FEATURE",
            "note": ""
        },
        "_r_44_48_53_55": {
            "name": "_r_44_48_53_55",
            "optional": true,
            "type": "FEATURE",
            "note": ""
        },
        "_r_44_48_53_56": {
            "name": "_r_44_48_53_56",
            "optional": true,
            "type": "FEATURE",
            "note": ""
        },
        "_r_44_49": {
            "name": "_r_44_49",
            "optional": false,
            "type": "OR",
            "note": ""
        },
        "_r_44_49_50_51": {
            "name": "_r_44_49_50_51",
            "optional": true,
            "type": "FEATURE",
            "note": ""
        },
        "_r_44_49_50_52": {
            "name": "_r_44_49_50_52",
            "optional": true,
            "type": "FEATURE",
            "note": ""
        },
        "_r_45": {
            "name": "_r_45",
            "optional": true,
            "type": "FEATURE",
            "note": ""
        },
        "_r_7": {
            "name": "_r_7",
            "optional": false,
            "type": "XOR",
            "note": ""
        },
        "_r_7_8_10": {
            "name": "_r_7_8_10",
            "optional": true,
            "type": "FEATURE",
            "note": ""
        },
        "_r_7_8_11": {
            "name": "_r_7_8_11",
            "optional": true,
            "type": "FEATURE",
            "note": ""
        },
        "_r_7_8_12": {
            "name": "_r_7_8_12",
            "optional": true,
            "type": "FEATURE",
            "note": ""
        },
        "_r_7_8_13": {
            "name": "_r_7_8_13",
            "optional": true,
            "type": "FEATURE",
            "note": ""
        },
        "_r_7_8_9": {
            "name": "_r_7_8_9",
            "optional": true,
            "type": "FEATURE",
            "note": ""
        }
    },
    "tree": {
        "id": "_r",
        "children": [
            {
                "id": "_r_1",
                "children": [
                    {
                        "id": "_r_1_3_4"
                    },
                    {
                        "id": "_r_1_3_5"
                    },
                    {
                        "id": "_r_1_3_6"
                    }
                ]
            },
            {
                "id": "_r_14",
                "children": [
                    {
                        "id": "_r_14_15_16"
                    },
                    {
                        "id": "_r_14_15_17"
                    },
                    {
                        "id": "_r_14_15_18"
                    },
                    {
                        "id": "_r_14_15_19"
                    },
                    {
                        "id": "_r_14_15_20"
                    }
                ]
            },
            {
                "id": "_r_21",
                "children": [
                    {
                        "id": "_r_21_22",
                        "children": [
                            {
                                "id": "_r_21_22_26_27"
                            },
                            {
                                "id": "_r_21_22_26_28"
                            },
                            {
                                "id": "_r_21_22_26_29"
                            },
                            {
                                "id": "_r_21_22_26_30"
                            },
                            {
                                "id": "_r_21_22_26_31"
                            }
                        ]
                    },
                    {
                        "id": "_r_21_23",
                        "children": [
                            {
                                "id": "_r_21_23_38_39"
                            },
                            {
                                "id": "_r_21_23_38_40"
                            }
                        ]
                    },
                    {
                        "id": "_r_21_24",
                        "children": [
                            {
                                "id": "_r_21_24_32_33"
                            },
                            {
                                "id": "_r_21_24_32_34"
                            },
                            {
                                "id": "_r_21_24_32_35"
                            },
                            {
                                "id": "_r_21_24_32_36"
                            },
                            {
                                "id": "_r_21_24_32_37"
                            }
                        ]
                    },
                    {
                        "id": "_r_21_25",
                        "children": [
                            {
                                "id": "_r_21_25_41_42"
                            },
                            {
                                "id": "_r_21_25_41_43"
                            }
                        ]
                    }
                ]
            },
            {
                "id": "_r_44",
                "children": [
                    {
                        "id": "_r_44_48",
                        "children": [
                            {
                                "id": "_r_44_48_53_54"
                            },
                            {
                                "id": "_r_44_48_53_55"
                            },
                            {
                                "id": "_r_44_48_53_56"
                            }
                        ]
                    },
                    {
                        "id": "_r_44_49",
                        "children": [
                            {
                                "id": "_r_44_49_50_51"
                            },
                            {
                                "id": "_r_44_49_50_52"
                            }
                        ]
                    }
                ]
            },
            {
                "id": "_r_45"
            },
            {
                "id": "_r_7",
                "children": [
                    {
                        "id": "_r_7_8_10"
                    },
                    {
                        "id": "_r_7_8_11"
                    },
                    {
                        "id": "_r_7_8_12"
                    },
                    {
                        "id": "_r_7_8_13"
                    },
                    {
                        "id": "_r_7_8_9"
                    }
                ]
            }
        ]
    },
    "constraints": {
        "Constraint 0": {
            "type": "ImpliesTerm",
            "operands": [
                {
                    "type": "FeatureTerm",
                    "operands": [
                        "_r_7_8_12"
                    ]
                },
                {
                    "type": "FeatureTerm",
                    "operands": [
                        "_r_14_15_20"
                    ]
                }
            ]
        },
        "Constraint 1": {
            "type": "ImpliesTerm",
            "operands": [
                {
                    "type": "FeatureTerm",
                    "operands": [
                        "_r_1_3_6"
                    ]
                },
                {
                    "type": "FeatureTerm",
                    "operands": [
                        "_r_14_15_20"
                    ]
                }
            ]
        },
        "Constraint 2": {
            "type": "ImpliesTerm",
            "operands": [
                {
                    "type": "FeatureTerm",
                    "operands": [
                        "_r_1_3_6"
                    ]
                },
                {
                    "type": "FeatureTerm",
                    "operands": [
                        "_r_21_22_26_31"
                    ]
                }
            ]
        },
        "Constraint 3": {
            "type": "ImpliesTerm",
            "operands": [
                {
                    "type": "FeatureTerm",
                    "operands": [
                        "_r_1_3_5"
                    ]
                },
                {
                    "type": "NotTerm",
                    "operands": [
                        {
                            "type": "FeatureTerm",
                            "operands": [
                                "_r_44"
                            ]
                        }
                    ]
                }
            ]
        },
        "Constraint 4": {
            "type": "ImpliesTerm",
            "operands": [
                {
                    "type": "FeatureTerm",
                    "operands": [
                        "_r_1_3_6"
                    ]
                },
                {
                    "type": "FeatureTerm",
                    "operands": [
                        "_r_21_24_32_37"
                    ]
                }
            ]
        },
        "Constraint 5": {
            "type": "ImpliesTerm",
            "operands": [
                {
                    "type": "FeatureTerm",
                    "operands": [
                        "_r_1_3_5"
                    ]
                },
                {
                    "type": "NotTerm",
                    "operands": [
                        {
                            "type": "FeatureTerm",
                            "operands": [
                                "_r_7_8_13"
                            ]
                        }
                    ]
                }
            ]
        }
    }
}