{
    "id": "FM__r",
    "name": "FM__r",
    "features": {
        "_r": {
            "name": "_r",
            "optional": true,
            "type": "OR",
            "note": ""
        },
        "_r_17_18": {
            "name": "_r_17_18",
            "optional": true,
            "type": "FEATURE",
            "note": ""
        },
        "_r_17_19": {
            "name": "_r_17_19",
            "optional": true,
            "type": "FEATURE",
            "note": ""
        },
        "_r_22": {
            "name": "_r_22",
            "optional": false,
            "type": "FEATURE",
            "note": ""
        },
        "_r_26": {
            "name": "_r_26",
            "optional": false,
            "type": "FEATURE",
            "note": ""
        },
        "_r_27": {
            "name": "_r_27",
            "optional": true,
            "type": "FEATURE",
            "note": ""
        },
        "_r_27_29": {
            "name": "_r_27_29",
            "optional": true,
            "type": "FEATURE",
            "note": ""
        },
        "_r_2_3": {
            "name": "_r_2_3",
            "optional": true,
            "type": "FEATURE",
            "note": ""
        },
        "_r_2_3_11": {
            "name": "_r_2_3_11",
            "optional": false,
            "type": "FEATURE",
            "note": ""
        },
        "_r_2_3_20": {
            "name": "_r_2_3_20",
            "optional": true,
            "type": "FEATURE",
            "note": ""
        },
        "_r_2_3_6": {
            "name": "_r_2_3_6",
            "optional": false,
            "type": "FEATURE",
            "note": ""
        },
        "_r_2_4": {
            "name": "_r_2_4",
            "optional": true,
            "type": "FEATURE",
            "note": ""
        },
        "_r_2_4_12": {
            "name": "_r_2_4_12",
            "optional": false,
            "type": "FEATURE",
            "note": ""
        },
        "_r_2_4_21": {
            "name": "_r_2_4_21",
            "optional": true,
            "type": "FEATURE",
            "note": ""
        },
        "_r_2_4_23": {
            "name": "_r_2_4_23",
            "optional": false,
            "type": "FEATURE",
            "note": ""
        },
        "_r_2_4_7": {
            "name": "_r_2_4_7",
            "optional": false,
            "type": "FEATURE",
            "note": ""
        },
        "_r_2_5": {
            "name": "_r_2_5",
            "optional": true,
            "type": "OR",
            "note": ""
        },
        "_r_2_5_13": {
            "name": "_r_2_5_13",
            "optional": false,
            "type": "FEATURE",
            "note": ""
        },
        "_r_2_5_24": {
            "name": "_r_2_5_24",
            "optional": false,
            "type": "FEATURE",
            "note": ""
        },
        "_r_2_5_25": {
            "name": "_r_2_5_25",
            "optional": true,
            "type": "FEATURE",
            "note": ""
        },
        "_r_2_5_8_10": {
            "name": "_r_2_5_8_10",
            "optional": true,
            "type": "FEATURE",
            "note": ""
        },
        "_r_2_5_8_9": {
            "name": "_r_2_5_8_9",
            "optional": true,
            "type": "FEATURE",
            "note": ""
        },
        "_r_30": {
            "name": "_r_30",
            "optional": true,
            "type": "FEATURE",
            "note": ""
        },
        "_r_31": {
            "name": "_r_31",
            "optional": true,
            "type": "FEATURE",
            "note": ""
        },
        "_r_32": {
            "name": "_r_32",
            "optional": true,
            "type": "FEATURE",
            "note": ""
        }
    },
    "tree": {
        "id": "_r",
        "children": [
            {
                "id": "_r_17_18"
            },
            {
                "id": "_r_17_19"
            },
            {
                "id": "_r_22"
            },
            {
                "id": "_r_26"
            },
            {
                "id": "_r_27",
                "children": [
                    {
                        "id": "_r_27_29"
                    }
                ]
            },
            {
                "id": "_r_2_3",
                "children": [
                    {
                        "id": "_r_2_3_11"
                    },
                    {
                        "id": "_r_2_3_20"
                    },
                    {
                        "id": "_r_2_3_6"
                    }
                ]
            },
            {
                "id": "_r_2_4",
                "children": [
                    {
                        "id": "_r_2_4_12"
                    },
                    {
                        "id": "_r_2_4_21"
                    },
                    {
                        "id": "_r_2_4_23"
                    },
                    {
                        "id": "_r_2_4_7"
                    }
                ]
            },
            {
                "id": "_r_2_5",
                "children": [
                    {
                        "id": "_r_2_5_13"
                    },
                    {
                        "id": "_r_2_5_24"
                    },
                    {
                        "id": "_r_2_5_25"
                    },
                    {
                        "id": "_r_2_5_8_10"
                    },
                    {
                        "id": "_r_2_5_8_9"
                    }
                ]
            },
            {
                "id": "_r_30"
            },
            {
                "id": "_r_31"
            },
            {
                "id": "_r_32"
            }
        ]
    },
    "constraints": {}
}