{
    "id": "FM__r",
    "name": "FM__r",
    "features": {
        "_r": {
            "name": "_r",
            "optional": true,
            "type": "FEATURE",
            "note": ""
        },
        "_r_3": {
            "name": "_r_3",
            "optional": true,
            "type": "XOR",
            "note": ""
        },
        "_r_3_9_10": {
            "name": "_r_3_9_10",
            "optional": true,
            "type": "FEATURE",
            "note": ""
        },
        "_r_3_9_16": {
            "name": "_r_3_9_16",
            "optional": true,
            "type": "FEATURE",
            "note": ""
        },
        "_r_3_9_17": {
            "name": "_r_3_9_17",
            "optional": true,
            "type": "FEATURE",
            "note": ""
        },
        "_r_3_9_18": {
            "name": "_r_3_9_18",
            "optional": true,
            "type": "FEATURE",
            "note": ""
        },
        "_r_3_9_23": {
            "name": "_r_3_9_23",
            "optional": true,
            "type": "FEATURE",
            "note": ""
        },
        "_r_3_9_25": {
            "name": "_r_3_9_25",
            "optional": true,
            "type": "FEATURE",
            "note": ""
        },
        "_r_3_9_27": {
            "name": "_r_3_9_27",
            "optional": true,
            "type": "FEATURE",
            "note": ""
        },
        "_r_4": {
            "name": "_r_4",
            "optional": true,
            "type": "XOR",
            "note": ""
        },
        "_r_4_24_25": {
            "name": "_r_4_24_25",
            "optional": true,
            "type": "FEATURE",
            "note": ""
        },
        "_r_4_24_26": {
            "name": "_r_4_24_26",
            "optional": true,
            "type": "FEATURE",
            "note": ""
        },
        "_r_4_24_27": {
            "name": "_r_4_24_27",
            "optional": true,
            "type": "FEATURE",
            "note": ""
        },
        "_r_4_24_28": {
            "name": "_r_4_24_28",
            "optional": true,
            "type": "FEATURE",
            "note": ""
        },
        "_r_4_24_29": {
            "name": "_r_4_24_29",
            "optional": true,
            "type": "FEATURE",
            "note": ""
        },
        "_r_4_24_30": {
            "name": "_r_4_24_30",
            "optional": true,
            "type": "FEATURE",
            "note": ""
        },
        "_r_6": {
            "name": "_r_6",
            "optional": true,
            "type": "XOR",
            "note": ""
        },
        "_r_6_31_32": {
            "name": "_r_6_31_32",
            "optional": true,
            "type": "FEATURE",
            "note": ""
        },
        "_r_6_31_33": {
            "name": "_r_6_31_33",
            "optional": true,
            "type": "FEATURE",
            "note": ""
        },
        "_r_8": {
            "name": "_r_8",
            "optional": false,
            "type": "OR",
            "note": ""
        },
        "_r_8_44_45": {
            "name": "_r_8_44_45",
            "optional": true,
            "type": "FEATURE",
            "note": ""
        },
        "_r_8_44_46": {
            "name": "_r_8_44_46",
            "optional": true,
            "type": "FEATURE",
            "note": ""
        },
        "_r_8_44_47": {
            "name": "_r_8_44_47",
            "optional": true,
            "type": "FEATURE",
            "note": ""
        }
    },
    "tree": {
        "id": "_r",
        "children": [
            {
                "id": "_r_3",
                "children": [
                    {
                        "id": "_r_3_9_10"
                    },
                    {
                        "id": "_r_3_9_16"
                    },
                    {
                        "id": "_r_3_9_17"
                    },
                    {
                        "id": "_r_3_9_18"
                    },
                    {
                        "id": "_r_3_9_23"
                    },
                    {
                        "id": "_r_3_9_25"
                    },
                    {
                        "id": "_r_3_9_27"
                    }
                ]
            },
            {
                "id": "_r_4",
                "children": [
                    {
                        "id": "_r_4_24_25"
                    },
                    {
                        "id": "_r_4_24_26"
                    },
                    {
                        "id": "_r_4_24_27"
                    },
                    {
                        "id": "_r_4_24_28"
                    },
                    {
                        "id": "_r_4_24_29"
                    },
                    {
                        "id": "_r_4_24_30"
                    }
                ]
            },
            {
                "id": "_r_6",
                "children": [
                    {
                        "id": "_r_6_31_32"
                    },
                    {
                        "id": "_r_6_31_33"
                    }
                ]
            },
            {
                "id": "_r_8",
                "children": [
                    {
                        "id": "_r_8_44_45"
                    },
                    {
                        "id": "_r_8_44_46"
                    },
                    {
                        "id": "_r_8_44_47"
                    }
                ]
            }
        ]
    },
    "constraints": {
        "Constraint 0": {
            "type": "ImpliesTerm",
            "operands": [
                {
                    "type": "FeatureTerm",
                    "operands": [
                        "_r_3"
                    ]
                },
                {
                    "type": "FeatureTerm",
                    "operands": [
                        "_r_4"
                    ]
                }
            ]
        },
        "Constraint 1": {
            "type": "ImpliesTerm",
            "operands": [
                {
                    "type": "FeatureTerm",
                    "operands": [
                        "_r_4"
                    ]
                },
                {
                    "type": "FeatureTerm",
                    "operands": [
                        "_r_6"
                    ]
                }
            ]
        },
        "Constraint 2": {
            "type": "ImpliesTerm",
            "operands": [
                {
                    "type": "FeatureTerm",
                    "operands": [
                        "_r_3"
                    ]
                },
                {
                    "type": "FeatureTerm",
                    "operands": [
                        "_r_6"
                    ]
                }
            ]
        },
        "Constraint 3": {
            "type": "ImpliesTerm",
            "operands": [
                {
                    "type": "FeatureTerm",
                    "operands": [
                        "_r_3"
                    ]
                },
                {
                    "type": "FeatureTerm",
                    "operands": [
                        "_r_4"
                    ]
                }
            ]
        },
        "Constraint 4": {
            "type": "ImpliesTerm",
            "operands": [
                {
                    "type": "FeatureTerm",
                    "operands": [
                        "_r_4"
                    ]
                },
                {
                    "type": "FeatureTerm",
                    "operands": [
                        "_r_6"
                    ]
                }
            ]
        },
        "Constraint 5": {
            "type": "ImpliesTerm",
            "operands": [
                {
                    "type": "FeatureTerm",
                    "operands": [
                        "_r_3"
                    ]
                },
                {
                    "type": "FeatureTerm",
                    "operands": [
                        "_r_6"
                    ]
                }
            ]
        }
    }
}