{
    "id": "FM__r",
    "name": "FM__r",
    "features": {
        "_r": {
            "name": "_r",
            "optional": true,
            "type": "FEATURE",
            "note": ""
        },
        "_r_1": {
            "name": "_r_1",
            "optional": false,
            "type": "XOR",
            "note": ""
        },
        "_r_1_9_10": {
            "name": "_r_1_9_10",
            "optional": true,
            "type": "FEATURE",
            "note": ""
        },
        "_r_1_9_10_16": {
            "name": "_r_1_9_10_16",
            "optional": false,
            "type": "FEATURE",
            "note": ""
        },
        "_r_1_9_11": {
            "name": "_r_1_9_11",
            "optional": true,
            "type": "FEATURE",
            "note": ""
        },
        "_r_1_9_11_12": {
            "name": "_r_1_9_11_12",
            "optional": false,
            "type": "FEATURE",
            "note": ""
        },
        "_r_1_9_11_13": {
            "name": "_r_1_9_11_13",
            "optional": false,
            "type": "FEATURE",
            "note": ""
        },
        "_r_1_9_11_14": {
            "name": "_r_1_9_11_14",
            "optional": false,
            "type": "FEATURE",
            "note": ""
        },
        "_r_1_9_11_15": {
            "name": "_r_1_9_11_15",
            "optional": false,
            "type": "FEATURE",
            "note": ""
        },
        "_r_2": {
            "name": "_r_2",
            "optional": false,
            "type": "FEATURE",
            "note": ""
        },
        "_r_2_20": {
            "name": "_r_2_20",
            "optional": false,
            "type": "FEATURE",
            "note": ""
        },
        "_r_2_21": {
            "name": "_r_2_21",
            "optional": false,
            "type": "FEATURE",
            "note": ""
        },
        "_r_2_22": {
            "name": "_r_2_22",
            "optional": false,
            "type": "FEATURE",
            "note": ""
        },
        "_r_2_23": {
            "name": "_r_2_23",
            "optional": false,
            "type": "FEATURE",
            "note": ""
        },
        "_r_2_23_56": {
            "name": "_r_2_23_56",
            "optional": false,
            "type": "FEATURE",
            "note": ""
        },
        "_r_2_23_57": {
            "name": "_r_2_23_57",
            "optional": true,
            "type": "FEATURE",
            "note": ""
        },
        "_r_3": {
            "name": "_r_3",
            "optional": false,
            "type": "FEATURE",
            "note": ""
        },
        "_r_34": {
            "name": "_r_34",
            "optional": true,
            "type": "XOR",
            "note": ""
        },
        "_r_34_55": {
            "name": "_r_34_55",
            "optional": false,
            "type": "FEATURE",
            "note": ""
        },
        "_r_34_56_57": {
            "name": "_r_34_56_57",
            "optional": true,
            "type": "FEATURE",
            "note": ""
        },
        "_r_34_56_58": {
            "name": "_r_34_56_58",
            "optional": true,
            "type": "FEATURE",
            "note": ""
        },
        "_r_3_25": {
            "name": "_r_3_25",
            "optional": false,
            "type": "FEATURE",
            "note": ""
        },
        "_r_3_26": {
            "name": "_r_3_26",
            "optional": false,
            "type": "FEATURE",
            "note": ""
        },
        "_r_3_27": {
            "name": "_r_3_27",
            "optional": false,
            "type": "FEATURE",
            "note": ""
        },
        "_r_3_28": {
            "name": "_r_3_28",
            "optional": false,
            "type": "FEATURE",
            "note": ""
        },
        "_r_3_28_50": {
            "name": "_r_3_28_50",
            "optional": false,
            "type": "OR",
            "note": ""
        },
        "_r_3_28_50_51_52": {
            "name": "_r_3_28_50_51_52",
            "optional": true,
            "type": "FEATURE",
            "note": ""
        },
        "_r_3_28_50_51_53": {
            "name": "_r_3_28_50_51_53",
            "optional": true,
            "type": "FEATURE",
            "note": ""
        },
        "_r_3_28_50_51_54": {
            "name": "_r_3_28_50_51_54",
            "optional": true,
            "type": "FEATURE",
            "note": ""
        },
        "_r_3_28_55": {
            "name": "_r_3_28_55",
            "optional": true,
            "type": "FEATURE",
            "note": ""
        },
        "_r_4": {
            "name": "_r_4",
            "optional": false,
            "type": "FEATURE",
            "note": ""
        },
        "_r_4_29": {
            "name": "_r_4_29",
            "optional": false,
            "type": "FEATURE",
            "note": ""
        },
        "_r_4_30": {
            "name": "_r_4_30",
            "optional": false,
            "type": "FEATURE",
            "note": ""
        },
        "_r_4_31": {
            "name": "_r_4_31",
            "optional": false,
            "type": "FEATURE",
            "note": ""
        },
        "_r_4_32": {
            "name": "_r_4_32",
            "optional": false,
            "type": "FEATURE",
            "note": ""
        },
        "_r_4_32_48": {
            "name": "_r_4_32_48",
            "optional": false,
            "type": "FEATURE",
            "note": ""
        },
        "_r_4_32_49": {
            "name": "_r_4_32_49",
            "optional": true,
            "type": "FEATURE",
            "note": ""
        },
        "_r_5": {
            "name": "_r_5",
            "optional": false,
            "type": "FEATURE",
            "note": ""
        },
        "_r_5_35": {
            "name": "_r_5_35",
            "optional": false,
            "type": "FEATURE",
            "note": ""
        },
        "_r_5_36": {
            "name": "_r_5_36",
            "optional": false,
            "type": "FEATURE",
            "note": ""
        },
        "_r_5_37": {
            "name": "_r_5_37",
            "optional": false,
            "type": "FEATURE",
            "note": ""
        },
        "_r_5_38": {
            "name": "_r_5_38",
            "optional": false,
            "type": "FEATURE",
            "note": ""
        },
        "_r_5_38_58": {
            "name": "_r_5_38_58",
            "optional": false,
            "type": "OR",
            "note": ""
        },
        "_r_5_38_58_64_65": {
            "name": "_r_5_38_58_64_65",
            "optional": true,
            "type": "FEATURE",
            "note": ""
        },
        "_r_5_38_58_64_66": {
            "name": "_r_5_38_58_64_66",
            "optional": true,
            "type": "FEATURE",
            "note": ""
        },
        "_r_5_38_58_64_67": {
            "name": "_r_5_38_58_64_67",
            "optional": true,
            "type": "FEATURE",
            "note": ""
        },
        "_r_5_38_59": {
            "name": "_r_5_38_59",
            "optional": true,
            "type": "FEATURE",
            "note": ""
        },
        "_r_6": {
            "name": "_r_6",
            "optional": true,
            "type": "OR",
            "note": ""
        },
        "_r_60": {
            "name": "_r_60",
            "optional": true,
            "type": "FEATURE",
            "note": ""
        },
        "_r_60_68": {
            "name": "_r_60_68",
            "optional": true,
            "type": "OR",
            "note": ""
        },
        "_r_60_68_70_71": {
            "name": "_r_60_68_70_71",
            "optional": true,
            "type": "FEATURE",
            "note": ""
        },
        "_r_60_68_70_72": {
            "name": "_r_60_68_70_72",
            "optional": true,
            "type": "FEATURE",
            "note": ""
        },
        "_r_60_69": {
            "name": "_r_60_69",
            "optional": true,
            "type": "XOR",
            "note": ""
        },
        "_r_60_69_75_54": {
            "name": "_r_60_69_75_54",
            "optional": true,
            "type": "FEATURE",
            "note": ""
        },
        "_r_60_69_75_76": {
            "name": "_r_60_69_75_76",
            "optional": true,
            "type": "FEATURE",
            "note": ""
        },
        "_r_6_17_18": {
            "name": "_r_6_17_18",
            "optional": true,
            "type": "FEATURE",
            "note": ""
        },
        "_r_6_17_19": {
            "name": "_r_6_17_19",
            "optional": true,
            "type": "FEATURE",
            "note": ""
        }
    },
    "tree": {
        "id": "_r",
        "children": [
            {
                "id": "_r_1",
                "children": [
                    {
                        "id": "_r_1_9_10",
                        "children": [
                            {
                                "id": "_r_1_9_10_16"
                            }
                        ]
                    },
                    {
                        "id": "_r_1_9_11",
                        "children": [
                            {
                                "id": "_r_1_9_11_12"
                            },
                            {
                                "id": "_r_1_9_11_13"
                            },
                            {
                                "id": "_r_1_9_11_14"
                            },
                            {
                                "id": "_r_1_9_11_15"
                            }
                        ]
                    }
                ]
            },
            {
                "id": "_r_2",
                "children": [
                    {
                        "id": "_r_2_20"
                    },
                    {
                        "id": "_r_2_21"
                    },
                    {
                        "id": "_r_2_22"
                    },
                    {
                        "id": "_r_2_23",
                        "children": [
                            {
                                "id": "_r_2_23_56"
                            },
                            {
                                "id": "_r_2_23_57"
                            }
                        ]
                    }
                ]
            },
            {
                "id": "_r_3",
                "children": [
                    {
                        "id": "_r_3_25"
                    },
                    {
                        "id": "_r_3_26"
                    },
                    {
                        "id": "_r_3_27"
                    },
                    {
                        "id": "_r_3_28",
                        "children": [
                            {
                                "id": "_r_3_28_50",
                                "children": [
                                    {
                                        "id": "_r_3_28_50_51_52"
                                    },
                                    {
                                        "id": "_r_3_28_50_51_53"
                                    },
                                    {
                                        "id": "_r_3_28_50_51_54"
                                    }
                                ]
                            },
                            {
                                "id": "_r_3_28_55"
                            }
                        ]
                    }
                ]
            },
            {
                "id": "_r_34",
                "children": [
                    {
                        "id": "_r_34_55"
                    },
                    {
                        "id": "_r_34_56_57"
                    },
                    {
                        "id": "_r_34_56_58"
                    }
                ]
            },
            {
                "id": "_r_4",
                "children": [
                    {
                        "id": "_r_4_29"
                    },
                    {
                        "id": "_r_4_30"
                    },
                    {
                        "id": "_r_4_31"
                    },
                    {
                        "id": "_r_4_32",
                        "children": [
                            {
                                "id": "_r_4_32_48"
                            },
                            {
                                "id": "_r_4_32_49"
                            }
                        ]
                    }
                ]
            },
            {
                "id": "_r_5",
                "children": [
                    {
                        "id": "_r_5_35"
                    },
                    {
                        "id": "_r_5_36"
                    },
                    {
                        "id": "_r_5_37"
                    },
                    {
                        "id": "_r_5_38",
                        "children": [
                            {
                                "id": "_r_5_38_58",
                                "children": [
                                    {
                                        "id": "_r_5_38_58_64_65"
                                    },
                                    {
                                        "id": "_r_5_38_58_64_66"
                                    },
                                    {
                                        "id": "_r_5_38_58_64_67"
                                    }
                                ]
                            },
                            {
                                "id": "_r_5_38_59"
                            }
                        ]
                    }
                ]
            },
            {
                "id": "_r_6",
                "children": [
                    {
                        "id": "_r_6_17_18"
                    },
                    {
                        "id": "_r_6_17_19"
                    }
                ]
            },
            {
                "id": "_r_60",
                "children": [
                    {
                        "id": "_r_60_68",
                        "children": [
                            {
                                "id": "_r_60_68_70_71"
                            },
                            {
                                "id": "_r_60_68_70_72"
                            }
                        ]
                    },
                    {
                        "id": "_r_60_69",
                        "children": [
                            {
                                "id": "_r_60_69_75_54"
                            },
                            {
                                "id": "_r_60_69_75_76"
                            }
                        ]
                    }
                ]
            }
        ]
    },
    "constraints": {
        "Constraint 0": {
            "type": "ImpliesTerm",
            "operands": [
                {
                    "type": "FeatureTerm",
                    "operands": [
                        "_r_1_9_10"
                    ]
                },
                {
                    "type": "FeatureTerm",
                    "operands": [
                        "_r_60_68"
                    ]
                }
            ]
        }
    }
}