{
    "id": "FM__r",
    "name": "FM__r",
    "features": {
        "_r": {
            "name": "_r",
            "optional": true,
            "type": "FEATURE",
            "note": ""
        },
        "_r_1": {
            "name": "_r_1",
            "optional": false,
            "type": "FEATURE",
            "note": ""
        },
        "_r_1_3": {
            "name": "_r_1_3",
            "optional": false,
            "type": "OR",
            "note": ""
        },
        "_r_1_3_5_6": {
            "name": "_r_1_3_5_6",
            "optional": true,
            "type": "FEATURE",
            "note": ""
        },
        "_r_1_3_5_7": {
            "name": "_r_1_3_5_7",
            "optional": true,
            "type": "FEATURE",
            "note": ""
        },
        "_r_1_3_5_8": {
            "name": "_r_1_3_5_8",
            "optional": true,
            "type": "FEATURE",
            "note": ""
        },
        "_r_1_3_5_9": {
            "name": "_r_1_3_5_9",
            "optional": true,
            "type": "FEATURE",
            "note": ""
        },
        "_r_1_4": {
            "name": "_r_1_4",
            "optional": false,
            "type": "OR",
            "note": ""
        },
        "_r_1_4_10_11": {
            "name": "_r_1_4_10_11",
            "optional": true,
            "type": "FEATURE",
            "note": ""
        },
        "_r_1_4_10_12": {
            "name": "_r_1_4_10_12",
            "optional": true,
            "type": "FEATURE",
            "note": ""
        },
        "_r_2": {
            "name": "_r_2",
            "optional": false,
            "type": "FEATURE",
            "note": ""
        },
        "_r_2_13": {
            "name": "_r_2_13",
            "optional": false,
            "type": "FEATURE",
            "note": ""
        },
        "_r_2_13_16": {
            "name": "_r_2_13_16",
            "optional": true,
            "type": "FEATURE",
            "note": ""
        },
        "_r_2_13_17": {
            "name": "_r_2_13_17",
            "optional": true,
            "type": "FEATURE",
            "note": ""
        },
        "_r_2_14": {
            "name": "_r_2_14",
            "optional": false,
            "type": "FEATURE",
            "note": ""
        },
        "_r_2_15": {
            "name": "_r_2_15",
            "optional": false,
            "type": "FEATURE",
            "note": ""
        }
    },
    "tree": {
        "id": "_r",
        "children": [
            {
                "id": "_r_1",
                "children": [
                    {
                        "id": "_r_1_3",
                        "children": [
                            {
                                "id": "_r_1_3_5_6"
                            },
                            {
                                "id": "_r_1_3_5_7"
                            },
                            {
                                "id": "_r_1_3_5_8"
                            },
                            {
                                "id": "_r_1_3_5_9"
                            }
                        ]
                    },
                    {
                        "id": "_r_1_4",
                        "children": [
                            {
                                "id": "_r_1_4_10_11"
                            },
                            {
                                "id": "_r_1_4_10_12"
                            }
                        ]
                    }
                ]
            },
            {
                "id": "_r_2",
                "children": [
                    {
                        "id": "_r_2_13",
                        "children": [
                            {
                                "id": "_r_2_13_16"
                            },
                            {
                                "id": "_r_2_13_17"
                            }
                        ]
                    },
                    {
                        "id": "_r_2_14"
                    },
                    {
                        "id": "_r_2_15"
                    }
                ]
            }
        ]
    },
    "constraints": {}
}