{
    "id": "FM__r",
    "name": "FM__r",
    "features": {
        "_r": {
            "name": "_r",
            "optional": true,
            "type": "FEATURE",
            "note": ""
        },
        "_r_1": {
            "name": "_r_1",
            "optional": true,
            "type": "FEATURE",
            "note": ""
        },
        "_r_1_15": {
            "name": "_r_1_15",
            "optional": true,
            "type": "FEATURE",
            "note": ""
        },
        "_r_1_3": {
            "name": "_r_1_3",
            "optional": true,
            "type": "OR",
            "note": ""
        },
        "_r_1_3_6_10": {
            "name": "_r_1_3_6_10",
            "optional": true,
            "type": "FEATURE",
            "note": ""
        },
        "_r_1_3_6_11": {
            "name": "_r_1_3_6_11",
            "optional": true,
            "type": "FEATURE",
            "note": ""
        },
        "_r_1_3_6_7": {
            "name": "_r_1_3_6_7",
            "optional": true,
            "type": "FEATURE",
            "note": ""
        },
        "_r_1_3_6_8": {
            "name": "_r_1_3_6_8",
            "optional": true,
            "type": "FEATURE",
            "note": ""
        },
        "_r_1_3_6_9": {
            "name": "_r_1_3_6_9",
            "optional": true,
            "type": "FEATURE",
            "note": ""
        },
        "_r_1_4": {
            "name": "_r_1_4",
            "optional": true,
            "type": "FEATURE",
            "note": ""
        },
        "_r_1_5": {
            "name": "_r_1_5",
            "optional": true,
            "type": "FEATURE",
            "note": ""
        },
        "_r_2": {
            "name": "_r_2",
            "optional": true,
            "type": "OR",
            "note": ""
        },
        "_r_2_12_13": {
            "name": "_r_2_12_13",
            "optional": true,
            "type": "FEATURE",
            "note": ""
        },
        "_r_2_12_14": {
            "name": "_r_2_12_14",
            "optional": true,
            "type": "FEATURE",
            "note": ""
        }
    },
    "tree": {
        "id": "_r",
        "children": [
            {
                "id": "_r_1",
                "children": [
                    {
                        "id": "_r_1_15"
                    },
                    {
                        "id": "_r_1_3",
                        "children": [
                            {
                                "id": "_r_1_3_6_10"
                            },
                            {
                                "id": "_r_1_3_6_11"
                            },
                            {
                                "id": "_r_1_3_6_7"
                            },
                            {
                                "id": "_r_1_3_6_8"
                            },
                            {
                                "id": "_r_1_3_6_9"
                            }
                        ]
                    },
                    {
                        "id": "_r_1_4"
                    },
                    {
                        "id": "_r_1_5"
                    }
                ]
            },
            {
                "id": "_r_2",
                "children": [
                    {
                        "id": "_r_2_12_13"
                    },
                    {
                        "id": "_r_2_12_14"
                    }
                ]
            }
        ]
    },
    "constraints": {}
}