{
    "id": "FM__r",
    "name": "FM__r",
    "features": {
        "_r": {
            "name": "_r",
            "optional": true,
            "type": "FEATURE",
            "note": ""
        },
        "_r_1": {
            "name": "_r_1",
            "optional": false,
            "type": "FEATURE",
            "note": ""
        },
        "_r_1_5": {
            "name": "_r_1_5",
            "optional": false,
            "type": "FEATURE",
            "note": ""
        },
        "_r_1_6": {
            "name": "_r_1_6",
            "optional": false,
            "type": "FEATURE",
            "note": ""
        },
        "_r_2": {
            "name": "_r_2",
            "optional": false,
            "type": "FEATURE",
            "note": ""
        },
        "_r_2_11": {
            "name": "_r_2_11",
            "optional": false,
            "type": "XOR",
            "note": ""
        },
        "_r_2_11_14_15": {
            "name": "_r_2_11_14_15",
            "optional": true,
            "type": "FEATURE",
            "note": ""
        },
        "_r_2_11_14_16": {
            "name": "_r_2_11_14_16",
            "optional": true,
            "type": "FEATURE",
            "note": ""
        },
        "_r_2_11_14_17": {
            "name": "_r_2_11_14_17",
            "optional": true,
            "type": "FEATURE",
            "note": ""
        },
        "_r_2_12": {
            "name": "_r_2_12",
            "optional": true,
            "type": "XOR",
            "note": ""
        },
        "_r_2_12_18_19": {
            "name": "_r_2_12_18_19",
            "optional": true,
            "type": "FEATURE",
            "note": ""
        },
        "_r_2_12_18_20": {
            "name": "_r_2_12_18_20",
            "optional": true,
            "type": "FEATURE",
            "note": ""
        },
        "_r_2_21": {
            "name": "_r_2_21",
            "optional": true,
            "type": "XOR",
            "note": ""
        },
        "_r_2_21_22_23": {
            "name": "_r_2_21_22_23",
            "optional": true,
            "type": "FEATURE",
            "note": ""
        },
        "_r_2_21_22_24": {
            "name": "_r_2_21_22_24",
            "optional": true,
            "type": "FEATURE",
            "note": ""
        },
        "_r_3": {
            "name": "_r_3",
            "optional": false,
            "type": "FEATURE",
            "note": ""
        },
        "_r_3_28": {
            "name": "_r_3_28",
            "optional": true,
            "type": "FEATURE",
            "note": ""
        },
        "_r_3_28_33": {
            "name": "_r_3_28_33",
            "optional": false,
            "type": "XOR",
            "note": ""
        },
        "_r_3_28_33_34_35": {
            "name": "_r_3_28_33_34_35",
            "optional": true,
            "type": "FEATURE",
            "note": ""
        },
        "_r_3_28_33_34_36": {
            "name": "_r_3_28_33_34_36",
            "optional": true,
            "type": "FEATURE",
            "note": ""
        },
        "_r_3_28_33_34_37": {
            "name": "_r_3_28_33_34_37",
            "optional": true,
            "type": "FEATURE",
            "note": ""
        },
        "_r_3_28_38": {
            "name": "_r_3_28_38",
            "optional": false,
            "type": "XOR",
            "note": ""
        },
        "_r_3_28_38_39_40": {
            "name": "_r_3_28_38_39_40",
            "optional": true,
            "type": "FEATURE",
            "note": ""
        },
        "_r_3_28_38_39_41": {
            "name": "_r_3_28_38_39_41",
            "optional": true,
            "type": "FEATURE",
            "note": ""
        },
        "_r_3_28_38_39_42": {
            "name": "_r_3_28_38_39_42",
            "optional": true,
            "type": "FEATURE",
            "note": ""
        },
        "_r_3_28_43": {
            "name": "_r_3_28_43",
            "optional": false,
            "type": "XOR",
            "note": ""
        },
        "_r_3_28_43_44_45": {
            "name": "_r_3_28_43_44_45",
            "optional": true,
            "type": "FEATURE",
            "note": ""
        },
        "_r_3_28_43_44_46": {
            "name": "_r_3_28_43_44_46",
            "optional": true,
            "type": "FEATURE",
            "note": ""
        },
        "_r_3_28_43_44_47": {
            "name": "_r_3_28_43_44_47",
            "optional": true,
            "type": "FEATURE",
            "note": ""
        },
        "_r_3_29": {
            "name": "_r_3_29",
            "optional": true,
            "type": "FEATURE",
            "note": ""
        },
        "_r_3_29_48": {
            "name": "_r_3_29_48",
            "optional": false,
            "type": "XOR",
            "note": ""
        },
        "_r_3_29_48_49_50": {
            "name": "_r_3_29_48_49_50",
            "optional": true,
            "type": "FEATURE",
            "note": ""
        },
        "_r_3_29_48_49_51": {
            "name": "_r_3_29_48_49_51",
            "optional": true,
            "type": "FEATURE",
            "note": ""
        },
        "_r_3_29_48_49_52": {
            "name": "_r_3_29_48_49_52",
            "optional": true,
            "type": "FEATURE",
            "note": ""
        },
        "_r_3_29_53": {
            "name": "_r_3_29_53",
            "optional": false,
            "type": "XOR",
            "note": ""
        },
        "_r_3_29_53_54_55": {
            "name": "_r_3_29_53_54_55",
            "optional": true,
            "type": "FEATURE",
            "note": ""
        },
        "_r_3_29_53_54_56": {
            "name": "_r_3_29_53_54_56",
            "optional": true,
            "type": "FEATURE",
            "note": ""
        },
        "_r_3_29_53_54_57": {
            "name": "_r_3_29_53_54_57",
            "optional": true,
            "type": "FEATURE",
            "note": ""
        },
        "_r_3_30": {
            "name": "_r_3_30",
            "optional": true,
            "type": "XOR",
            "note": ""
        },
        "_r_3_30_59_60": {
            "name": "_r_3_30_59_60",
            "optional": true,
            "type": "FEATURE",
            "note": ""
        },
        "_r_3_30_59_61": {
            "name": "_r_3_30_59_61",
            "optional": true,
            "type": "FEATURE",
            "note": ""
        },
        "_r_3_30_59_62": {
            "name": "_r_3_30_59_62",
            "optional": true,
            "type": "FEATURE",
            "note": ""
        },
        "_r_4": {
            "name": "_r_4",
            "optional": false,
            "type": "XOR",
            "note": ""
        },
        "_r_4_25_26": {
            "name": "_r_4_25_26",
            "optional": true,
            "type": "FEATURE",
            "note": ""
        },
        "_r_4_25_27": {
            "name": "_r_4_25_27",
            "optional": true,
            "type": "FEATURE",
            "note": ""
        }
    },
    "tree": {
        "id": "_r",
        "children": [
            {
                "id": "_r_1",
                "children": [
                    {
                        "id": "_r_1_5"
                    },
                    {
                        "id": "_r_1_6"
                    }
                ]
            },
            {
                "id": "_r_2",
                "children": [
                    {
                        "id": "_r_2_11",
                        "children": [
                            {
                                "id": "_r_2_11_14_15"
                            },
                            {
                                "id": "_r_2_11_14_16"
                            },
                            {
                                "id": "_r_2_11_14_17"
                            }
                        ]
                    },
                    {
                        "id": "_r_2_12",
                        "children": [
                            {
                                "id": "_r_2_12_18_19"
                            },
                            {
                                "id": "_r_2_12_18_20"
                            }
                        ]
                    },
                    {
                        "id": "_r_2_21",
                        "children": [
                            {
                                "id": "_r_2_21_22_23"
                            },
                            {
                                "id": "_r_2_21_22_24"
                            }
                        ]
                    }
                ]
            },
            {
                "id": "_r_3",
                "children": [
                    {
                        "id": "_r_3_28",
                        "children": [
                            {
                                "id": "_r_3_28_33",
                                "children": [
                                    {
                                        "id": "_r_3_28_33_34_35"
                                    },
                                    {
                                        "id": "_r_3_28_33_34_36"
                                    },
                                    {
                                        "id": "_r_3_28_33_34_37"
                                    }
                                ]
                            },
                            {
                                "id": "_r_3_28_38",
                                "children": [
                                    {
                                        "id": "_r_3_28_38_39_40"
                                    },
                                    {
                                        "id": "_r_3_28_38_39_41"
                                    },
                                    {
                                        "id": "_r_3_28_38_39_42"
                                    }
                                ]
                            },
                            {
                                "id": "_r_3_28_43",
                                "children": [
                                    {
                                        "id": "_r_3_28_43_44_45"
                                    },
                                    {
                                        "id": "_r_3_28_43_44_46"
                                    },
                                    {
                                        "id": "_r_3_28_43_44_47"
                                    }
                                ]
                            }
                        ]
                    },
                    {
                        "id": "_r_3_29",
                        "children": [
                            {
                                "id": "_r_3_29_48",
                                "children": [
                                    {
                                        "id": "_r_3_29_48_49_50"
                                    },
                                    {
                                        "id": "_r_3_29_48_49_51"
                                    },
                                    {
                                        "id": "_r_3_29_48_49_52"
                                    }
                                ]
                            },
                            {
                                "id": "_r_3_29_53",
                                "children": [
                                    {
                                        "id": "_r_3_29_53_54_55"
                                    },
                                    {
                                        "id": "_r_3_29_53_54_56"
                                    },
                                    {
                                        "id": "_r_3_29_53_54_57"
                                    }
                                ]
                            }
                        ]
                    },
                    {
                        "id": "_r_3_30",
                        "children": [
                            {
                                "id": "_r_3_30_59_60"
                            },
                            {
                                "id": "_r_3_30_59_61"
                            },
                            {
                                "id": "_r_3_30_59_62"
                            }
                        ]
                    }
                ]
            },
            {
                "id": "_r_4",
                "children": [
                    {
                        "id": "_r_4_25_26"
                    },
                    {
                        "id": "_r_4_25_27"
                    }
                ]
            }
        ]
    },
    "constraints": {
        "Constraint 0": {
            "type": "ImpliesTerm",
            "operands": [
                {
                    "type": "FeatureTerm",
                    "operands": [
                        "_r_2_12"
                    ]
                },
                {
                    "type": "FeatureTerm",
                    "operands": [
                        "_r_2_11_14_15"
                    ]
                }
            ]
        },
        "Constraint 1": {
            "type": "ImpliesTerm",
            "operands": [
                {
                    "type": "FeatureTerm",
                    "operands": [
                        "_r_2_11_14_15"
                    ]
                },
                {
                    "type": "NotTerm",
                    "operands": [
                        {
                            "type": "FeatureTerm",
                            "operands": [
                                "_r_4_25_27"
                            ]
                        }
                    ]
                }
            ]
        },
        "Constraint 2": {
            "type": "ImpliesTerm",
            "operands": [
                {
                    "type": "FeatureTerm",
                    "operands": [
                        "_r_2_11_14_15"
                    ]
                },
                {
                    "type": "NotTerm",
                    "operands": [
                        {
                            "type": "FeatureTerm",
                            "operands": [
                                "_r_2_21"
                            ]
                        }
                    ]
                }
            ]
        },
        "Constraint 3": {
            "type": "ImpliesTerm",
            "operands": [
                {
                    "type": "FeatureTerm",
                    "operands": [
                        "_r_2_11_14_15"
                    ]
                },
                {
                    "type": "FeatureTerm",
                    "operands": [
                        "_r_4_25_26"
                    ]
                }
            ]
        }
    }
}