{
    "id": "FM__r",
    "name": "FM__r",
    "features": {
        "_r": {
            "name": "_r",
            "optional": true,
            "type": "FEATURE",
            "note": ""
        },
        "_r_1": {
            "name": "_r_1",
            "optional": false,
            "type": "FEATURE",
            "note": ""
        },
        "_r_16_17": {
            "name": "_r_16_17",
            "optional": false,
            "type": "FEATURE",
            "note": ""
        },
        "_r_1_17": {
            "name": "_r_1_17",
            "optional": false,
            "type": "FEATURE",
            "note": ""
        },
        "_r_1_18": {
            "name": "_r_1_18",
            "optional": true,
            "type": "FEATURE",
            "note": ""
        },
        "_r_1_19": {
            "name": "_r_1_19",
            "optional": true,
            "type": "FEATURE",
            "note": ""
        },
        "_r_8": {
            "name": "_r_8",
            "optional": false,
            "type": "FEATURE",
            "note": ""
        },
        "_r_8_10": {
            "name": "_r_8_10",
            "optional": true,
            "type": "FEATURE",
            "note": ""
        },
        "_r_8_11": {
            "name": "_r_8_11",
            "optional": true,
            "type": "FEATURE",
            "note": ""
        },
        "_r_8_11_14": {
            "name": "_r_8_11_14",
            "optional": true,
            "type": "FEATURE",
            "note": ""
        },
        "_r_8_11_15": {
            "name": "_r_8_11_15",
            "optional": true,
            "type": "FEATURE",
            "note": ""
        },
        "_r_8_9": {
            "name": "_r_8_9",
            "optional": false,
            "type": "FEATURE",
            "note": ""
        },
        "_r_8_9_12": {
            "name": "_r_8_9_12",
            "optional": false,
            "type": "FEATURE",
            "note": ""
        },
        "_r_8_9_13": {
            "name": "_r_8_9_13",
            "optional": false,
            "type": "FEATURE",
            "note": ""
        }
    },
    "tree": {
        "id": "_r",
        "children": [
            {
                "id": "_r_1",
                "children": [
                    {
                        "id": "_r_1_17"
                    },
                    {
                        "id": "_r_1_18"
                    },
                    {
                        "id": "_r_1_19"
                    }
                ]
            },
            {
                "id": "_r_16_17"
            },
            {
                "id": "_r_8",
                "children": [
                    {
                        "id": "_r_8_10"
                    },
                    {
                        "id": "_r_8_11",
                        "children": [
                            {
                                "id": "_r_8_11_14"
                            },
                            {
                                "id": "_r_8_11_15"
                            }
                        ]
                    },
                    {
                        "id": "_r_8_9",
                        "children": [
                            {
                                "id": "_r_8_9_12"
                            },
                            {
                                "id": "_r_8_9_13"
                            }
                        ]
                    }
                ]
            }
        ]
    },
    "constraints": {
        "Constraint 0": {
            "type": "ImpliesTerm",
            "operands": [
                {
                    "type": "FeatureTerm",
                    "operands": [
                        "_r_8_10"
                    ]
                },
                {
                    "type": "FeatureTerm",
                    "operands": [
                        "_r_8_11"
                    ]
                }
            ]
        },
        "Constraint 1": {
            "type": "ImpliesTerm",
            "operands": [
                {
                    "type": "FeatureTerm",
                    "operands": [
                        "_r_16_17"
                    ]
                },
                {
                    "type": "FeatureTerm",
                    "operands": [
                        "_r_1_17"
                    ]
                }
            ]
        }
    }
}