{
    "id": "FM__r",
    "name": "FM__r",
    "features": {
        "_r": {
            "name": "_r",
            "optional": true,
            "type": "FEATURE",
            "note": ""
        },
        "_r_1": {
            "name": "_r_1",
            "optional": false,
            "type": "FEATURE",
            "note": ""
        },
        "_r_1_2": {
            "name": "_r_1_2",
            "optional": false,
            "type": "FEATURE",
            "note": ""
        },
        "_r_1_2_10": {
            "name": "_r_1_2_10",
            "optional": true,
            "type": "FEATURE",
            "note": ""
        },
        "_r_1_2_10_11": {
            "name": "_r_1_2_10_11",
            "optional": true,
            "type": "FEATURE",
            "note": ""
        },
        "_r_1_2_10_12": {
            "name": "_r_1_2_10_12",
            "optional": true,
            "type": "FEATURE",
            "note": ""
        },
        "_r_1_2_13": {
            "name": "_r_1_2_13",
            "optional": true,
            "type": "FEATURE",
            "note": ""
        },
        "_r_1_2_13_14": {
            "name": "_r_1_2_13_14",
            "optional": true,
            "type": "FEATURE",
            "note": ""
        },
        "_r_1_2_13_15": {
            "name": "_r_1_2_13_15",
            "optional": true,
            "type": "FEATURE",
            "note": ""
        },
        "_r_1_2_18": {
            "name": "_r_1_2_18",
            "optional": true,
            "type": "OR",
            "note": ""
        },
        "_r_1_2_18_57_58": {
            "name": "_r_1_2_18_57_58",
            "optional": true,
            "type": "FEATURE",
            "note": ""
        },
        "_r_1_2_18_57_59": {
            "name": "_r_1_2_18_57_59",
            "optional": true,
            "type": "FEATURE",
            "note": ""
        },
        "_r_1_2_18_57_60": {
            "name": "_r_1_2_18_57_60",
            "optional": true,
            "type": "FEATURE",
            "note": ""
        },
        "_r_1_2_5": {
            "name": "_r_1_2_5",
            "optional": true,
            "type": "FEATURE",
            "note": ""
        },
        "_r_1_2_6": {
            "name": "_r_1_2_6",
            "optional": true,
            "type": "FEATURE",
            "note": ""
        },
        "_r_1_2_7": {
            "name": "_r_1_2_7",
            "optional": true,
            "type": "FEATURE",
            "note": ""
        },
        "_r_1_2_7_8": {
            "name": "_r_1_2_7_8",
            "optional": false,
            "type": "FEATURE",
            "note": ""
        },
        "_r_1_2_7_8_9": {
            "name": "_r_1_2_7_8_9",
            "optional": false,
            "type": "FEATURE",
            "note": ""
        },
        "_r_1_3": {
            "name": "_r_1_3",
            "optional": true,
            "type": "FEATURE",
            "note": ""
        },
        "_r_1_3_23": {
            "name": "_r_1_3_23",
            "optional": true,
            "type": "FEATURE",
            "note": ""
        },
        "_r_1_3_24": {
            "name": "_r_1_3_24",
            "optional": true,
            "type": "FEATURE",
            "note": ""
        },
        "_r_1_4": {
            "name": "_r_1_4",
            "optional": true,
            "type": "FEATURE",
            "note": ""
        },
        "_r_32": {
            "name": "_r_32",
            "optional": false,
            "type": "FEATURE",
            "note": ""
        },
        "_r_36": {
            "name": "_r_36",
            "optional": true,
            "type": "FEATURE",
            "note": ""
        },
        "_r_36_37": {
            "name": "_r_36_37",
            "optional": true,
            "type": "FEATURE",
            "note": ""
        },
        "_r_36_37_43": {
            "name": "_r_36_37_43",
            "optional": true,
            "type": "FEATURE",
            "note": ""
        },
        "_r_36_38": {
            "name": "_r_36_38",
            "optional": true,
            "type": "FEATURE",
            "note": ""
        },
        "_r_36_39": {
            "name": "_r_36_39",
            "optional": true,
            "type": "OR",
            "note": ""
        },
        "_r_36_39_49_50": {
            "name": "_r_36_39_49_50",
            "optional": true,
            "type": "FEATURE",
            "note": ""
        },
        "_r_36_39_49_51": {
            "name": "_r_36_39_49_51",
            "optional": true,
            "type": "OR",
            "note": ""
        },
        "_r_36_39_49_51_52_53": {
            "name": "_r_36_39_49_51_52_53",
            "optional": true,
            "type": "FEATURE",
            "note": ""
        },
        "_r_36_39_49_51_52_54": {
            "name": "_r_36_39_49_51_52_54",
            "optional": true,
            "type": "FEATURE",
            "note": ""
        },
        "_r_36_39_49_51_52_55": {
            "name": "_r_36_39_49_51_52_55",
            "optional": true,
            "type": "FEATURE",
            "note": ""
        },
        "_r_36_39_49_51_52_56": {
            "name": "_r_36_39_49_51_52_56",
            "optional": true,
            "type": "FEATURE",
            "note": ""
        },
        "_r_36_40": {
            "name": "_r_36_40",
            "optional": true,
            "type": "FEATURE",
            "note": ""
        },
        "_r_36_40_57": {
            "name": "_r_36_40_57",
            "optional": true,
            "type": "FEATURE",
            "note": ""
        },
        "_r_36_41": {
            "name": "_r_36_41",
            "optional": true,
            "type": "FEATURE",
            "note": ""
        },
        "_r_36_41_49": {
            "name": "_r_36_41_49",
            "optional": false,
            "type": "FEATURE",
            "note": ""
        },
        "_r_36_41_58": {
            "name": "_r_36_41_58",
            "optional": true,
            "type": "FEATURE",
            "note": ""
        },
        "_r_48": {
            "name": "_r_48",
            "optional": true,
            "type": "FEATURE",
            "note": ""
        },
        "_r_48_51": {
            "name": "_r_48_51",
            "optional": true,
            "type": "XOR",
            "note": ""
        },
        "_r_48_51_52_53": {
            "name": "_r_48_51_52_53",
            "optional": true,
            "type": "FEATURE",
            "note": ""
        },
        "_r_48_51_52_55": {
            "name": "_r_48_51_52_55",
            "optional": true,
            "type": "FEATURE",
            "note": ""
        },
        "_r_48_51_52_56": {
            "name": "_r_48_51_52_56",
            "optional": true,
            "type": "FEATURE",
            "note": ""
        },
        "_r_59": {
            "name": "_r_59",
            "optional": true,
            "type": "FEATURE",
            "note": ""
        },
        "_r_59_62": {
            "name": "_r_59_62",
            "optional": true,
            "type": "OR",
            "note": ""
        },
        "_r_59_62_63_64": {
            "name": "_r_59_62_63_64",
            "optional": true,
            "type": "FEATURE",
            "note": ""
        },
        "_r_59_62_63_65": {
            "name": "_r_59_62_63_65",
            "optional": true,
            "type": "FEATURE",
            "note": ""
        }
    },
    "tree": {
        "id": "_r",
        "children": [
            {
                "id": "_r_1",
                "children": [
                    {
                        "id": "_r_1_2",
                        "children": [
                            {
                                "id": "_r_1_2_10",
                                "children": [
                                    {
                                        "id": "_r_1_2_10_11"
                                    },
                                    {
                                        "id": "_r_1_2_10_12"
                                    }
                                ]
                            },
                            {
                                "id": "_r_1_2_13",
                                "children": [
                                    {
                                        "id": "_r_1_2_13_14"
                                    },
                                    {
                                        "id": "_r_1_2_13_15"
                                    }
                                ]
                            },
                            {
                                "id": "_r_1_2_18",
                                "children": [
                                    {
                                        "id": "_r_1_2_18_57_58"
                                    },
                                    {
                                        "id": "_r_1_2_18_57_59"
                                    },
                                    {
                                        "id": "_r_1_2_18_57_60"
                                    }
                                ]
                            },
                            {
                                "id": "_r_1_2_5"
                            },
                            {
                                "id": "_r_1_2_6"
                            },
                            {
                                "id": "_r_1_2_7",
                                "children": [
                                    {
                                        "id": "_r_1_2_7_8",
                                        "children": [
                                            {
                                                "id": "_r_1_2_7_8_9"
                                            }
                                        ]
                                    }
                                ]
                            }
                        ]
                    },
                    {
                        "id": "_r_1_3",
                        "children": [
                            {
                                "id": "_r_1_3_23"
                            },
                            {
                                "id": "_r_1_3_24"
                            }
                        ]
                    },
                    {
                        "id": "_r_1_4"
                    }
                ]
            },
            {
                "id": "_r_32"
            },
            {
                "id": "_r_36",
                "children": [
                    {
                        "id": "_r_36_37",
                        "children": [
                            {
                                "id": "_r_36_37_43"
                            }
                        ]
                    },
                    {
                        "id": "_r_36_38"
                    },
                    {
                        "id": "_r_36_39",
                        "children": [
                            {
                                "id": "_r_36_39_49_50"
                            },
                            {
                                "id": "_r_36_39_49_51",
                                "children": [
                                    {
                                        "id": "_r_36_39_49_51_52_53"
                                    },
                                    {
                                        "id": "_r_36_39_49_51_52_54"
                                    },
                                    {
                                        "id": "_r_36_39_49_51_52_55"
                                    },
                                    {
                                        "id": "_r_36_39_49_51_52_56"
                                    }
                                ]
                            }
                        ]
                    },
                    {
                        "id": "_r_36_40",
                        "children": [
                            {
                                "id": "_r_36_40_57"
                            }
                        ]
                    },
                    {
                        "id": "_r_36_41",
                        "children": [
                            {
                                "id": "_r_36_41_49"
                            },
                            {
                                "id": "_r_36_41_58"
                            }
                        ]
                    }
                ]
            },
            {
                "id": "_r_48",
                "children": [
                    {
                        "id": "_r_48_51",
                        "children": [
                            {
                                "id": "_r_48_51_52_53"
                            },
                            {
                                "id": "_r_48_51_52_55"
                            },
                            {
                                "id": "_r_48_51_52_56"
                            }
                        ]
                    }
                ]
            },
            {
                "id": "_r_59",
                "children": [
                    {
                        "id": "_r_59_62",
                        "children": [
                            {
                                "id": "_r_59_62_63_64"
                            },
                            {
                                "id": "_r_59_62_63_65"
                            }
                        ]
                    }
                ]
            }
        ]
    },
    "constraints": {
        "Constraint 0": {
            "type": "ImpliesTerm",
            "operands": [
                {
                    "type": "FeatureTerm",
                    "operands": [
                        "_r_1_3_23"
                    ]
                },
                {
                    "type": "FeatureTerm",
                    "operands": [
                        "_r_48_51_52_56"
                    ]
                }
            ]
        },
        "Constraint 1": {
            "type": "ImpliesTerm",
            "operands": [
                {
                    "type": "FeatureTerm",
                    "operands": [
                        "_r_1_2_18_57_58"
                    ]
                },
                {
                    "type": "FeatureTerm",
                    "operands": [
                        "_r_36_41_49"
                    ]
                }
            ]
        },
        "Constraint 2": {
            "type": "ImpliesTerm",
            "operands": [
                {
                    "type": "FeatureTerm",
                    "operands": [
                        "_r_1_2_10_11"
                    ]
                },
                {
                    "type": "FeatureTerm",
                    "operands": [
                        "_r_36_39_49_50"
                    ]
                }
            ]
        },
        "Constraint 3": {
            "type": "ImpliesTerm",
            "operands": [
                {
                    "type": "FeatureTerm",
                    "operands": [
                        "_r_1_2_13_14"
                    ]
                },
                {
                    "type": "FeatureTerm",
                    "operands": [
                        "_r_48_51_52_53"
                    ]
                }
            ]
        },
        "Constraint 4": {
            "type": "ImpliesTerm",
            "operands": [
                {
                    "type": "FeatureTerm",
                    "operands": [
                        "_r_1_2_6"
                    ]
                },
                {
                    "type": "FeatureTerm",
                    "operands": [
                        "_r_36_41_58"
                    ]
                }
            ]
        }
    }
}