{
    "id": "FM__r",
    "name": "FM__r",
    "features": {
        "_r": {
            "name": "_r",
            "optional": true,
            "type": "FEATURE",
            "note": ""
        },
        "_r_1": {
            "name": "_r_1",
            "optional": true,
            "type": "FEATURE",
            "note": ""
        },
        "_r_10": {
            "name": "_r_10",
            "optional": false,
            "type": "FEATURE",
            "note": ""
        },
        "_r_2": {
            "name": "_r_2",
            "optional": true,
            "type": "FEATURE",
            "note": ""
        },
        "_r_3": {
            "name": "_r_3",
            "optional": true,
            "type": "FEATURE",
            "note": ""
        },
        "_r_4": {
            "name": "_r_4",
            "optional": true,
            "type": "FEATURE",
            "note": ""
        },
        "_r_5": {
            "name": "_r_5",
            "optional": true,
            "type": "FEATURE",
            "note": ""
        },
        "_r_6": {
            "name": "_r_6",
            "optional": true,
            "type": "FEATURE",
            "note": ""
        },
        "_r_7": {
            "name": "_r_7",
            "optional": true,
            "type": "FEATURE",
            "note": ""
        },
        "_r_8": {
            "name": "_r_8",
            "optional": false,
            "type": "FEATURE",
            "note": ""
        },
        "_r_9": {
            "name": "_r_9",
            "optional": false,
            "type": "FEATURE",
            "note": ""
        }
    },
    "tree": {
        "id": "_r",
        "children": [
            {
                "id": "_r_1"
            },
            {
                "id": "_r_10"
            },
            {
                "id": "_r_2"
            },
            {
                "id": "_r_3"
            },
            {
                "id": "_r_4"
            },
            {
                "id": "_r_5"
            },
            {
                "id": "_r_6"
            },
            {
                "id": "_r_7"
            },
            {
                "id": "_r_8"
            },
            {
                "id": "_r_9"
            }
        ]
    },
    "constraints": {
        "Constraint 0": {
            "type": "ImpliesTerm",
            "operands": [
                {
                    "type": "FeatureTerm",
                    "operands": [
                        "_r_4"
                    ]
                },
                {
                    "type": "FeatureTerm",
                    "operands": [
                        "_r_7"
                    ]
                }
            ]
        }
    }
}