{
    "id": "FM__r",
    "name": "FM__r",
    "features": {
        "_r": {
            "name": "_r",
            "optional": true,
            "type": "FEATURE",
            "note": ""
        },
        "_r_2": {
            "name": "_r_2",
            "optional": false,
            "type": "FEATURE",
            "note": ""
        },
        "_r_2_6": {
            "name": "_r_2_6",
            "optional": false,
            "type": "XOR",
            "note": ""
        },
        "_r_2_6_21_22": {
            "name": "_r_2_6_21_22",
            "optional": true,
            "type": "FEATURE",
            "note": ""
        },
        "_r_2_6_21_25": {
            "name": "_r_2_6_21_25",
            "optional": true,
            "type": "FEATURE",
            "note": ""
        },
        "_r_2_7": {
            "name": "_r_2_7",
            "optional": false,
            "type": "FEATURE",
            "note": ""
        },
        "_r_2_8": {
            "name": "_r_2_8",
            "optional": false,
            "type": "FEATURE",
            "note": ""
        },
        "_r_2_9": {
            "name": "_r_2_9",
            "optional": false,
            "type": "FEATURE",
            "note": ""
        },
        "_r_3": {
            "name": "_r_3",
            "optional": false,
            "type": "FEATURE",
            "note": ""
        },
        "_r_3_10": {
            "name": "_r_3_10",
            "optional": false,
            "type": "FEATURE",
            "note": ""
        },
        "_r_3_11": {
            "name": "_r_3_11",
            "optional": false,
            "type": "FEATURE",
            "note": ""
        },
        "_r_3_12": {
            "name": "_r_3_12",
            "optional": true,
            "type": "FEATURE",
            "note": ""
        },
        "_r_3_13": {
            "name": "_r_3_13",
            "optional": false,
            "type": "FEATURE",
            "note": ""
        },
        "_r_3_14": {
            "name": "_r_3_14",
            "optional": false,
            "type": "FEATURE",
            "note": ""
        },
        "_r_4": {
            "name": "_r_4",
            "optional": false,
            "type": "FEATURE",
            "note": ""
        },
        "_r_4_15": {
            "name": "_r_4_15",
            "optional": false,
            "type": "FEATURE",
            "note": ""
        },
        "_r_4_16": {
            "name": "_r_4_16",
            "optional": false,
            "type": "FEATURE",
            "note": ""
        },
        "_r_4_17": {
            "name": "_r_4_17",
            "optional": false,
            "type": "FEATURE",
            "note": ""
        },
        "_r_5": {
            "name": "_r_5",
            "optional": false,
            "type": "FEATURE",
            "note": ""
        },
        "_r_5_18": {
            "name": "_r_5_18",
            "optional": false,
            "type": "FEATURE",
            "note": ""
        },
        "_r_5_19": {
            "name": "_r_5_19",
            "optional": true,
            "type": "FEATURE",
            "note": ""
        },
        "_r_5_20": {
            "name": "_r_5_20",
            "optional": true,
            "type": "FEATURE",
            "note": ""
        }
    },
    "tree": {
        "id": "_r",
        "children": [
            {
                "id": "_r_2",
                "children": [
                    {
                        "id": "_r_2_6",
                        "children": [
                            {
                                "id": "_r_2_6_21_22"
                            },
                            {
                                "id": "_r_2_6_21_25"
                            }
                        ]
                    },
                    {
                        "id": "_r_2_7"
                    },
                    {
                        "id": "_r_2_8"
                    },
                    {
                        "id": "_r_2_9"
                    }
                ]
            },
            {
                "id": "_r_3",
                "children": [
                    {
                        "id": "_r_3_10"
                    },
                    {
                        "id": "_r_3_11"
                    },
                    {
                        "id": "_r_3_12"
                    },
                    {
                        "id": "_r_3_13"
                    },
                    {
                        "id": "_r_3_14"
                    }
                ]
            },
            {
                "id": "_r_4",
                "children": [
                    {
                        "id": "_r_4_15"
                    },
                    {
                        "id": "_r_4_16"
                    },
                    {
                        "id": "_r_4_17"
                    }
                ]
            },
            {
                "id": "_r_5",
                "children": [
                    {
                        "id": "_r_5_18"
                    },
                    {
                        "id": "_r_5_19"
                    },
                    {
                        "id": "_r_5_20"
                    }
                ]
            }
        ]
    },
    "constraints": {}
}