{
    "id": "FM__r",
    "name": "FM__r",
    "features": {
        "_r": {
            "name": "_r",
            "optional": true,
            "type": "FEATURE",
            "note": ""
        },
        "_r_1": {
            "name": "_r_1",
            "optional": true,
            "type": "FEATURE",
            "note": ""
        },
        "_r_2": {
            "name": "_r_2",
            "optional": true,
            "type": "FEATURE",
            "note": ""
        },
        "_r_2_5": {
            "name": "_r_2_5",
            "optional": true,
            "type": "OR",
            "note": ""
        },
        "_r_2_5_8_10": {
            "name": "_r_2_5_8_10",
            "optional": true,
            "type": "FEATURE",
            "note": ""
        },
        "_r_2_5_8_9": {
            "name": "_r_2_5_8_9",
            "optional": true,
            "type": "FEATURE",
            "note": ""
        },
        "_r_2_6": {
            "name": "_r_2_6",
            "optional": true,
            "type": "XOR",
            "note": ""
        },
        "_r_2_6_13_14": {
            "name": "_r_2_6_13_14",
            "optional": true,
            "type": "FEATURE",
            "note": ""
        },
        "_r_2_6_13_15": {
            "name": "_r_2_6_13_15",
            "optional": true,
            "type": "FEATURE",
            "note": ""
        },
        "_r_2_6_13_16": {
            "name": "_r_2_6_13_16",
            "optional": true,
            "type": "FEATURE",
            "note": ""
        },
        "_r_3": {
            "name": "_r_3",
            "optional": true,
            "type": "FEATURE",
            "note": ""
        },
        "_r_4": {
            "name": "_r_4",
            "optional": false,
            "type": "FEATURE",
            "note": ""
        },
        "_r_7": {
            "name": "_r_7",
            "optional": true,
            "type": "FEATURE",
            "note": ""
        }
    },
    "tree": {
        "id": "_r",
        "children": [
            {
                "id": "_r_1"
            },
            {
                "id": "_r_2",
                "children": [
                    {
                        "id": "_r_2_5",
                        "children": [
                            {
                                "id": "_r_2_5_8_10"
                            },
                            {
                                "id": "_r_2_5_8_9"
                            }
                        ]
                    },
                    {
                        "id": "_r_2_6",
                        "children": [
                            {
                                "id": "_r_2_6_13_14"
                            },
                            {
                                "id": "_r_2_6_13_15"
                            },
                            {
                                "id": "_r_2_6_13_16"
                            }
                        ]
                    }
                ]
            },
            {
                "id": "_r_3"
            },
            {
                "id": "_r_4"
            },
            {
                "id": "_r_7"
            }
        ]
    },
    "constraints": {
        "Constraint 0": {
            "type": "ImpliesTerm",
            "operands": [
                {
                    "type": "FeatureTerm",
                    "operands": [
                        "_r_3"
                    ]
                },
                {
                    "type": "NotTerm",
                    "operands": [
                        {
                            "type": "FeatureTerm",
                            "operands": [
                                "_r_7"
                            ]
                        }
                    ]
                }
            ]
        }
    }
}