{
    "id": "FM__r",
    "name": "FM__r",
    "features": {
        "_r": {
            "name": "_r",
            "optional": true,
            "type": "FEATURE",
            "note": ""
        },
        "_r_4": {
            "name": "_r_4",
            "optional": false,
            "type": "FEATURE",
            "note": ""
        },
        "_r_4_6": {
            "name": "_r_4_6",
            "optional": false,
            "type": "FEATURE",
            "note": ""
        },
        "_r_4_64": {
            "name": "_r_4_64",
            "optional": false,
            "type": "FEATURE",
            "note": ""
        },
        "_r_4_64_65": {
            "name": "_r_4_64_65",
            "optional": false,
            "type": "XOR",
            "note": ""
        },
        "_r_4_64_65_66": {
            "name": "_r_4_64_65_66",
            "optional": true,
            "type": "FEATURE",
            "note": ""
        },
        "_r_4_64_65_74_75": {
            "name": "_r_4_64_65_74_75",
            "optional": true,
            "type": "FEATURE",
            "note": ""
        },
        "_r_4_64_65_74_76": {
            "name": "_r_4_64_65_74_76",
            "optional": true,
            "type": "FEATURE",
            "note": ""
        },
        "_r_4_64_77": {
            "name": "_r_4_64_77",
            "optional": false,
            "type": "FEATURE",
            "note": ""
        },
        "_r_4_64_78": {
            "name": "_r_4_64_78",
            "optional": true,
            "type": "FEATURE",
            "note": ""
        },
        "_r_4_6_8": {
            "name": "_r_4_6_8",
            "optional": false,
            "type": "FEATURE",
            "note": ""
        },
        "_r_4_6_8_26": {
            "name": "_r_4_6_8_26",
            "optional": true,
            "type": "XOR",
            "note": ""
        },
        "_r_4_6_8_26_27_28": {
            "name": "_r_4_6_8_26_27_28",
            "optional": true,
            "type": "FEATURE",
            "note": ""
        },
        "_r_4_6_8_26_27_29": {
            "name": "_r_4_6_8_26_27_29",
            "optional": true,
            "type": "FEATURE",
            "note": ""
        },
        "_r_4_6_8_26_58": {
            "name": "_r_4_6_8_26_58",
            "optional": false,
            "type": "XOR",
            "note": ""
        },
        "_r_4_6_8_26_58_59_60": {
            "name": "_r_4_6_8_26_58_59_60",
            "optional": true,
            "type": "FEATURE",
            "note": ""
        },
        "_r_4_6_8_26_58_59_60_63": {
            "name": "_r_4_6_8_26_58_59_60_63",
            "optional": false,
            "type": "FEATURE",
            "note": ""
        },
        "_r_4_6_8_26_58_59_61": {
            "name": "_r_4_6_8_26_58_59_61",
            "optional": true,
            "type": "FEATURE",
            "note": ""
        },
        "_r_4_6_8_9": {
            "name": "_r_4_6_8_9",
            "optional": true,
            "type": "FEATURE",
            "note": ""
        },
        "_r_4_6_8_9_11": {
            "name": "_r_4_6_8_9_11",
            "optional": false,
            "type": "FEATURE",
            "note": ""
        },
        "_r_4_6_8_9_11_13": {
            "name": "_r_4_6_8_9_11_13",
            "optional": false,
            "type": "FEATURE",
            "note": ""
        },
        "_r_4_6_8_9_11_13_14": {
            "name": "_r_4_6_8_9_11_13_14",
            "optional": true,
            "type": "XOR",
            "note": ""
        },
        "_r_4_6_8_9_11_13_14_31_32": {
            "name": "_r_4_6_8_9_11_13_14_31_32",
            "optional": true,
            "type": "FEATURE",
            "note": ""
        },
        "_r_4_6_8_9_11_13_14_31_33": {
            "name": "_r_4_6_8_9_11_13_14_31_33",
            "optional": true,
            "type": "FEATURE",
            "note": ""
        },
        "_r_4_6_8_9_11_13_14_31_34": {
            "name": "_r_4_6_8_9_11_13_14_31_34",
            "optional": true,
            "type": "FEATURE",
            "note": ""
        },
        "_r_4_6_8_9_11_13_15": {
            "name": "_r_4_6_8_9_11_13_15",
            "optional": true,
            "type": "XOR",
            "note": ""
        },
        "_r_4_6_8_9_11_13_15_35_36": {
            "name": "_r_4_6_8_9_11_13_15_35_36",
            "optional": true,
            "type": "FEATURE",
            "note": ""
        },
        "_r_4_6_8_9_11_13_15_35_37": {
            "name": "_r_4_6_8_9_11_13_15_35_37",
            "optional": true,
            "type": "FEATURE",
            "note": ""
        },
        "_r_4_6_8_9_11_13_15_35_38": {
            "name": "_r_4_6_8_9_11_13_15_35_38",
            "optional": true,
            "type": "FEATURE",
            "note": ""
        },
        "_r_4_6_8_9_11_13_15_43_44": {
            "name": "_r_4_6_8_9_11_13_15_43_44",
            "optional": true,
            "type": "FEATURE",
            "note": ""
        },
        "_r_4_6_8_9_11_13_15_43_45": {
            "name": "_r_4_6_8_9_11_13_15_43_45",
            "optional": true,
            "type": "FEATURE",
            "note": ""
        },
        "_r_4_6_8_9_11_13_15_43_46": {
            "name": "_r_4_6_8_9_11_13_15_43_46",
            "optional": true,
            "type": "FEATURE",
            "note": ""
        },
        "_r_4_6_8_9_11_13_47": {
            "name": "_r_4_6_8_9_11_13_47",
            "optional": true,
            "type": "XOR",
            "note": ""
        },
        "_r_4_6_8_9_11_13_47_48_49": {
            "name": "_r_4_6_8_9_11_13_47_48_49",
            "optional": true,
            "type": "FEATURE",
            "note": ""
        },
        "_r_4_6_8_9_11_13_47_48_50": {
            "name": "_r_4_6_8_9_11_13_47_48_50",
            "optional": true,
            "type": "FEATURE",
            "note": ""
        },
        "_r_4_6_8_9_11_13_47_48_51": {
            "name": "_r_4_6_8_9_11_13_47_48_51",
            "optional": true,
            "type": "FEATURE",
            "note": ""
        },
        "_r_4_6_8_9_11_13_52": {
            "name": "_r_4_6_8_9_11_13_52",
            "optional": true,
            "type": "XOR",
            "note": ""
        },
        "_r_4_6_8_9_11_13_52_53_54": {
            "name": "_r_4_6_8_9_11_13_52_53_54",
            "optional": true,
            "type": "FEATURE",
            "note": ""
        },
        "_r_4_6_8_9_11_13_52_53_55": {
            "name": "_r_4_6_8_9_11_13_52_53_55",
            "optional": true,
            "type": "FEATURE",
            "note": ""
        },
        "_r_4_6_8_9_11_13_52_53_56": {
            "name": "_r_4_6_8_9_11_13_52_53_56",
            "optional": true,
            "type": "FEATURE",
            "note": ""
        }
    },
    "tree": {
        "id": "_r",
        "children": [
            {
                "id": "_r_4",
                "children": [
                    {
                        "id": "_r_4_6",
                        "children": [
                            {
                                "id": "_r_4_6_8",
                                "children": [
                                    {
                                        "id": "_r_4_6_8_26",
                                        "children": [
                                            {
                                                "id": "_r_4_6_8_26_27_28"
                                            },
                                            {
                                                "id": "_r_4_6_8_26_27_29"
                                            },
                                            {
                                                "id": "_r_4_6_8_26_58",
                                                "children": [
                                                    {
                                                        "id": "_r_4_6_8_26_58_59_60",
                                                        "children": [
                                                            {
                                                                "id": "_r_4_6_8_26_58_59_60_63"
                                                            }
                                                        ]
                                                    },
                                                    {
                                                        "id": "_r_4_6_8_26_58_59_61"
                                                    }
                                                ]
                                            }
                                        ]
                                    },
                                    {
                                        "id": "_r_4_6_8_9",
                                        "children": [
                                            {
                                                "id": "_r_4_6_8_9_11",
                                                "children": [
                                                    {
                                                        "id": "_r_4_6_8_9_11_13",
                                                        "children": [
                                                            {
                                                                "id": "_r_4_6_8_9_11_13_14",
                                                                "children": [
                                                                    {
                                                                        "id": "_r_4_6_8_9_11_13_14_31_32"
                                                                    },
                                                                    {
                                                                        "id": "_r_4_6_8_9_11_13_14_31_33"
                                                                    },
                                                                    {
                                                                        "id": "_r_4_6_8_9_11_13_14_31_34"
                                                                    }
                                                                ]
                                                            },
                                                            {
                                                                "id": "_r_4_6_8_9_11_13_15",
                                                                "children": [
                                                                    {
                                                                        "id": "_r_4_6_8_9_11_13_15_35_36"
                                                                    },
                                                                    {
                                                                        "id": "_r_4_6_8_9_11_13_15_35_37"
                                                                    },
                                                                    {
                                                                        "id": "_r_4_6_8_9_11_13_15_35_38"
                                                                    },
                                                                    {
                                                                        "id": "_r_4_6_8_9_11_13_15_43_44"
                                                                    },
                                                                    {
                                                                        "id": "_r_4_6_8_9_11_13_15_43_45"
                                                                    },
                                                                    {
                                                                        "id": "_r_4_6_8_9_11_13_15_43_46"
                                                                    }
                                                                ]
                                                            },
                                                            {
                                                                "id": "_r_4_6_8_9_11_13_47",
                                                                "children": [
                                                                    {
                                                                        "id": "_r_4_6_8_9_11_13_47_48_49"
                                                                    },
                                                                    {
                                                                        "id": "_r_4_6_8_9_11_13_47_48_50"
                                                                    },
                                                                    {
                                                                        "id": "_r_4_6_8_9_11_13_47_48_51"
                                                                    }
                                                                ]
                                                            },
                                                            {
                                                                "id": "_r_4_6_8_9_11_13_52",
                                                                "children": [
                                                                    {
                                                                        "id": "_r_4_6_8_9_11_13_52_53_54"
                                                                    },
                                                                    {
                                                                        "id": "_r_4_6_8_9_11_13_52_53_55"
                                                                    },
                                                                    {
                                                                        "id": "_r_4_6_8_9_11_13_52_53_56"
                                                                    }
                                                                ]
                                                            }
                                                        ]
                                                    }
                                                ]
                                            }
                                        ]
                                    }
                                ]
                            }
                        ]
                    },
                    {
                        "id": "_r_4_64",
                        "children": [
                            {
                                "id": "_r_4_64_65",
                                "children": [
                                    {
                                        "id": "_r_4_64_65_66"
                                    },
                                    {
                                        "id": "_r_4_64_65_74_75"
                                    },
                                    {
                                        "id": "_r_4_64_65_74_76"
                                    }
                                ]
                            },
                            {
                                "id": "_r_4_64_77"
                            },
                            {
                                "id": "_r_4_64_78"
                            }
                        ]
                    }
                ]
            }
        ]
    },
    "constraints": {}
}