{
    "id": "FM__r",
    "name": "FM__r",
    "features": {
        "_r": {
            "name": "_r",
            "optional": true,
            "type": "FEATURE",
            "note": ""
        },
        "_r_6": {
            "name": "_r_6",
            "optional": false,
            "type": "FEATURE",
            "note": ""
        },
        "_r_6_13": {
            "name": "_r_6_13",
            "optional": false,
            "type": "XOR",
            "note": ""
        },
        "_r_6_13_14_15": {
            "name": "_r_6_13_14_15",
            "optional": true,
            "type": "FEATURE",
            "note": ""
        },
        "_r_6_13_14_16": {
            "name": "_r_6_13_14_16",
            "optional": true,
            "type": "FEATURE",
            "note": ""
        },
        "_r_6_13_14_17": {
            "name": "_r_6_13_14_17",
            "optional": true,
            "type": "FEATURE",
            "note": ""
        },
        "_r_6_13_14_18": {
            "name": "_r_6_13_14_18",
            "optional": true,
            "type": "FEATURE",
            "note": ""
        },
        "_r_6_7": {
            "name": "_r_6_7",
            "optional": true,
            "type": "XOR",
            "note": ""
        },
        "_r_6_7_12": {
            "name": "_r_6_7_12",
            "optional": true,
            "type": "FEATURE",
            "note": ""
        },
        "_r_6_7_8_10": {
            "name": "_r_6_7_8_10",
            "optional": true,
            "type": "FEATURE",
            "note": ""
        },
        "_r_6_7_8_9": {
            "name": "_r_6_7_8_9",
            "optional": true,
            "type": "FEATURE",
            "note": ""
        }
    },
    "tree": {
        "id": "_r",
        "children": [
            {
                "id": "_r_6",
                "children": [
                    {
                        "id": "_r_6_13",
                        "children": [
                            {
                                "id": "_r_6_13_14_15"
                            },
                            {
                                "id": "_r_6_13_14_16"
                            },
                            {
                                "id": "_r_6_13_14_17"
                            },
                            {
                                "id": "_r_6_13_14_18"
                            }
                        ]
                    },
                    {
                        "id": "_r_6_7",
                        "children": [
                            {
                                "id": "_r_6_7_12"
                            },
                            {
                                "id": "_r_6_7_8_10"
                            },
                            {
                                "id": "_r_6_7_8_9"
                            }
                        ]
                    }
                ]
            }
        ]
    },
    "constraints": {}
}