{
    "id": "FM__r",
    "name": "FM__r",
    "features": {
        "_r": {
            "name": "_r",
            "optional": true,
            "type": "OR",
            "note": ""
        },
        "_r_1": {
            "name": "_r_1",
            "optional": true,
            "type": "FEATURE",
            "note": ""
        },
        "_r_1_10_11": {
            "name": "_r_1_10_11",
            "optional": false,
            "type": "FEATURE",
            "note": ""
        },
        "_r_1_9": {
            "name": "_r_1_9",
            "optional": true,
            "type": "FEATURE",
            "note": ""
        },
        "_r_2_12": {
            "name": "_r_2_12",
            "optional": true,
            "type": "FEATURE",
            "note": ""
        },
        "_r_2_3": {
            "name": "_r_2_3",
            "optional": true,
            "type": "FEATURE",
            "note": ""
        },
        "_r_4_5": {
            "name": "_r_4_5",
            "optional": false,
            "type": "FEATURE",
            "note": ""
        },
        "_r_6": {
            "name": "_r_6",
            "optional": false,
            "type": "FEATURE",
            "note": ""
        },
        "_r_7": {
            "name": "_r_7",
            "optional": true,
            "type": "FEATURE",
            "note": ""
        },
        "_r_8": {
            "name": "_r_8",
            "optional": true,
            "type": "FEATURE",
            "note": ""
        }
    },
    "tree": {
        "id": "_r",
        "children": [
            {
                "id": "_r_1",
                "children": [
                    {
                        "id": "_r_1_10_11"
                    },
                    {
                        "id": "_r_1_9"
                    }
                ]
            },
            {
                "id": "_r_2_12"
            },
            {
                "id": "_r_2_3"
            },
            {
                "id": "_r_4_5"
            },
            {
                "id": "_r_6"
            },
            {
                "id": "_r_7"
            },
            {
                "id": "_r_8"
            }
        ]
    },
    "constraints": {}
}