{
    "id": "FM__r",
    "name": "FM__r",
    "features": {
        "_r": {
            "name": "_r",
            "optional": true,
            "type": "FEATURE",
            "note": ""
        },
        "_r_1": {
            "name": "_r_1",
            "optional": false,
            "type": "FEATURE",
            "note": ""
        },
        "_r_1_5": {
            "name": "_r_1_5",
            "optional": false,
            "type": "FEATURE",
            "note": ""
        },
        "_r_1_5_17": {
            "name": "_r_1_5_17",
            "optional": false,
            "type": "FEATURE",
            "note": ""
        },
        "_r_1_6": {
            "name": "_r_1_6",
            "optional": false,
            "type": "FEATURE",
            "note": ""
        },
        "_r_1_6_18": {
            "name": "_r_1_6_18",
            "optional": false,
            "type": "FEATURE",
            "note": ""
        },
        "_r_1_6_19": {
            "name": "_r_1_6_19",
            "optional": true,
            "type": "FEATURE",
            "note": ""
        },
        "_r_1_7": {
            "name": "_r_1_7",
            "optional": false,
            "type": "FEATURE",
            "note": ""
        },
        "_r_2": {
            "name": "_r_2",
            "optional": false,
            "type": "FEATURE",
            "note": ""
        },
        "_r_2_8": {
            "name": "_r_2_8",
            "optional": false,
            "type": "FEATURE",
            "note": ""
        },
        "_r_2_8_20": {
            "name": "_r_2_8_20",
            "optional": false,
            "type": "OR",
            "note": ""
        },
        "_r_2_8_20_29_32": {
            "name": "_r_2_8_20_29_32",
            "optional": true,
            "type": "FEATURE",
            "note": ""
        },
        "_r_2_8_20_29_33": {
            "name": "_r_2_8_20_29_33",
            "optional": true,
            "type": "FEATURE",
            "note": ""
        },
        "_r_2_8_20_29_34": {
            "name": "_r_2_8_20_29_34",
            "optional": true,
            "type": "FEATURE",
            "note": ""
        },
        "_r_2_8_22": {
            "name": "_r_2_8_22",
            "optional": false,
            "type": "FEATURE",
            "note": ""
        },
        "_r_2_8_23": {
            "name": "_r_2_8_23",
            "optional": false,
            "type": "FEATURE",
            "note": ""
        },
        "_r_2_9": {
            "name": "_r_2_9",
            "optional": false,
            "type": "FEATURE",
            "note": ""
        },
        "_r_2_9_25": {
            "name": "_r_2_9_25",
            "optional": false,
            "type": "FEATURE",
            "note": ""
        },
        "_r_2_9_26": {
            "name": "_r_2_9_26",
            "optional": false,
            "type": "FEATURE",
            "note": ""
        },
        "_r_2_9_36": {
            "name": "_r_2_9_36",
            "optional": true,
            "type": "FEATURE",
            "note": ""
        },
        "_r_3": {
            "name": "_r_3",
            "optional": false,
            "type": "FEATURE",
            "note": ""
        },
        "_r_3_11": {
            "name": "_r_3_11",
            "optional": false,
            "type": "FEATURE",
            "note": ""
        },
        "_r_3_12": {
            "name": "_r_3_12",
            "optional": false,
            "type": "FEATURE",
            "note": ""
        },
        "_r_3_13": {
            "name": "_r_3_13",
            "optional": false,
            "type": "FEATURE",
            "note": ""
        },
        "_r_3_13_14": {
            "name": "_r_3_13_14",
            "optional": false,
            "type": "FEATURE",
            "note": ""
        },
        "_r_3_13_15": {
            "name": "_r_3_13_15",
            "optional": true,
            "type": "FEATURE",
            "note": ""
        }
    },
    "tree": {
        "id": "_r",
        "children": [
            {
                "id": "_r_1",
                "children": [
                    {
                        "id": "_r_1_5",
                        "children": [
                            {
                                "id": "_r_1_5_17"
                            }
                        ]
                    },
                    {
                        "id": "_r_1_6",
                        "children": [
                            {
                                "id": "_r_1_6_18"
                            },
                            {
                                "id": "_r_1_6_19"
                            }
                        ]
                    },
                    {
                        "id": "_r_1_7"
                    }
                ]
            },
            {
                "id": "_r_2",
                "children": [
                    {
                        "id": "_r_2_8",
                        "children": [
                            {
                                "id": "_r_2_8_20",
                                "children": [
                                    {
                                        "id": "_r_2_8_20_29_32"
                                    },
                                    {
                                        "id": "_r_2_8_20_29_33"
                                    },
                                    {
                                        "id": "_r_2_8_20_29_34"
                                    }
                                ]
                            },
                            {
                                "id": "_r_2_8_22"
                            },
                            {
                                "id": "_r_2_8_23"
                            }
                        ]
                    },
                    {
                        "id": "_r_2_9",
                        "children": [
                            {
                                "id": "_r_2_9_25"
                            },
                            {
                                "id": "_r_2_9_26"
                            },
                            {
                                "id": "_r_2_9_36"
                            }
                        ]
                    }
                ]
            },
            {
                "id": "_r_3",
                "children": [
                    {
                        "id": "_r_3_11"
                    },
                    {
                        "id": "_r_3_12"
                    },
                    {
                        "id": "_r_3_13",
                        "children": [
                            {
                                "id": "_r_3_13_14"
                            },
                            {
                                "id": "_r_3_13_15"
                            }
                        ]
                    }
                ]
            }
        ]
    },
    "constraints": {}
}