{
    "id": "FM__r",
    "name": "FM__r",
    "features": {
        "_r": {
            "name": "_r",
            "optional": true,
            "type": "FEATURE",
            "note": ""
        },
        "_r_1": {
            "name": "_r_1",
            "optional": false,
            "type": "FEATURE",
            "note": ""
        },
        "_r_1_20": {
            "name": "_r_1_20",
            "optional": false,
            "type": "FEATURE",
            "note": ""
        },
        "_r_1_21": {
            "name": "_r_1_21",
            "optional": true,
            "type": "FEATURE",
            "note": ""
        },
        "_r_1_22": {
            "name": "_r_1_22",
            "optional": true,
            "type": "FEATURE",
            "note": ""
        },
        "_r_2": {
            "name": "_r_2",
            "optional": false,
            "type": "FEATURE",
            "note": ""
        },
        "_r_2_10": {
            "name": "_r_2_10",
            "optional": true,
            "type": "FEATURE",
            "note": ""
        },
        "_r_2_11": {
            "name": "_r_2_11",
            "optional": true,
            "type": "FEATURE",
            "note": ""
        },
        "_r_2_11_18": {
            "name": "_r_2_11_18",
            "optional": true,
            "type": "FEATURE",
            "note": ""
        },
        "_r_2_11_19": {
            "name": "_r_2_11_19",
            "optional": true,
            "type": "FEATURE",
            "note": ""
        },
        "_r_2_9": {
            "name": "_r_2_9",
            "optional": false,
            "type": "FEATURE",
            "note": ""
        },
        "_r_2_9_16": {
            "name": "_r_2_9_16",
            "optional": false,
            "type": "FEATURE",
            "note": ""
        },
        "_r_2_9_17": {
            "name": "_r_2_9_17",
            "optional": false,
            "type": "FEATURE",
            "note": ""
        },
        "_r_4": {
            "name": "_r_4",
            "optional": false,
            "type": "XOR",
            "note": ""
        },
        "_r_4_12_13": {
            "name": "_r_4_12_13",
            "optional": true,
            "type": "FEATURE",
            "note": ""
        },
        "_r_4_12_14": {
            "name": "_r_4_12_14",
            "optional": true,
            "type": "FEATURE",
            "note": ""
        },
        "_r_4_12_15": {
            "name": "_r_4_12_15",
            "optional": true,
            "type": "FEATURE",
            "note": ""
        }
    },
    "tree": {
        "id": "_r",
        "children": [
            {
                "id": "_r_1",
                "children": [
                    {
                        "id": "_r_1_20"
                    },
                    {
                        "id": "_r_1_21"
                    },
                    {
                        "id": "_r_1_22"
                    }
                ]
            },
            {
                "id": "_r_2",
                "children": [
                    {
                        "id": "_r_2_10"
                    },
                    {
                        "id": "_r_2_11",
                        "children": [
                            {
                                "id": "_r_2_11_18"
                            },
                            {
                                "id": "_r_2_11_19"
                            }
                        ]
                    },
                    {
                        "id": "_r_2_9",
                        "children": [
                            {
                                "id": "_r_2_9_16"
                            },
                            {
                                "id": "_r_2_9_17"
                            }
                        ]
                    }
                ]
            },
            {
                "id": "_r_4",
                "children": [
                    {
                        "id": "_r_4_12_13"
                    },
                    {
                        "id": "_r_4_12_14"
                    },
                    {
                        "id": "_r_4_12_15"
                    }
                ]
            }
        ]
    },
    "constraints": {
        "Constraint 0": {
            "type": "ImpliesTerm",
            "operands": [
                {
                    "type": "FeatureTerm",
                    "operands": [
                        "_r_2_10"
                    ]
                },
                {
                    "type": "FeatureTerm",
                    "operands": [
                        "_r_2_11"
                    ]
                }
            ]
        }
    }
}