{
    "id": "FM__r",
    "name": "FM__r",
    "features": {
        "_r": {
            "name": "_r",
            "optional": true,
            "type": "FEATURE",
            "note": ""
        },
        "_r_1": {
            "name": "_r_1",
            "optional": false,
            "type": "OR",
            "note": ""
        },
        "_r_1_11_12": {
            "name": "_r_1_11_12",
            "optional": true,
            "type": "FEATURE",
            "note": ""
        },
        "_r_1_11_13": {
            "name": "_r_1_11_13",
            "optional": true,
            "type": "FEATURE",
            "note": ""
        },
        "_r_1_11_14": {
            "name": "_r_1_11_14",
            "optional": true,
            "type": "OR",
            "note": ""
        },
        "_r_1_11_14_15_16": {
            "name": "_r_1_11_14_15_16",
            "optional": true,
            "type": "FEATURE",
            "note": ""
        },
        "_r_1_11_14_15_17": {
            "name": "_r_1_11_14_15_17",
            "optional": true,
            "type": "FEATURE",
            "note": ""
        },
        "_r_1_11_14_15_18": {
            "name": "_r_1_11_14_15_18",
            "optional": true,
            "type": "FEATURE",
            "note": ""
        },
        "_r_1_11_14_15_19": {
            "name": "_r_1_11_14_15_19",
            "optional": true,
            "type": "FEATURE",
            "note": ""
        },
        "_r_1_11_14_15_20": {
            "name": "_r_1_11_14_15_20",
            "optional": true,
            "type": "FEATURE",
            "note": ""
        },
        "_r_2": {
            "name": "_r_2",
            "optional": false,
            "type": "FEATURE",
            "note": ""
        },
        "_r_2_44": {
            "name": "_r_2_44",
            "optional": true,
            "type": "OR",
            "note": ""
        },
        "_r_2_44_48_49": {
            "name": "_r_2_44_48_49",
            "optional": true,
            "type": "FEATURE",
            "note": ""
        },
        "_r_2_44_48_50": {
            "name": "_r_2_44_48_50",
            "optional": true,
            "type": "FEATURE",
            "note": ""
        },
        "_r_2_44_48_51": {
            "name": "_r_2_44_48_51",
            "optional": true,
            "type": "FEATURE",
            "note": ""
        },
        "_r_2_45": {
            "name": "_r_2_45",
            "optional": true,
            "type": "OR",
            "note": ""
        },
        "_r_2_45_52_53": {
            "name": "_r_2_45_52_53",
            "optional": true,
            "type": "FEATURE",
            "note": ""
        },
        "_r_2_45_52_54": {
            "name": "_r_2_45_52_54",
            "optional": true,
            "type": "FEATURE",
            "note": ""
        },
        "_r_2_46": {
            "name": "_r_2_46",
            "optional": true,
            "type": "FEATURE",
            "note": ""
        },
        "_r_2_47": {
            "name": "_r_2_47",
            "optional": true,
            "type": "FEATURE",
            "note": ""
        },
        "_r_2_47_55_56": {
            "name": "_r_2_47_55_56",
            "optional": false,
            "type": "FEATURE",
            "note": ""
        },
        "_r_3": {
            "name": "_r_3",
            "optional": false,
            "type": "OR",
            "note": ""
        },
        "_r_3_6_10": {
            "name": "_r_3_6_10",
            "optional": true,
            "type": "FEATURE",
            "note": ""
        },
        "_r_3_6_7": {
            "name": "_r_3_6_7",
            "optional": true,
            "type": "FEATURE",
            "note": ""
        },
        "_r_3_6_8": {
            "name": "_r_3_6_8",
            "optional": true,
            "type": "FEATURE",
            "note": ""
        },
        "_r_3_6_9": {
            "name": "_r_3_6_9",
            "optional": true,
            "type": "FEATURE",
            "note": ""
        },
        "_r_4": {
            "name": "_r_4",
            "optional": false,
            "type": "XOR",
            "note": ""
        },
        "_r_4_21": {
            "name": "_r_4_21",
            "optional": false,
            "type": "OR",
            "note": ""
        },
        "_r_4_21_29_30": {
            "name": "_r_4_21_29_30",
            "optional": true,
            "type": "FEATURE",
            "note": ""
        },
        "_r_4_21_29_31": {
            "name": "_r_4_21_29_31",
            "optional": true,
            "type": "FEATURE",
            "note": ""
        },
        "_r_4_21_29_32": {
            "name": "_r_4_21_29_32",
            "optional": true,
            "type": "FEATURE",
            "note": ""
        },
        "_r_4_21_29_33": {
            "name": "_r_4_21_29_33",
            "optional": true,
            "type": "FEATURE",
            "note": ""
        },
        "_r_4_21_29_34": {
            "name": "_r_4_21_29_34",
            "optional": true,
            "type": "OR",
            "note": ""
        },
        "_r_4_21_29_34_36_37": {
            "name": "_r_4_21_29_34_36_37",
            "optional": true,
            "type": "FEATURE",
            "note": ""
        },
        "_r_4_21_29_34_36_38": {
            "name": "_r_4_21_29_34_36_38",
            "optional": true,
            "type": "FEATURE",
            "note": ""
        },
        "_r_4_21_29_35": {
            "name": "_r_4_21_29_35",
            "optional": true,
            "type": "FEATURE",
            "note": ""
        },
        "_r_4_21_29_35_57": {
            "name": "_r_4_21_29_35_57",
            "optional": true,
            "type": "FEATURE",
            "note": ""
        },
        "_r_4_21_29_35_58": {
            "name": "_r_4_21_29_35_58",
            "optional": true,
            "type": "OR",
            "note": ""
        },
        "_r_4_21_29_35_58_59_60": {
            "name": "_r_4_21_29_35_58_59_60",
            "optional": true,
            "type": "FEATURE",
            "note": ""
        },
        "_r_4_21_29_35_58_59_61": {
            "name": "_r_4_21_29_35_58_59_61",
            "optional": true,
            "type": "FEATURE",
            "note": ""
        },
        "_r_4_22_23": {
            "name": "_r_4_22_23",
            "optional": true,
            "type": "FEATURE",
            "note": ""
        },
        "_r_4_22_24": {
            "name": "_r_4_22_24",
            "optional": true,
            "type": "FEATURE",
            "note": ""
        },
        "_r_4_22_25": {
            "name": "_r_4_22_25",
            "optional": true,
            "type": "FEATURE",
            "note": ""
        },
        "_r_4_22_26": {
            "name": "_r_4_22_26",
            "optional": true,
            "type": "FEATURE",
            "note": ""
        },
        "_r_5": {
            "name": "_r_5",
            "optional": false,
            "type": "XOR",
            "note": ""
        },
        "_r_5_39_40": {
            "name": "_r_5_39_40",
            "optional": true,
            "type": "FEATURE",
            "note": ""
        },
        "_r_5_39_41": {
            "name": "_r_5_39_41",
            "optional": true,
            "type": "FEATURE",
            "note": ""
        }
    },
    "tree": {
        "id": "_r",
        "children": [
            {
                "id": "_r_1",
                "children": [
                    {
                        "id": "_r_1_11_12"
                    },
                    {
                        "id": "_r_1_11_13"
                    },
                    {
                        "id": "_r_1_11_14",
                        "children": [
                            {
                                "id": "_r_1_11_14_15_16"
                            },
                            {
                                "id": "_r_1_11_14_15_17"
                            },
                            {
                                "id": "_r_1_11_14_15_18"
                            },
                            {
                                "id": "_r_1_11_14_15_19"
                            },
                            {
                                "id": "_r_1_11_14_15_20"
                            }
                        ]
                    }
                ]
            },
            {
                "id": "_r_2",
                "children": [
                    {
                        "id": "_r_2_44",
                        "children": [
                            {
                                "id": "_r_2_44_48_49"
                            },
                            {
                                "id": "_r_2_44_48_50"
                            },
                            {
                                "id": "_r_2_44_48_51"
                            }
                        ]
                    },
                    {
                        "id": "_r_2_45",
                        "children": [
                            {
                                "id": "_r_2_45_52_53"
                            },
                            {
                                "id": "_r_2_45_52_54"
                            }
                        ]
                    },
                    {
                        "id": "_r_2_46"
                    },
                    {
                        "id": "_r_2_47",
                        "children": [
                            {
                                "id": "_r_2_47_55_56"
                            }
                        ]
                    }
                ]
            },
            {
                "id": "_r_3",
                "children": [
                    {
                        "id": "_r_3_6_10"
                    },
                    {
                        "id": "_r_3_6_7"
                    },
                    {
                        "id": "_r_3_6_8"
                    },
                    {
                        "id": "_r_3_6_9"
                    }
                ]
            },
            {
                "id": "_r_4",
                "children": [
                    {
                        "id": "_r_4_21",
                        "children": [
                            {
                                "id": "_r_4_21_29_30"
                            },
                            {
                                "id": "_r_4_21_29_31"
                            },
                            {
                                "id": "_r_4_21_29_32"
                            },
                            {
                                "id": "_r_4_21_29_33"
                            },
                            {
                                "id": "_r_4_21_29_34",
                                "children": [
                                    {
                                        "id": "_r_4_21_29_34_36_37"
                                    },
                                    {
                                        "id": "_r_4_21_29_34_36_38"
                                    }
                                ]
                            },
                            {
                                "id": "_r_4_21_29_35",
                                "children": [
                                    {
                                        "id": "_r_4_21_29_35_57"
                                    },
                                    {
                                        "id": "_r_4_21_29_35_58",
                                        "children": [
                                            {
                                                "id": "_r_4_21_29_35_58_59_60"
                                            },
                                            {
                                                "id": "_r_4_21_29_35_58_59_61"
                                            }
                                        ]
                                    }
                                ]
                            }
                        ]
                    },
                    {
                        "id": "_r_4_22_23"
                    },
                    {
                        "id": "_r_4_22_24"
                    },
                    {
                        "id": "_r_4_22_25"
                    },
                    {
                        "id": "_r_4_22_26"
                    }
                ]
            },
            {
                "id": "_r_5",
                "children": [
                    {
                        "id": "_r_5_39_40"
                    },
                    {
                        "id": "_r_5_39_41"
                    }
                ]
            }
        ]
    },
    "constraints": {}
}