{
    "id": "FM__r",
    "name": "FM__r",
    "features": {
        "_r": {
            "name": "_r",
            "optional": true,
            "type": "FEATURE",
            "note": ""
        },
        "_r_1": {
            "name": "_r_1",
            "optional": false,
            "type": "XOR",
            "note": ""
        },
        "_r_10": {
            "name": "_r_10",
            "optional": false,
            "type": "XOR",
            "note": ""
        },
        "_r_10_11_12": {
            "name": "_r_10_11_12",
            "optional": true,
            "type": "FEATURE",
            "note": ""
        },
        "_r_10_11_13": {
            "name": "_r_10_11_13",
            "optional": true,
            "type": "FEATURE",
            "note": ""
        },
        "_r_10_11_14": {
            "name": "_r_10_11_14",
            "optional": true,
            "type": "FEATURE",
            "note": ""
        },
        "_r_15": {
            "name": "_r_15",
            "optional": false,
            "type": "OR",
            "note": ""
        },
        "_r_15_17_18": {
            "name": "_r_15_17_18",
            "optional": true,
            "type": "FEATURE",
            "note": ""
        },
        "_r_15_17_19": {
            "name": "_r_15_17_19",
            "optional": true,
            "type": "FEATURE",
            "note": ""
        },
        "_r_15_17_20": {
            "name": "_r_15_17_20",
            "optional": true,
            "type": "OR",
            "note": ""
        },
        "_r_15_17_20_23_24": {
            "name": "_r_15_17_20_23_24",
            "optional": true,
            "type": "FEATURE",
            "note": ""
        },
        "_r_15_17_20_23_25": {
            "name": "_r_15_17_20_23_25",
            "optional": true,
            "type": "FEATURE",
            "note": ""
        },
        "_r_15_17_20_23_26": {
            "name": "_r_15_17_20_23_26",
            "optional": true,
            "type": "FEATURE",
            "note": ""
        },
        "_r_1_4_5": {
            "name": "_r_1_4_5",
            "optional": true,
            "type": "FEATURE",
            "note": ""
        },
        "_r_1_4_6": {
            "name": "_r_1_4_6",
            "optional": true,
            "type": "FEATURE",
            "note": ""
        },
        "_r_1_4_7": {
            "name": "_r_1_4_7",
            "optional": true,
            "type": "FEATURE",
            "note": ""
        },
        "_r_27": {
            "name": "_r_27",
            "optional": false,
            "type": "OR",
            "note": ""
        },
        "_r_27_28_29": {
            "name": "_r_27_28_29",
            "optional": true,
            "type": "FEATURE",
            "note": ""
        },
        "_r_27_28_32": {
            "name": "_r_27_28_32",
            "optional": true,
            "type": "FEATURE",
            "note": ""
        },
        "_r_27_28_33": {
            "name": "_r_27_28_33",
            "optional": true,
            "type": "FEATURE",
            "note": ""
        },
        "_r_27_28_34": {
            "name": "_r_27_28_34",
            "optional": true,
            "type": "FEATURE",
            "note": ""
        },
        "_r_35": {
            "name": "_r_35",
            "optional": true,
            "type": "XOR",
            "note": ""
        },
        "_r_35_36_37": {
            "name": "_r_35_36_37",
            "optional": true,
            "type": "FEATURE",
            "note": ""
        },
        "_r_35_36_38": {
            "name": "_r_35_36_38",
            "optional": true,
            "type": "FEATURE",
            "note": ""
        },
        "_r_35_36_39": {
            "name": "_r_35_36_39",
            "optional": true,
            "type": "FEATURE",
            "note": ""
        },
        "_r_40": {
            "name": "_r_40",
            "optional": true,
            "type": "FEATURE",
            "note": ""
        },
        "_r_40_41": {
            "name": "_r_40_41",
            "optional": true,
            "type": "FEATURE",
            "note": ""
        },
        "_r_40_42": {
            "name": "_r_40_42",
            "optional": true,
            "type": "XOR",
            "note": ""
        },
        "_r_40_42_43_44": {
            "name": "_r_40_42_43_44",
            "optional": true,
            "type": "FEATURE",
            "note": ""
        },
        "_r_40_42_43_45": {
            "name": "_r_40_42_43_45",
            "optional": true,
            "type": "FEATURE",
            "note": ""
        },
        "_r_40_42_43_46": {
            "name": "_r_40_42_43_46",
            "optional": true,
            "type": "FEATURE",
            "note": ""
        },
        "_r_47": {
            "name": "_r_47",
            "optional": false,
            "type": "XOR",
            "note": ""
        },
        "_r_47_49_50": {
            "name": "_r_47_49_50",
            "optional": true,
            "type": "FEATURE",
            "note": ""
        },
        "_r_47_49_51": {
            "name": "_r_47_49_51",
            "optional": true,
            "type": "FEATURE",
            "note": ""
        }
    },
    "tree": {
        "id": "_r",
        "children": [
            {
                "id": "_r_1",
                "children": [
                    {
                        "id": "_r_1_4_5"
                    },
                    {
                        "id": "_r_1_4_6"
                    },
                    {
                        "id": "_r_1_4_7"
                    }
                ]
            },
            {
                "id": "_r_10",
                "children": [
                    {
                        "id": "_r_10_11_12"
                    },
                    {
                        "id": "_r_10_11_13"
                    },
                    {
                        "id": "_r_10_11_14"
                    }
                ]
            },
            {
                "id": "_r_15",
                "children": [
                    {
                        "id": "_r_15_17_18"
                    },
                    {
                        "id": "_r_15_17_19"
                    },
                    {
                        "id": "_r_15_17_20",
                        "children": [
                            {
                                "id": "_r_15_17_20_23_24"
                            },
                            {
                                "id": "_r_15_17_20_23_25"
                            },
                            {
                                "id": "_r_15_17_20_23_26"
                            }
                        ]
                    }
                ]
            },
            {
                "id": "_r_27",
                "children": [
                    {
                        "id": "_r_27_28_29"
                    },
                    {
                        "id": "_r_27_28_32"
                    },
                    {
                        "id": "_r_27_28_33"
                    },
                    {
                        "id": "_r_27_28_34"
                    }
                ]
            },
            {
                "id": "_r_35",
                "children": [
                    {
                        "id": "_r_35_36_37"
                    },
                    {
                        "id": "_r_35_36_38"
                    },
                    {
                        "id": "_r_35_36_39"
                    }
                ]
            },
            {
                "id": "_r_40",
                "children": [
                    {
                        "id": "_r_40_41"
                    },
                    {
                        "id": "_r_40_42",
                        "children": [
                            {
                                "id": "_r_40_42_43_44"
                            },
                            {
                                "id": "_r_40_42_43_45"
                            },
                            {
                                "id": "_r_40_42_43_46"
                            }
                        ]
                    }
                ]
            },
            {
                "id": "_r_47",
                "children": [
                    {
                        "id": "_r_47_49_50"
                    },
                    {
                        "id": "_r_47_49_51"
                    }
                ]
            }
        ]
    },
    "constraints": {
        "Constraint 0": {
            "type": "ImpliesTerm",
            "operands": [
                {
                    "type": "FeatureTerm",
                    "operands": [
                        "_r_1_4_6"
                    ]
                },
                {
                    "type": "NotTerm",
                    "operands": [
                        {
                            "type": "FeatureTerm",
                            "operands": [
                                "_r_10_11_14"
                            ]
                        }
                    ]
                }
            ]
        }
    }
}