{
    "id": "FM__r",
    "name": "FM__r",
    "features": {
        "_r": {
            "name": "_r",
            "optional": true,
            "type": "FEATURE",
            "note": ""
        },
        "_r_1": {
            "name": "_r_1",
            "optional": true,
            "type": "OR",
            "note": ""
        },
        "_r_1_7_8": {
            "name": "_r_1_7_8",
            "optional": true,
            "type": "FEATURE",
            "note": ""
        },
        "_r_1_7_9": {
            "name": "_r_1_7_9",
            "optional": true,
            "type": "FEATURE",
            "note": ""
        },
        "_r_3": {
            "name": "_r_3",
            "optional": false,
            "type": "XOR",
            "note": ""
        },
        "_r_3_10_11": {
            "name": "_r_3_10_11",
            "optional": true,
            "type": "FEATURE",
            "note": ""
        },
        "_r_3_10_12": {
            "name": "_r_3_10_12",
            "optional": true,
            "type": "FEATURE",
            "note": ""
        },
        "_r_4": {
            "name": "_r_4",
            "optional": false,
            "type": "OR",
            "note": ""
        },
        "_r_4_23_24": {
            "name": "_r_4_23_24",
            "optional": true,
            "type": "FEATURE",
            "note": ""
        },
        "_r_4_23_25": {
            "name": "_r_4_23_25",
            "optional": true,
            "type": "FEATURE",
            "note": ""
        },
        "_r_4_23_26": {
            "name": "_r_4_23_26",
            "optional": true,
            "type": "FEATURE",
            "note": ""
        },
        "_r_5": {
            "name": "_r_5",
            "optional": false,
            "type": "FEATURE",
            "note": ""
        },
        "_r_6": {
            "name": "_r_6",
            "optional": true,
            "type": "FEATURE",
            "note": ""
        },
        "_r_6_13": {
            "name": "_r_6_13",
            "optional": true,
            "type": "OR",
            "note": ""
        },
        "_r_6_13_15_16": {
            "name": "_r_6_13_15_16",
            "optional": true,
            "type": "FEATURE",
            "note": ""
        },
        "_r_6_13_15_17": {
            "name": "_r_6_13_15_17",
            "optional": true,
            "type": "FEATURE",
            "note": ""
        },
        "_r_6_13_15_18": {
            "name": "_r_6_13_15_18",
            "optional": true,
            "type": "FEATURE",
            "note": ""
        },
        "_r_6_14": {
            "name": "_r_6_14",
            "optional": true,
            "type": "OR",
            "note": ""
        },
        "_r_6_14_19_20": {
            "name": "_r_6_14_19_20",
            "optional": true,
            "type": "FEATURE",
            "note": ""
        },
        "_r_6_14_19_21": {
            "name": "_r_6_14_19_21",
            "optional": true,
            "type": "FEATURE",
            "note": ""
        },
        "_r_6_14_19_22": {
            "name": "_r_6_14_19_22",
            "optional": true,
            "type": "FEATURE",
            "note": ""
        }
    },
    "tree": {
        "id": "_r",
        "children": [
            {
                "id": "_r_1",
                "children": [
                    {
                        "id": "_r_1_7_8"
                    },
                    {
                        "id": "_r_1_7_9"
                    }
                ]
            },
            {
                "id": "_r_3",
                "children": [
                    {
                        "id": "_r_3_10_11"
                    },
                    {
                        "id": "_r_3_10_12"
                    }
                ]
            },
            {
                "id": "_r_4",
                "children": [
                    {
                        "id": "_r_4_23_24"
                    },
                    {
                        "id": "_r_4_23_25"
                    },
                    {
                        "id": "_r_4_23_26"
                    }
                ]
            },
            {
                "id": "_r_5"
            },
            {
                "id": "_r_6",
                "children": [
                    {
                        "id": "_r_6_13",
                        "children": [
                            {
                                "id": "_r_6_13_15_16"
                            },
                            {
                                "id": "_r_6_13_15_17"
                            },
                            {
                                "id": "_r_6_13_15_18"
                            }
                        ]
                    },
                    {
                        "id": "_r_6_14",
                        "children": [
                            {
                                "id": "_r_6_14_19_20"
                            },
                            {
                                "id": "_r_6_14_19_21"
                            },
                            {
                                "id": "_r_6_14_19_22"
                            }
                        ]
                    }
                ]
            }
        ]
    },
    "constraints": {
        "Constraint 0": {
            "type": "ImpliesTerm",
            "operands": [
                {
                    "type": "FeatureTerm",
                    "operands": [
                        "_r_1"
                    ]
                },
                {
                    "type": "FeatureTerm",
                    "operands": [
                        "_r_3"
                    ]
                }
            ]
        },
        "Constraint 1": {
            "type": "ImpliesTerm",
            "operands": [
                {
                    "type": "FeatureTerm",
                    "operands": [
                        "_r_4"
                    ]
                },
                {
                    "type": "FeatureTerm",
                    "operands": [
                        "_r_5"
                    ]
                }
            ]
        }
    }
}