{
    "id": "FM__r",
    "name": "FM__r",
    "features": {
        "_r": {
            "name": "_r",
            "optional": true,
            "type": "FEATURE",
            "note": ""
        },
        "_r_5": {
            "name": "_r_5",
            "optional": false,
            "type": "FEATURE",
            "note": ""
        },
        "_r_58": {
            "name": "_r_58",
            "optional": false,
            "type": "FEATURE",
            "note": ""
        },
        "_r_58_59": {
            "name": "_r_58_59",
            "optional": false,
            "type": "FEATURE",
            "note": ""
        },
        "_r_58_59_62": {
            "name": "_r_58_59_62",
            "optional": false,
            "type": "XOR",
            "note": ""
        },
        "_r_58_59_62_63_64": {
            "name": "_r_58_59_62_63_64",
            "optional": true,
            "type": "FEATURE",
            "note": ""
        },
        "_r_58_59_62_63_65": {
            "name": "_r_58_59_62_63_65",
            "optional": true,
            "type": "FEATURE",
            "note": ""
        },
        "_r_58_59_62_63_66": {
            "name": "_r_58_59_62_63_66",
            "optional": true,
            "type": "FEATURE",
            "note": ""
        },
        "_r_58_59_62_63_66_67": {
            "name": "_r_58_59_62_63_66_67",
            "optional": false,
            "type": "FEATURE",
            "note": ""
        },
        "_r_5_6": {
            "name": "_r_5_6",
            "optional": false,
            "type": "FEATURE",
            "note": ""
        },
        "_r_5_6_7": {
            "name": "_r_5_6_7",
            "optional": false,
            "type": "FEATURE",
            "note": ""
        },
        "_r_5_6_7_9": {
            "name": "_r_5_6_7_9",
            "optional": true,
            "type": "FEATURE",
            "note": ""
        },
        "_r_5_6_7_9_11": {
            "name": "_r_5_6_7_9_11",
            "optional": true,
            "type": "FEATURE",
            "note": ""
        },
        "_r_5_6_7_9_11_12": {
            "name": "_r_5_6_7_9_11_12",
            "optional": false,
            "type": "FEATURE",
            "note": ""
        },
        "_r_5_6_7_9_11_12_13": {
            "name": "_r_5_6_7_9_11_12_13",
            "optional": true,
            "type": "XOR",
            "note": ""
        },
        "_r_5_6_7_9_11_12_13_37_38": {
            "name": "_r_5_6_7_9_11_12_13_37_38",
            "optional": true,
            "type": "FEATURE",
            "note": ""
        },
        "_r_5_6_7_9_11_12_13_37_39": {
            "name": "_r_5_6_7_9_11_12_13_37_39",
            "optional": true,
            "type": "FEATURE",
            "note": ""
        },
        "_r_5_6_7_9_11_12_13_37_40": {
            "name": "_r_5_6_7_9_11_12_13_37_40",
            "optional": true,
            "type": "FEATURE",
            "note": ""
        },
        "_r_5_6_7_9_11_12_15": {
            "name": "_r_5_6_7_9_11_12_15",
            "optional": true,
            "type": "XOR",
            "note": ""
        },
        "_r_5_6_7_9_11_12_15_41_42": {
            "name": "_r_5_6_7_9_11_12_15_41_42",
            "optional": true,
            "type": "FEATURE",
            "note": ""
        },
        "_r_5_6_7_9_11_12_15_41_43": {
            "name": "_r_5_6_7_9_11_12_15_41_43",
            "optional": true,
            "type": "FEATURE",
            "note": ""
        },
        "_r_5_6_7_9_11_12_15_41_44": {
            "name": "_r_5_6_7_9_11_12_15_41_44",
            "optional": true,
            "type": "FEATURE",
            "note": ""
        },
        "_r_5_6_7_9_11_12_16": {
            "name": "_r_5_6_7_9_11_12_16",
            "optional": true,
            "type": "XOR",
            "note": ""
        },
        "_r_5_6_7_9_11_12_16_45_46": {
            "name": "_r_5_6_7_9_11_12_16_45_46",
            "optional": true,
            "type": "FEATURE",
            "note": ""
        },
        "_r_5_6_7_9_11_12_16_45_47": {
            "name": "_r_5_6_7_9_11_12_16_45_47",
            "optional": true,
            "type": "FEATURE",
            "note": ""
        },
        "_r_5_6_7_9_11_12_16_45_48": {
            "name": "_r_5_6_7_9_11_12_16_45_48",
            "optional": true,
            "type": "FEATURE",
            "note": ""
        },
        "_r_5_6_7_9_11_12_17": {
            "name": "_r_5_6_7_9_11_12_17",
            "optional": true,
            "type": "XOR",
            "note": ""
        },
        "_r_5_6_7_9_11_12_17_49_50": {
            "name": "_r_5_6_7_9_11_12_17_49_50",
            "optional": true,
            "type": "FEATURE",
            "note": ""
        },
        "_r_5_6_7_9_11_12_17_49_51": {
            "name": "_r_5_6_7_9_11_12_17_49_51",
            "optional": true,
            "type": "FEATURE",
            "note": ""
        },
        "_r_5_6_7_9_11_12_17_49_52": {
            "name": "_r_5_6_7_9_11_12_17_49_52",
            "optional": true,
            "type": "FEATURE",
            "note": ""
        },
        "_r_5_6_7_9_36": {
            "name": "_r_5_6_7_9_36",
            "optional": true,
            "type": "XOR",
            "note": ""
        },
        "_r_5_6_7_9_36_53_54": {
            "name": "_r_5_6_7_9_36_53_54",
            "optional": true,
            "type": "FEATURE",
            "note": ""
        },
        "_r_5_6_7_9_36_53_55": {
            "name": "_r_5_6_7_9_36_53_55",
            "optional": true,
            "type": "FEATURE",
            "note": ""
        },
        "_r_5_6_7_9_57": {
            "name": "_r_5_6_7_9_57",
            "optional": false,
            "type": "FEATURE",
            "note": ""
        }
    },
    "tree": {
        "id": "_r",
        "children": [
            {
                "id": "_r_5",
                "children": [
                    {
                        "id": "_r_5_6",
                        "children": [
                            {
                                "id": "_r_5_6_7",
                                "children": [
                                    {
                                        "id": "_r_5_6_7_9",
                                        "children": [
                                            {
                                                "id": "_r_5_6_7_9_11",
                                                "children": [
                                                    {
                                                        "id": "_r_5_6_7_9_11_12",
                                                        "children": [
                                                            {
                                                                "id": "_r_5_6_7_9_11_12_13",
                                                                "children": [
                                                                    {
                                                                        "id": "_r_5_6_7_9_11_12_13_37_38"
                                                                    },
                                                                    {
                                                                        "id": "_r_5_6_7_9_11_12_13_37_39"
                                                                    },
                                                                    {
                                                                        "id": "_r_5_6_7_9_11_12_13_37_40"
                                                                    }
                                                                ]
                                                            },
                                                            {
                                                                "id": "_r_5_6_7_9_11_12_15",
                                                                "children": [
                                                                    {
                                                                        "id": "_r_5_6_7_9_11_12_15_41_42"
                                                                    },
                                                                    {
                                                                        "id": "_r_5_6_7_9_11_12_15_41_43"
                                                                    },
                                                                    {
                                                                        "id": "_r_5_6_7_9_11_12_15_41_44"
                                                                    }
                                                                ]
                                                            },
                                                            {
                                                                "id": "_r_5_6_7_9_11_12_16",
                                                                "children": [
                                                                    {
                                                                        "id": "_r_5_6_7_9_11_12_16_45_46"
                                                                    },
                                                                    {
                                                                        "id": "_r_5_6_7_9_11_12_16_45_47"
                                                                    },
                                                                    {
                                                                        "id": "_r_5_6_7_9_11_12_16_45_48"
                                                                    }
                                                                ]
                                                            },
                                                            {
                                                                "id": "_r_5_6_7_9_11_12_17",
                                                                "children": [
                                                                    {
                                                                        "id": "_r_5_6_7_9_11_12_17_49_50"
                                                                    },
                                                                    {
                                                                        "id": "_r_5_6_7_9_11_12_17_49_51"
                                                                    },
                                                                    {
                                                                        "id": "_r_5_6_7_9_11_12_17_49_52"
                                                                    }
                                                                ]
                                                            }
                                                        ]
                                                    }
                                                ]
                                            },
                                            {
                                                "id": "_r_5_6_7_9_36",
                                                "children": [
                                                    {
                                                        "id": "_r_5_6_7_9_36_53_54"
                                                    },
                                                    {
                                                        "id": "_r_5_6_7_9_36_53_55"
                                                    }
                                                ]
                                            },
                                            {
                                                "id": "_r_5_6_7_9_57"
                                            }
                                        ]
                                    }
                                ]
                            }
                        ]
                    }
                ]
            },
            {
                "id": "_r_58",
                "children": [
                    {
                        "id": "_r_58_59",
                        "children": [
                            {
                                "id": "_r_58_59_62",
                                "children": [
                                    {
                                        "id": "_r_58_59_62_63_64"
                                    },
                                    {
                                        "id": "_r_58_59_62_63_65"
                                    },
                                    {
                                        "id": "_r_58_59_62_63_66",
                                        "children": [
                                            {
                                                "id": "_r_58_59_62_63_66_67"
                                            }
                                        ]
                                    }
                                ]
                            }
                        ]
                    }
                ]
            }
        ]
    },
    "constraints": {}
}