{
    "id": "FM__r",
    "name": "FM__r",
    "features": {
        "_r": {
            "name": "_r",
            "optional": true,
            "type": "FEATURE",
            "note": ""
        },
        "_r_1": {
            "name": "_r_1",
            "optional": false,
            "type": "FEATURE",
            "note": ""
        },
        "_r_2": {
            "name": "_r_2",
            "optional": false,
            "type": "XOR",
            "note": ""
        },
        "_r_2_5_10": {
            "name": "_r_2_5_10",
            "optional": true,
            "type": "FEATURE",
            "note": ""
        },
        "_r_2_5_11": {
            "name": "_r_2_5_11",
            "optional": true,
            "type": "FEATURE",
            "note": ""
        },
        "_r_2_5_6": {
            "name": "_r_2_5_6",
            "optional": true,
            "type": "FEATURE",
            "note": ""
        },
        "_r_3": {
            "name": "_r_3",
            "optional": false,
            "type": "OR",
            "note": ""
        },
        "_r_3_12_13": {
            "name": "_r_3_12_13",
            "optional": true,
            "type": "FEATURE",
            "note": ""
        },
        "_r_3_12_14": {
            "name": "_r_3_12_14",
            "optional": true,
            "type": "FEATURE",
            "note": ""
        },
        "_r_4": {
            "name": "_r_4",
            "optional": true,
            "type": "FEATURE",
            "note": ""
        }
    },
    "tree": {
        "id": "_r",
        "children": [
            {
                "id": "_r_1"
            },
            {
                "id": "_r_2",
                "children": [
                    {
                        "id": "_r_2_5_10"
                    },
                    {
                        "id": "_r_2_5_11"
                    },
                    {
                        "id": "_r_2_5_6"
                    }
                ]
            },
            {
                "id": "_r_3",
                "children": [
                    {
                        "id": "_r_3_12_13"
                    },
                    {
                        "id": "_r_3_12_14"
                    }
                ]
            },
            {
                "id": "_r_4"
            }
        ]
    },
    "constraints": {}
}