{
    "id": "FM__r",
    "name": "FM__r",
    "features": {
        "_r": {
            "name": "_r",
            "optional": true,
            "type": "FEATURE",
            "note": ""
        },
        "_r_2": {
            "name": "_r_2",
            "optional": false,
            "type": "FEATURE",
            "note": ""
        },
        "_r_21": {
            "name": "_r_21",
            "optional": false,
            "type": "FEATURE",
            "note": ""
        },
        "_r_21_24_25": {
            "name": "_r_21_24_25",
            "optional": false,
            "type": "FEATURE",
            "note": ""
        },
        "_r_21_24_25_26": {
            "name": "_r_21_24_25_26",
            "optional": false,
            "type": "FEATURE",
            "note": ""
        },
        "_r_21_24_25_27": {
            "name": "_r_21_24_25_27",
            "optional": false,
            "type": "FEATURE",
            "note": ""
        },
        "_r_21_24_25_28": {
            "name": "_r_21_24_25_28",
            "optional": false,
            "type": "FEATURE",
            "note": ""
        },
        "_r_2_15": {
            "name": "_r_2_15",
            "optional": false,
            "type": "FEATURE",
            "note": ""
        },
        "_r_2_15_16_17": {
            "name": "_r_2_15_16_17",
            "optional": false,
            "type": "FEATURE",
            "note": ""
        },
        "_r_2_15_16_17_18": {
            "name": "_r_2_15_16_17_18",
            "optional": false,
            "type": "FEATURE",
            "note": ""
        },
        "_r_2_15_16_17_20": {
            "name": "_r_2_15_16_17_20",
            "optional": true,
            "type": "FEATURE",
            "note": ""
        },
        "_r_2_8": {
            "name": "_r_2_8",
            "optional": false,
            "type": "FEATURE",
            "note": ""
        },
        "_r_2_8_37_38": {
            "name": "_r_2_8_37_38",
            "optional": false,
            "type": "FEATURE",
            "note": ""
        },
        "_r_2_8_37_38_39": {
            "name": "_r_2_8_37_38_39",
            "optional": false,
            "type": "FEATURE",
            "note": ""
        },
        "_r_2_8_37_38_39_42": {
            "name": "_r_2_8_37_38_39_42",
            "optional": false,
            "type": "FEATURE",
            "note": ""
        },
        "_r_2_8_37_38_39_43": {
            "name": "_r_2_8_37_38_39_43",
            "optional": false,
            "type": "FEATURE",
            "note": ""
        },
        "_r_2_8_37_38_40": {
            "name": "_r_2_8_37_38_40",
            "optional": false,
            "type": "FEATURE",
            "note": ""
        },
        "_r_2_8_37_38_40_44": {
            "name": "_r_2_8_37_38_40_44",
            "optional": false,
            "type": "FEATURE",
            "note": ""
        },
        "_r_2_8_37_38_40_46": {
            "name": "_r_2_8_37_38_40_46",
            "optional": false,
            "type": "FEATURE",
            "note": ""
        },
        "_r_2_8_37_38_41": {
            "name": "_r_2_8_37_38_41",
            "optional": false,
            "type": "FEATURE",
            "note": ""
        },
        "_r_2_8_37_38_41_45": {
            "name": "_r_2_8_37_38_41_45",
            "optional": false,
            "type": "FEATURE",
            "note": ""
        },
        "_r_2_8_37_38_41_47": {
            "name": "_r_2_8_37_38_41_47",
            "optional": false,
            "type": "FEATURE",
            "note": ""
        },
        "_r_2_9": {
            "name": "_r_2_9",
            "optional": false,
            "type": "FEATURE",
            "note": ""
        },
        "_r_2_9_29": {
            "name": "_r_2_9_29",
            "optional": false,
            "type": "FEATURE",
            "note": ""
        },
        "_r_2_9_30": {
            "name": "_r_2_9_30",
            "optional": false,
            "type": "FEATURE",
            "note": ""
        },
        "_r_2_9_31": {
            "name": "_r_2_9_31",
            "optional": false,
            "type": "FEATURE",
            "note": ""
        },
        "_r_2_9_32": {
            "name": "_r_2_9_32",
            "optional": false,
            "type": "FEATURE",
            "note": ""
        },
        "_r_3": {
            "name": "_r_3",
            "optional": false,
            "type": "FEATURE",
            "note": ""
        },
        "_r_3_48": {
            "name": "_r_3_48",
            "optional": false,
            "type": "FEATURE",
            "note": ""
        },
        "_r_4": {
            "name": "_r_4",
            "optional": false,
            "type": "FEATURE",
            "note": ""
        },
        "_r_4_49": {
            "name": "_r_4_49",
            "optional": false,
            "type": "XOR",
            "note": ""
        },
        "_r_4_49_72_73": {
            "name": "_r_4_49_72_73",
            "optional": true,
            "type": "FEATURE",
            "note": ""
        },
        "_r_4_49_72_75": {
            "name": "_r_4_49_72_75",
            "optional": true,
            "type": "FEATURE",
            "note": ""
        },
        "_r_4_49_72_78": {
            "name": "_r_4_49_72_78",
            "optional": true,
            "type": "FEATURE",
            "note": ""
        },
        "_r_4_50": {
            "name": "_r_4_50",
            "optional": false,
            "type": "FEATURE",
            "note": ""
        },
        "_r_4_51": {
            "name": "_r_4_51",
            "optional": false,
            "type": "FEATURE",
            "note": ""
        },
        "_r_5": {
            "name": "_r_5",
            "optional": false,
            "type": "FEATURE",
            "note": ""
        },
        "_r_52": {
            "name": "_r_52",
            "optional": false,
            "type": "FEATURE",
            "note": ""
        },
        "_r_52_66": {
            "name": "_r_52_66",
            "optional": false,
            "type": "FEATURE",
            "note": ""
        },
        "_r_52_66_68": {
            "name": "_r_52_66_68",
            "optional": false,
            "type": "FEATURE",
            "note": ""
        },
        "_r_52_67": {
            "name": "_r_52_67",
            "optional": false,
            "type": "FEATURE",
            "note": ""
        },
        "_r_52_67_69_70": {
            "name": "_r_52_67_69_70",
            "optional": false,
            "type": "FEATURE",
            "note": ""
        },
        "_r_52_67_69_70_71": {
            "name": "_r_52_67_69_70_71",
            "optional": false,
            "type": "FEATURE",
            "note": ""
        },
        "_r_53": {
            "name": "_r_53",
            "optional": false,
            "type": "FEATURE",
            "note": ""
        },
        "_r_53_76": {
            "name": "_r_53_76",
            "optional": false,
            "type": "FEATURE",
            "note": ""
        },
        "_r_53_77": {
            "name": "_r_53_77",
            "optional": false,
            "type": "FEATURE",
            "note": ""
        },
        "_r_54": {
            "name": "_r_54",
            "optional": false,
            "type": "XOR",
            "note": ""
        },
        "_r_54_60_61": {
            "name": "_r_54_60_61",
            "optional": true,
            "type": "FEATURE",
            "note": ""
        },
        "_r_54_60_62": {
            "name": "_r_54_60_62",
            "optional": true,
            "type": "FEATURE",
            "note": ""
        },
        "_r_54_60_63": {
            "name": "_r_54_60_63",
            "optional": true,
            "type": "FEATURE",
            "note": ""
        },
        "_r_54_60_64": {
            "name": "_r_54_60_64",
            "optional": true,
            "type": "FEATURE",
            "note": ""
        },
        "_r_5_35": {
            "name": "_r_5_35",
            "optional": false,
            "type": "FEATURE",
            "note": ""
        },
        "_r_5_36": {
            "name": "_r_5_36",
            "optional": false,
            "type": "FEATURE",
            "note": ""
        },
        "_r_7": {
            "name": "_r_7",
            "optional": true,
            "type": "FEATURE",
            "note": ""
        },
        "_r_79": {
            "name": "_r_79",
            "optional": false,
            "type": "FEATURE",
            "note": ""
        },
        "_r_79_80": {
            "name": "_r_79_80",
            "optional": false,
            "type": "FEATURE",
            "note": ""
        },
        "_r_79_81": {
            "name": "_r_79_81",
            "optional": false,
            "type": "FEATURE",
            "note": ""
        }
    },
    "tree": {
        "id": "_r",
        "children": [
            {
                "id": "_r_2",
                "children": [
                    {
                        "id": "_r_2_15",
                        "children": [
                            {
                                "id": "_r_2_15_16_17",
                                "children": [
                                    {
                                        "id": "_r_2_15_16_17_18"
                                    },
                                    {
                                        "id": "_r_2_15_16_17_20"
                                    }
                                ]
                            }
                        ]
                    },
                    {
                        "id": "_r_2_8",
                        "children": [
                            {
                                "id": "_r_2_8_37_38",
                                "children": [
                                    {
                                        "id": "_r_2_8_37_38_39",
                                        "children": [
                                            {
                                                "id": "_r_2_8_37_38_39_42"
                                            },
                                            {
                                                "id": "_r_2_8_37_38_39_43"
                                            }
                                        ]
                                    },
                                    {
                                        "id": "_r_2_8_37_38_40",
                                        "children": [
                                            {
                                                "id": "_r_2_8_37_38_40_44"
                                            },
                                            {
                                                "id": "_r_2_8_37_38_40_46"
                                            }
                                        ]
                                    },
                                    {
                                        "id": "_r_2_8_37_38_41",
                                        "children": [
                                            {
                                                "id": "_r_2_8_37_38_41_45"
                                            },
                                            {
                                                "id": "_r_2_8_37_38_41_47"
                                            }
                                        ]
                                    }
                                ]
                            }
                        ]
                    },
                    {
                        "id": "_r_2_9",
                        "children": [
                            {
                                "id": "_r_2_9_29"
                            },
                            {
                                "id": "_r_2_9_30"
                            },
                            {
                                "id": "_r_2_9_31"
                            },
                            {
                                "id": "_r_2_9_32"
                            }
                        ]
                    }
                ]
            },
            {
                "id": "_r_21",
                "children": [
                    {
                        "id": "_r_21_24_25",
                        "children": [
                            {
                                "id": "_r_21_24_25_26"
                            },
                            {
                                "id": "_r_21_24_25_27"
                            },
                            {
                                "id": "_r_21_24_25_28"
                            }
                        ]
                    }
                ]
            },
            {
                "id": "_r_3",
                "children": [
                    {
                        "id": "_r_3_48"
                    }
                ]
            },
            {
                "id": "_r_4",
                "children": [
                    {
                        "id": "_r_4_49",
                        "children": [
                            {
                                "id": "_r_4_49_72_73"
                            },
                            {
                                "id": "_r_4_49_72_75"
                            },
                            {
                                "id": "_r_4_49_72_78"
                            }
                        ]
                    },
                    {
                        "id": "_r_4_50"
                    },
                    {
                        "id": "_r_4_51"
                    }
                ]
            },
            {
                "id": "_r_5",
                "children": [
                    {
                        "id": "_r_5_35"
                    },
                    {
                        "id": "_r_5_36"
                    }
                ]
            },
            {
                "id": "_r_52",
                "children": [
                    {
                        "id": "_r_52_66",
                        "children": [
                            {
                                "id": "_r_52_66_68"
                            }
                        ]
                    },
                    {
                        "id": "_r_52_67",
                        "children": [
                            {
                                "id": "_r_52_67_69_70",
                                "children": [
                                    {
                                        "id": "_r_52_67_69_70_71"
                                    }
                                ]
                            }
                        ]
                    }
                ]
            },
            {
                "id": "_r_53",
                "children": [
                    {
                        "id": "_r_53_76"
                    },
                    {
                        "id": "_r_53_77"
                    }
                ]
            },
            {
                "id": "_r_54",
                "children": [
                    {
                        "id": "_r_54_60_61"
                    },
                    {
                        "id": "_r_54_60_62"
                    },
                    {
                        "id": "_r_54_60_63"
                    },
                    {
                        "id": "_r_54_60_64"
                    }
                ]
            },
            {
                "id": "_r_7"
            },
            {
                "id": "_r_79",
                "children": [
                    {
                        "id": "_r_79_80"
                    },
                    {
                        "id": "_r_79_81"
                    }
                ]
            }
        ]
    },
    "constraints": {}
}