{
    "id": "FM__r",
    "name": "FM__r",
    "features": {
        "_r": {
            "name": "_r",
            "optional": true,
            "type": "FEATURE",
            "note": ""
        },
        "_r_4": {
            "name": "_r_4",
            "optional": false,
            "type": "FEATURE",
            "note": ""
        },
        "_r_4_15": {
            "name": "_r_4_15",
            "optional": true,
            "type": "XOR",
            "note": ""
        },
        "_r_4_15_16_17": {
            "name": "_r_4_15_16_17",
            "optional": true,
            "type": "FEATURE",
            "note": ""
        },
        "_r_4_15_16_18": {
            "name": "_r_4_15_16_18",
            "optional": true,
            "type": "FEATURE",
            "note": ""
        },
        "_r_4_6": {
            "name": "_r_4_6",
            "optional": true,
            "type": "FEATURE",
            "note": ""
        },
        "_r_4_6_10": {
            "name": "_r_4_6_10",
            "optional": false,
            "type": "OR",
            "note": ""
        },
        "_r_4_6_10_11_12": {
            "name": "_r_4_6_10_11_12",
            "optional": true,
            "type": "FEATURE",
            "note": ""
        },
        "_r_4_6_10_11_13": {
            "name": "_r_4_6_10_11_13",
            "optional": true,
            "type": "FEATURE",
            "note": ""
        },
        "_r_4_6_10_11_14": {
            "name": "_r_4_6_10_11_14",
            "optional": true,
            "type": "FEATURE",
            "note": ""
        },
        "_r_5": {
            "name": "_r_5",
            "optional": false,
            "type": "FEATURE",
            "note": ""
        }
    },
    "tree": {
        "id": "_r",
        "children": [
            {
                "id": "_r_4",
                "children": [
                    {
                        "id": "_r_4_15",
                        "children": [
                            {
                                "id": "_r_4_15_16_17"
                            },
                            {
                                "id": "_r_4_15_16_18"
                            }
                        ]
                    },
                    {
                        "id": "_r_4_6",
                        "children": [
                            {
                                "id": "_r_4_6_10",
                                "children": [
                                    {
                                        "id": "_r_4_6_10_11_12"
                                    },
                                    {
                                        "id": "_r_4_6_10_11_13"
                                    },
                                    {
                                        "id": "_r_4_6_10_11_14"
                                    }
                                ]
                            }
                        ]
                    }
                ]
            },
            {
                "id": "_r_5"
            }
        ]
    },
    "constraints": {}
}