{
    "id": "FM__r",
    "name": "FM__r",
    "features": {
        "_r": {
            "name": "_r",
            "optional": true,
            "type": "FEATURE",
            "note": ""
        },
        "_r_1": {
            "name": "_r_1",
            "optional": false,
            "type": "FEATURE",
            "note": ""
        },
        "_r_1_20": {
            "name": "_r_1_20",
            "optional": false,
            "type": "FEATURE",
            "note": ""
        },
        "_r_1_20_21": {
            "name": "_r_1_20_21",
            "optional": false,
            "type": "FEATURE",
            "note": ""
        },
        "_r_1_20_22": {
            "name": "_r_1_20_22",
            "optional": true,
            "type": "FEATURE",
            "note": ""
        },
        "_r_1_20_23": {
            "name": "_r_1_20_23",
            "optional": true,
            "type": "FEATURE",
            "note": ""
        },
        "_r_1_20_24": {
            "name": "_r_1_20_24",
            "optional": true,
            "type": "FEATURE",
            "note": ""
        },
        "_r_1_20_25": {
            "name": "_r_1_20_25",
            "optional": true,
            "type": "FEATURE",
            "note": ""
        },
        "_r_1_20_26": {
            "name": "_r_1_20_26",
            "optional": true,
            "type": "FEATURE",
            "note": ""
        },
        "_r_27": {
            "name": "_r_27",
            "optional": false,
            "type": "FEATURE",
            "note": ""
        },
        "_r_27_28": {
            "name": "_r_27_28",
            "optional": false,
            "type": "FEATURE",
            "note": ""
        },
        "_r_27_28_29": {
            "name": "_r_27_28_29",
            "optional": false,
            "type": "FEATURE",
            "note": ""
        },
        "_r_30": {
            "name": "_r_30",
            "optional": false,
            "type": "FEATURE",
            "note": ""
        },
        "_r_30_31": {
            "name": "_r_30_31",
            "optional": false,
            "type": "FEATURE",
            "note": ""
        },
        "_r_30_31_32": {
            "name": "_r_30_31_32",
            "optional": false,
            "type": "FEATURE",
            "note": ""
        },
        "_r_30_31_33": {
            "name": "_r_30_31_33",
            "optional": false,
            "type": "FEATURE",
            "note": ""
        },
        "_r_30_34": {
            "name": "_r_30_34",
            "optional": false,
            "type": "FEATURE",
            "note": ""
        },
        "_r_30_35": {
            "name": "_r_30_35",
            "optional": true,
            "type": "FEATURE",
            "note": ""
        },
        "_r_30_36": {
            "name": "_r_30_36",
            "optional": true,
            "type": "FEATURE",
            "note": ""
        },
        "_r_30_38": {
            "name": "_r_30_38",
            "optional": true,
            "type": "FEATURE",
            "note": ""
        },
        "_r_30_39": {
            "name": "_r_30_39",
            "optional": true,
            "type": "FEATURE",
            "note": ""
        },
        "_r_30_40": {
            "name": "_r_30_40",
            "optional": true,
            "type": "FEATURE",
            "note": ""
        },
        "_r_30_40_48": {
            "name": "_r_30_40_48",
            "optional": true,
            "type": "FEATURE",
            "note": ""
        },
        "_r_43": {
            "name": "_r_43",
            "optional": false,
            "type": "FEATURE",
            "note": ""
        },
        "_r_43_44": {
            "name": "_r_43_44",
            "optional": false,
            "type": "FEATURE",
            "note": ""
        },
        "_r_43_45": {
            "name": "_r_43_45",
            "optional": false,
            "type": "FEATURE",
            "note": ""
        },
        "_r_43_46": {
            "name": "_r_43_46",
            "optional": false,
            "type": "FEATURE",
            "note": ""
        },
        "_r_43_47": {
            "name": "_r_43_47",
            "optional": true,
            "type": "FEATURE",
            "note": ""
        },
        "_r_49": {
            "name": "_r_49",
            "optional": true,
            "type": "FEATURE",
            "note": ""
        },
        "_r_50": {
            "name": "_r_50",
            "optional": false,
            "type": "FEATURE",
            "note": ""
        },
        "_r_50_51": {
            "name": "_r_50_51",
            "optional": false,
            "type": "FEATURE",
            "note": ""
        },
        "_r_50_52": {
            "name": "_r_50_52",
            "optional": false,
            "type": "FEATURE",
            "note": ""
        },
        "_r_50_53": {
            "name": "_r_50_53",
            "optional": false,
            "type": "FEATURE",
            "note": ""
        },
        "_r_50_55": {
            "name": "_r_50_55",
            "optional": true,
            "type": "FEATURE",
            "note": ""
        },
        "_r_56": {
            "name": "_r_56",
            "optional": true,
            "type": "FEATURE",
            "note": ""
        },
        "_r_56_57": {
            "name": "_r_56_57",
            "optional": true,
            "type": "FEATURE",
            "note": ""
        },
        "_r_56_58": {
            "name": "_r_56_58",
            "optional": true,
            "type": "FEATURE",
            "note": ""
        },
        "_r_56_59": {
            "name": "_r_56_59",
            "optional": true,
            "type": "FEATURE",
            "note": ""
        },
        "_r_56_59_60": {
            "name": "_r_56_59_60",
            "optional": true,
            "type": "FEATURE",
            "note": ""
        },
        "_r_56_59_61": {
            "name": "_r_56_59_61",
            "optional": true,
            "type": "FEATURE",
            "note": ""
        },
        "_r_56_59_62": {
            "name": "_r_56_59_62",
            "optional": true,
            "type": "FEATURE",
            "note": ""
        },
        "_r_66": {
            "name": "_r_66",
            "optional": false,
            "type": "OR",
            "note": ""
        },
        "_r_66_69_70": {
            "name": "_r_66_69_70",
            "optional": true,
            "type": "FEATURE",
            "note": ""
        },
        "_r_66_69_71": {
            "name": "_r_66_69_71",
            "optional": true,
            "type": "FEATURE",
            "note": ""
        },
        "_r_66_69_72": {
            "name": "_r_66_69_72",
            "optional": true,
            "type": "FEATURE",
            "note": ""
        },
        "_r_66_69_73": {
            "name": "_r_66_69_73",
            "optional": true,
            "type": "FEATURE",
            "note": ""
        }
    },
    "tree": {
        "id": "_r",
        "children": [
            {
                "id": "_r_1",
                "children": [
                    {
                        "id": "_r_1_20",
                        "children": [
                            {
                                "id": "_r_1_20_21"
                            },
                            {
                                "id": "_r_1_20_22"
                            },
                            {
                                "id": "_r_1_20_23"
                            },
                            {
                                "id": "_r_1_20_24"
                            },
                            {
                                "id": "_r_1_20_25"
                            },
                            {
                                "id": "_r_1_20_26"
                            }
                        ]
                    }
                ]
            },
            {
                "id": "_r_27",
                "children": [
                    {
                        "id": "_r_27_28",
                        "children": [
                            {
                                "id": "_r_27_28_29"
                            }
                        ]
                    }
                ]
            },
            {
                "id": "_r_30",
                "children": [
                    {
                        "id": "_r_30_31",
                        "children": [
                            {
                                "id": "_r_30_31_32"
                            },
                            {
                                "id": "_r_30_31_33"
                            }
                        ]
                    },
                    {
                        "id": "_r_30_34"
                    },
                    {
                        "id": "_r_30_35"
                    },
                    {
                        "id": "_r_30_36"
                    },
                    {
                        "id": "_r_30_38"
                    },
                    {
                        "id": "_r_30_39"
                    },
                    {
                        "id": "_r_30_40",
                        "children": [
                            {
                                "id": "_r_30_40_48"
                            }
                        ]
                    }
                ]
            },
            {
                "id": "_r_43",
                "children": [
                    {
                        "id": "_r_43_44"
                    },
                    {
                        "id": "_r_43_45"
                    },
                    {
                        "id": "_r_43_46"
                    },
                    {
                        "id": "_r_43_47"
                    }
                ]
            },
            {
                "id": "_r_49"
            },
            {
                "id": "_r_50",
                "children": [
                    {
                        "id": "_r_50_51"
                    },
                    {
                        "id": "_r_50_52"
                    },
                    {
                        "id": "_r_50_53"
                    },
                    {
                        "id": "_r_50_55"
                    }
                ]
            },
            {
                "id": "_r_56",
                "children": [
                    {
                        "id": "_r_56_57"
                    },
                    {
                        "id": "_r_56_58"
                    },
                    {
                        "id": "_r_56_59",
                        "children": [
                            {
                                "id": "_r_56_59_60"
                            },
                            {
                                "id": "_r_56_59_61"
                            },
                            {
                                "id": "_r_56_59_62"
                            }
                        ]
                    }
                ]
            },
            {
                "id": "_r_66",
                "children": [
                    {
                        "id": "_r_66_69_70"
                    },
                    {
                        "id": "_r_66_69_71"
                    },
                    {
                        "id": "_r_66_69_72"
                    },
                    {
                        "id": "_r_66_69_73"
                    }
                ]
            }
        ]
    },
    "constraints": {}
}