{
    "id": "FM__r",
    "name": "FM__r",
    "features": {
        "_r": {
            "name": "_r",
            "optional": true,
            "type": "FEATURE",
            "note": ""
        },
        "_r_2": {
            "name": "_r_2",
            "optional": false,
            "type": "FEATURE",
            "note": ""
        },
        "_r_2_5": {
            "name": "_r_2_5",
            "optional": false,
            "type": "FEATURE",
            "note": ""
        },
        "_r_2_6": {
            "name": "_r_2_6",
            "optional": false,
            "type": "FEATURE",
            "note": ""
        },
        "_r_2_7": {
            "name": "_r_2_7",
            "optional": false,
            "type": "FEATURE",
            "note": ""
        },
        "_r_2_8": {
            "name": "_r_2_8",
            "optional": false,
            "type": "FEATURE",
            "note": ""
        },
        "_r_3": {
            "name": "_r_3",
            "optional": false,
            "type": "FEATURE",
            "note": ""
        },
        "_r_3_19": {
            "name": "_r_3_19",
            "optional": false,
            "type": "FEATURE",
            "note": ""
        },
        "_r_3_22": {
            "name": "_r_3_22",
            "optional": false,
            "type": "XOR",
            "note": ""
        },
        "_r_3_22_23_24": {
            "name": "_r_3_22_23_24",
            "optional": true,
            "type": "FEATURE",
            "note": ""
        },
        "_r_3_22_23_26": {
            "name": "_r_3_22_23_26",
            "optional": true,
            "type": "XOR",
            "note": ""
        },
        "_r_3_22_23_26_30_31": {
            "name": "_r_3_22_23_26_30_31",
            "optional": true,
            "type": "FEATURE",
            "note": ""
        },
        "_r_3_22_23_26_30_32": {
            "name": "_r_3_22_23_26_30_32",
            "optional": true,
            "type": "FEATURE",
            "note": ""
        },
        "_r_3_22_23_26_30_33": {
            "name": "_r_3_22_23_26_30_33",
            "optional": true,
            "type": "FEATURE",
            "note": ""
        },
        "_r_3_22_23_26_30_34": {
            "name": "_r_3_22_23_26_30_34",
            "optional": true,
            "type": "FEATURE",
            "note": ""
        },
        "_r_3_22_23_27": {
            "name": "_r_3_22_23_27",
            "optional": true,
            "type": "FEATURE",
            "note": ""
        },
        "_r_3_22_23_28": {
            "name": "_r_3_22_23_28",
            "optional": true,
            "type": "FEATURE",
            "note": ""
        },
        "_r_3_22_23_29": {
            "name": "_r_3_22_23_29",
            "optional": true,
            "type": "FEATURE",
            "note": ""
        },
        "_r_3_22_23_29_35": {
            "name": "_r_3_22_23_29_35",
            "optional": false,
            "type": "FEATURE",
            "note": ""
        },
        "_r_3_22_23_29_36": {
            "name": "_r_3_22_23_29_36",
            "optional": false,
            "type": "FEATURE",
            "note": ""
        },
        "_r_4": {
            "name": "_r_4",
            "optional": false,
            "type": "FEATURE",
            "note": ""
        },
        "_r_4_37": {
            "name": "_r_4_37",
            "optional": false,
            "type": "FEATURE",
            "note": ""
        },
        "_r_4_37_40": {
            "name": "_r_4_37_40",
            "optional": false,
            "type": "OR",
            "note": ""
        },
        "_r_4_37_40_42_43": {
            "name": "_r_4_37_40_42_43",
            "optional": true,
            "type": "FEATURE",
            "note": ""
        },
        "_r_4_37_40_42_44": {
            "name": "_r_4_37_40_42_44",
            "optional": true,
            "type": "FEATURE",
            "note": ""
        },
        "_r_4_37_40_42_45": {
            "name": "_r_4_37_40_42_45",
            "optional": true,
            "type": "FEATURE",
            "note": ""
        },
        "_r_4_37_41": {
            "name": "_r_4_37_41",
            "optional": true,
            "type": "XOR",
            "note": ""
        },
        "_r_4_37_41_46_47": {
            "name": "_r_4_37_41_46_47",
            "optional": true,
            "type": "FEATURE",
            "note": ""
        },
        "_r_4_37_41_46_48": {
            "name": "_r_4_37_41_46_48",
            "optional": true,
            "type": "FEATURE",
            "note": ""
        },
        "_r_4_37_41_46_49": {
            "name": "_r_4_37_41_46_49",
            "optional": true,
            "type": "FEATURE",
            "note": ""
        },
        "_r_4_38": {
            "name": "_r_4_38",
            "optional": false,
            "type": "OR",
            "note": ""
        },
        "_r_4_38_50_51": {
            "name": "_r_4_38_50_51",
            "optional": true,
            "type": "FEATURE",
            "note": ""
        },
        "_r_4_38_50_52": {
            "name": "_r_4_38_50_52",
            "optional": true,
            "type": "FEATURE",
            "note": ""
        },
        "_r_4_38_50_53": {
            "name": "_r_4_38_50_53",
            "optional": true,
            "type": "FEATURE",
            "note": ""
        },
        "_r_4_39": {
            "name": "_r_4_39",
            "optional": false,
            "type": "FEATURE",
            "note": ""
        },
        "_r_4_39_54": {
            "name": "_r_4_39_54",
            "optional": false,
            "type": "OR",
            "note": ""
        },
        "_r_4_39_54_56_57": {
            "name": "_r_4_39_54_56_57",
            "optional": true,
            "type": "FEATURE",
            "note": ""
        },
        "_r_4_39_54_56_58": {
            "name": "_r_4_39_54_56_58",
            "optional": true,
            "type": "FEATURE",
            "note": ""
        },
        "_r_4_39_54_56_59": {
            "name": "_r_4_39_54_56_59",
            "optional": true,
            "type": "FEATURE",
            "note": ""
        },
        "_r_4_39_55": {
            "name": "_r_4_39_55",
            "optional": false,
            "type": "XOR",
            "note": ""
        },
        "_r_4_39_55_61_62": {
            "name": "_r_4_39_55_61_62",
            "optional": true,
            "type": "FEATURE",
            "note": ""
        },
        "_r_4_39_55_61_63": {
            "name": "_r_4_39_55_61_63",
            "optional": true,
            "type": "FEATURE",
            "note": ""
        }
    },
    "tree": {
        "id": "_r",
        "children": [
            {
                "id": "_r_2",
                "children": [
                    {
                        "id": "_r_2_5"
                    },
                    {
                        "id": "_r_2_6"
                    },
                    {
                        "id": "_r_2_7"
                    },
                    {
                        "id": "_r_2_8"
                    }
                ]
            },
            {
                "id": "_r_3",
                "children": [
                    {
                        "id": "_r_3_19"
                    },
                    {
                        "id": "_r_3_22",
                        "children": [
                            {
                                "id": "_r_3_22_23_24"
                            },
                            {
                                "id": "_r_3_22_23_26",
                                "children": [
                                    {
                                        "id": "_r_3_22_23_26_30_31"
                                    },
                                    {
                                        "id": "_r_3_22_23_26_30_32"
                                    },
                                    {
                                        "id": "_r_3_22_23_26_30_33"
                                    },
                                    {
                                        "id": "_r_3_22_23_26_30_34"
                                    }
                                ]
                            },
                            {
                                "id": "_r_3_22_23_27"
                            },
                            {
                                "id": "_r_3_22_23_28"
                            },
                            {
                                "id": "_r_3_22_23_29",
                                "children": [
                                    {
                                        "id": "_r_3_22_23_29_35"
                                    },
                                    {
                                        "id": "_r_3_22_23_29_36"
                                    }
                                ]
                            }
                        ]
                    }
                ]
            },
            {
                "id": "_r_4",
                "children": [
                    {
                        "id": "_r_4_37",
                        "children": [
                            {
                                "id": "_r_4_37_40",
                                "children": [
                                    {
                                        "id": "_r_4_37_40_42_43"
                                    },
                                    {
                                        "id": "_r_4_37_40_42_44"
                                    },
                                    {
                                        "id": "_r_4_37_40_42_45"
                                    }
                                ]
                            },
                            {
                                "id": "_r_4_37_41",
                                "children": [
                                    {
                                        "id": "_r_4_37_41_46_47"
                                    },
                                    {
                                        "id": "_r_4_37_41_46_48"
                                    },
                                    {
                                        "id": "_r_4_37_41_46_49"
                                    }
                                ]
                            }
                        ]
                    },
                    {
                        "id": "_r_4_38",
                        "children": [
                            {
                                "id": "_r_4_38_50_51"
                            },
                            {
                                "id": "_r_4_38_50_52"
                            },
                            {
                                "id": "_r_4_38_50_53"
                            }
                        ]
                    },
                    {
                        "id": "_r_4_39",
                        "children": [
                            {
                                "id": "_r_4_39_54",
                                "children": [
                                    {
                                        "id": "_r_4_39_54_56_57"
                                    },
                                    {
                                        "id": "_r_4_39_54_56_58"
                                    },
                                    {
                                        "id": "_r_4_39_54_56_59"
                                    }
                                ]
                            },
                            {
                                "id": "_r_4_39_55",
                                "children": [
                                    {
                                        "id": "_r_4_39_55_61_62"
                                    },
                                    {
                                        "id": "_r_4_39_55_61_63"
                                    }
                                ]
                            }
                        ]
                    }
                ]
            }
        ]
    },
    "constraints": {}
}