{
    "id": "FM__r",
    "name": "FM__r",
    "features": {
        "_r": {
            "name": "_r",
            "optional": true,
            "type": "FEATURE",
            "note": ""
        },
        "_r_1": {
            "name": "_r_1",
            "optional": true,
            "type": "OR",
            "note": ""
        },
        "_r_1_6_7": {
            "name": "_r_1_6_7",
            "optional": true,
            "type": "FEATURE",
            "note": ""
        },
        "_r_1_6_8": {
            "name": "_r_1_6_8",
            "optional": true,
            "type": "FEATURE",
            "note": ""
        },
        "_r_2": {
            "name": "_r_2",
            "optional": false,
            "type": "FEATURE",
            "note": ""
        },
        "_r_3": {
            "name": "_r_3",
            "optional": false,
            "type": "FEATURE",
            "note": ""
        },
        "_r_5": {
            "name": "_r_5",
            "optional": true,
            "type": "OR",
            "note": ""
        },
        "_r_5_11_12": {
            "name": "_r_5_11_12",
            "optional": true,
            "type": "FEATURE",
            "note": ""
        },
        "_r_5_11_14": {
            "name": "_r_5_11_14",
            "optional": true,
            "type": "FEATURE",
            "note": ""
        },
        "_r_5_11_15": {
            "name": "_r_5_11_15",
            "optional": true,
            "type": "FEATURE",
            "note": ""
        }
    },
    "tree": {
        "id": "_r",
        "children": [
            {
                "id": "_r_1",
                "children": [
                    {
                        "id": "_r_1_6_7"
                    },
                    {
                        "id": "_r_1_6_8"
                    }
                ]
            },
            {
                "id": "_r_2"
            },
            {
                "id": "_r_3"
            },
            {
                "id": "_r_5",
                "children": [
                    {
                        "id": "_r_5_11_12"
                    },
                    {
                        "id": "_r_5_11_14"
                    },
                    {
                        "id": "_r_5_11_15"
                    }
                ]
            }
        ]
    },
    "constraints": {}
}