{
    "id": "FM__r",
    "name": "FM__r",
    "features": {
        "_r": {
            "name": "_r",
            "optional": true,
            "type": "OR",
            "note": ""
        },
        "_r_1_2": {
            "name": "_r_1_2",
            "optional": true,
            "type": "OR",
            "note": ""
        },
        "_r_1_2_6_7": {
            "name": "_r_1_2_6_7",
            "optional": true,
            "type": "XOR",
            "note": ""
        },
        "_r_1_2_6_7_10_11": {
            "name": "_r_1_2_6_7_10_11",
            "optional": true,
            "type": "FEATURE",
            "note": ""
        },
        "_r_1_2_6_7_10_12": {
            "name": "_r_1_2_6_7_10_12",
            "optional": true,
            "type": "FEATURE",
            "note": ""
        },
        "_r_1_2_6_7_10_12_16": {
            "name": "_r_1_2_6_7_10_12_16",
            "optional": true,
            "type": "FEATURE",
            "note": ""
        },
        "_r_1_2_6_7_10_12_17": {
            "name": "_r_1_2_6_7_10_12_17",
            "optional": false,
            "type": "FEATURE",
            "note": ""
        },
        "_r_1_2_6_7_10_13": {
            "name": "_r_1_2_6_7_10_13",
            "optional": true,
            "type": "FEATURE",
            "note": ""
        },
        "_r_1_2_6_7_10_14": {
            "name": "_r_1_2_6_7_10_14",
            "optional": true,
            "type": "XOR",
            "note": ""
        },
        "_r_1_2_6_7_10_14_19_20": {
            "name": "_r_1_2_6_7_10_14_19_20",
            "optional": true,
            "type": "FEATURE",
            "note": ""
        },
        "_r_1_2_6_7_10_14_19_21": {
            "name": "_r_1_2_6_7_10_14_19_21",
            "optional": true,
            "type": "XOR",
            "note": ""
        },
        "_r_1_2_6_7_10_14_19_21_24_25": {
            "name": "_r_1_2_6_7_10_14_19_21_24_25",
            "optional": true,
            "type": "FEATURE",
            "note": ""
        },
        "_r_1_2_6_7_10_14_19_21_24_26": {
            "name": "_r_1_2_6_7_10_14_19_21_24_26",
            "optional": true,
            "type": "FEATURE",
            "note": ""
        },
        "_r_1_2_6_7_10_14_19_21_24_27": {
            "name": "_r_1_2_6_7_10_14_19_21_24_27",
            "optional": true,
            "type": "FEATURE",
            "note": ""
        },
        "_r_1_2_6_7_10_14_19_28": {
            "name": "_r_1_2_6_7_10_14_19_28",
            "optional": true,
            "type": "FEATURE",
            "note": ""
        },
        "_r_1_2_6_7_10_14_19_28_29": {
            "name": "_r_1_2_6_7_10_14_19_28_29",
            "optional": false,
            "type": "FEATURE",
            "note": ""
        },
        "_r_1_2_6_7_10_14_19_28_30": {
            "name": "_r_1_2_6_7_10_14_19_28_30",
            "optional": false,
            "type": "FEATURE",
            "note": ""
        },
        "_r_1_2_6_7_10_14_23": {
            "name": "_r_1_2_6_7_10_14_23",
            "optional": false,
            "type": "FEATURE",
            "note": ""
        },
        "_r_1_2_6_7_15": {
            "name": "_r_1_2_6_7_15",
            "optional": true,
            "type": "FEATURE",
            "note": ""
        },
        "_r_1_2_6_7_18": {
            "name": "_r_1_2_6_7_18",
            "optional": true,
            "type": "FEATURE",
            "note": ""
        },
        "_r_1_2_6_8": {
            "name": "_r_1_2_6_8",
            "optional": true,
            "type": "XOR",
            "note": ""
        },
        "_r_1_2_6_8_31_32": {
            "name": "_r_1_2_6_8_31_32",
            "optional": true,
            "type": "XOR",
            "note": ""
        },
        "_r_1_2_6_8_31_32_37_38": {
            "name": "_r_1_2_6_8_31_32_37_38",
            "optional": true,
            "type": "FEATURE",
            "note": ""
        },
        "_r_1_2_6_8_31_32_37_39": {
            "name": "_r_1_2_6_8_31_32_37_39",
            "optional": true,
            "type": "FEATURE",
            "note": ""
        },
        "_r_1_2_6_8_31_32_37_40": {
            "name": "_r_1_2_6_8_31_32_37_40",
            "optional": true,
            "type": "FEATURE",
            "note": ""
        },
        "_r_1_2_6_8_31_33": {
            "name": "_r_1_2_6_8_31_33",
            "optional": true,
            "type": "XOR",
            "note": ""
        },
        "_r_1_2_6_8_31_33_34_35": {
            "name": "_r_1_2_6_8_31_33_34_35",
            "optional": true,
            "type": "FEATURE",
            "note": ""
        },
        "_r_1_2_6_8_31_33_34_36": {
            "name": "_r_1_2_6_8_31_33_34_36",
            "optional": true,
            "type": "FEATURE",
            "note": ""
        },
        "_r_1_2_6_8_41": {
            "name": "_r_1_2_6_8_41",
            "optional": false,
            "type": "FEATURE",
            "note": ""
        },
        "_r_1_2_6_9": {
            "name": "_r_1_2_6_9",
            "optional": true,
            "type": "XOR",
            "note": ""
        },
        "_r_1_2_6_9_45_46": {
            "name": "_r_1_2_6_9_45_46",
            "optional": true,
            "type": "FEATURE",
            "note": ""
        },
        "_r_1_2_6_9_45_47": {
            "name": "_r_1_2_6_9_45_47",
            "optional": true,
            "type": "FEATURE",
            "note": ""
        },
        "_r_1_2_6_9_45_48": {
            "name": "_r_1_2_6_9_45_48",
            "optional": true,
            "type": "XOR",
            "note": ""
        },
        "_r_1_2_6_9_45_48_49_50": {
            "name": "_r_1_2_6_9_45_48_49_50",
            "optional": true,
            "type": "FEATURE",
            "note": ""
        },
        "_r_1_2_6_9_45_48_49_51": {
            "name": "_r_1_2_6_9_45_48_49_51",
            "optional": true,
            "type": "FEATURE",
            "note": ""
        },
        "_r_1_3": {
            "name": "_r_1_3",
            "optional": true,
            "type": "OR",
            "note": ""
        },
        "_r_1_3_52_53": {
            "name": "_r_1_3_52_53",
            "optional": true,
            "type": "FEATURE",
            "note": ""
        },
        "_r_1_3_52_54": {
            "name": "_r_1_3_52_54",
            "optional": true,
            "type": "OR",
            "note": ""
        },
        "_r_1_3_52_54_64_65": {
            "name": "_r_1_3_52_54_64_65",
            "optional": true,
            "type": "FEATURE",
            "note": ""
        },
        "_r_1_3_52_54_64_66": {
            "name": "_r_1_3_52_54_64_66",
            "optional": true,
            "type": "FEATURE",
            "note": ""
        },
        "_r_1_3_52_54_64_67": {
            "name": "_r_1_3_52_54_64_67",
            "optional": true,
            "type": "FEATURE",
            "note": ""
        },
        "_r_1_3_52_54_64_68": {
            "name": "_r_1_3_52_54_64_68",
            "optional": true,
            "type": "FEATURE",
            "note": ""
        },
        "_r_1_3_52_54_73": {
            "name": "_r_1_3_52_54_73",
            "optional": true,
            "type": "FEATURE",
            "note": ""
        },
        "_r_1_3_52_54_74_75": {
            "name": "_r_1_3_52_54_74_75",
            "optional": true,
            "type": "FEATURE",
            "note": ""
        },
        "_r_1_3_52_54_74_76": {
            "name": "_r_1_3_52_54_74_76",
            "optional": true,
            "type": "FEATURE",
            "note": ""
        },
        "_r_1_3_52_54_74_76_77": {
            "name": "_r_1_3_52_54_74_76_77",
            "optional": true,
            "type": "FEATURE",
            "note": ""
        },
        "_r_1_3_52_55": {
            "name": "_r_1_3_52_55",
            "optional": true,
            "type": "OR",
            "note": ""
        },
        "_r_1_3_52_55_60_61": {
            "name": "_r_1_3_52_55_60_61",
            "optional": true,
            "type": "FEATURE",
            "note": ""
        },
        "_r_1_3_52_55_60_62": {
            "name": "_r_1_3_52_55_60_62",
            "optional": true,
            "type": "FEATURE",
            "note": ""
        },
        "_r_1_3_52_55_60_63": {
            "name": "_r_1_3_52_55_60_63",
            "optional": true,
            "type": "FEATURE",
            "note": ""
        },
        "_r_1_3_52_55_60_69": {
            "name": "_r_1_3_52_55_60_69",
            "optional": true,
            "type": "FEATURE",
            "note": ""
        },
        "_r_1_3_52_56": {
            "name": "_r_1_3_52_56",
            "optional": true,
            "type": "FEATURE",
            "note": ""
        },
        "_r_1_3_52_57": {
            "name": "_r_1_3_52_57",
            "optional": true,
            "type": "FEATURE",
            "note": ""
        },
        "_r_1_3_52_57_72": {
            "name": "_r_1_3_52_57_72",
            "optional": true,
            "type": "FEATURE",
            "note": ""
        },
        "_r_1_3_52_58": {
            "name": "_r_1_3_52_58",
            "optional": true,
            "type": "FEATURE",
            "note": ""
        },
        "_r_1_3_52_58_59": {
            "name": "_r_1_3_52_58_59",
            "optional": false,
            "type": "FEATURE",
            "note": ""
        },
        "_r_1_4": {
            "name": "_r_1_4",
            "optional": true,
            "type": "OR",
            "note": ""
        },
        "_r_1_4_78_79": {
            "name": "_r_1_4_78_79",
            "optional": true,
            "type": "FEATURE",
            "note": ""
        },
        "_r_1_4_78_79_82": {
            "name": "_r_1_4_78_79_82",
            "optional": true,
            "type": "FEATURE",
            "note": ""
        },
        "_r_1_4_78_80": {
            "name": "_r_1_4_78_80",
            "optional": true,
            "type": "FEATURE",
            "note": ""
        },
        "_r_1_4_78_80_84": {
            "name": "_r_1_4_78_80_84",
            "optional": true,
            "type": "FEATURE",
            "note": ""
        },
        "_r_1_4_78_80_85": {
            "name": "_r_1_4_78_80_85",
            "optional": true,
            "type": "FEATURE",
            "note": ""
        },
        "_r_1_4_78_81": {
            "name": "_r_1_4_78_81",
            "optional": true,
            "type": "FEATURE",
            "note": ""
        },
        "_r_1_4_78_81_83": {
            "name": "_r_1_4_78_81_83",
            "optional": true,
            "type": "FEATURE",
            "note": ""
        },
        "_r_1_5": {
            "name": "_r_1_5",
            "optional": true,
            "type": "OR",
            "note": ""
        },
        "_r_1_5_86_87": {
            "name": "_r_1_5_86_87",
            "optional": true,
            "type": "OR",
            "note": ""
        },
        "_r_1_5_86_87_88_89": {
            "name": "_r_1_5_86_87_88_89",
            "optional": true,
            "type": "FEATURE",
            "note": ""
        },
        "_r_1_5_86_87_88_90": {
            "name": "_r_1_5_86_87_88_90",
            "optional": true,
            "type": "FEATURE",
            "note": ""
        },
        "_r_1_5_86_91": {
            "name": "_r_1_5_86_91",
            "optional": true,
            "type": "FEATURE",
            "note": ""
        },
        "_r_1_5_86_92": {
            "name": "_r_1_5_86_92",
            "optional": true,
            "type": "FEATURE",
            "note": ""
        },
        "_r_1_5_86_93": {
            "name": "_r_1_5_86_93",
            "optional": true,
            "type": "FEATURE",
            "note": ""
        },
        "_r_1_5_86_94": {
            "name": "_r_1_5_86_94",
            "optional": true,
            "type": "FEATURE",
            "note": ""
        }
    },
    "tree": {
        "id": "_r",
        "children": [
            {
                "id": "_r_1_2",
                "children": [
                    {
                        "id": "_r_1_2_6_7",
                        "children": [
                            {
                                "id": "_r_1_2_6_7_10_11"
                            },
                            {
                                "id": "_r_1_2_6_7_10_12",
                                "children": [
                                    {
                                        "id": "_r_1_2_6_7_10_12_16"
                                    },
                                    {
                                        "id": "_r_1_2_6_7_10_12_17"
                                    }
                                ]
                            },
                            {
                                "id": "_r_1_2_6_7_10_13"
                            },
                            {
                                "id": "_r_1_2_6_7_10_14",
                                "children": [
                                    {
                                        "id": "_r_1_2_6_7_10_14_19_20"
                                    },
                                    {
                                        "id": "_r_1_2_6_7_10_14_19_21",
                                        "children": [
                                            {
                                                "id": "_r_1_2_6_7_10_14_19_21_24_25"
                                            },
                                            {
                                                "id": "_r_1_2_6_7_10_14_19_21_24_26"
                                            },
                                            {
                                                "id": "_r_1_2_6_7_10_14_19_21_24_27"
                                            }
                                        ]
                                    },
                                    {
                                        "id": "_r_1_2_6_7_10_14_19_28",
                                        "children": [
                                            {
                                                "id": "_r_1_2_6_7_10_14_19_28_29"
                                            },
                                            {
                                                "id": "_r_1_2_6_7_10_14_19_28_30"
                                            }
                                        ]
                                    },
                                    {
                                        "id": "_r_1_2_6_7_10_14_23"
                                    }
                                ]
                            },
                            {
                                "id": "_r_1_2_6_7_15"
                            },
                            {
                                "id": "_r_1_2_6_7_18"
                            }
                        ]
                    },
                    {
                        "id": "_r_1_2_6_8",
                        "children": [
                            {
                                "id": "_r_1_2_6_8_31_32",
                                "children": [
                                    {
                                        "id": "_r_1_2_6_8_31_32_37_38"
                                    },
                                    {
                                        "id": "_r_1_2_6_8_31_32_37_39"
                                    },
                                    {
                                        "id": "_r_1_2_6_8_31_32_37_40"
                                    }
                                ]
                            },
                            {
                                "id": "_r_1_2_6_8_31_33",
                                "children": [
                                    {
                                        "id": "_r_1_2_6_8_31_33_34_35"
                                    },
                                    {
                                        "id": "_r_1_2_6_8_31_33_34_36"
                                    }
                                ]
                            },
                            {
                                "id": "_r_1_2_6_8_41"
                            }
                        ]
                    },
                    {
                        "id": "_r_1_2_6_9",
                        "children": [
                            {
                                "id": "_r_1_2_6_9_45_46"
                            },
                            {
                                "id": "_r_1_2_6_9_45_47"
                            },
                            {
                                "id": "_r_1_2_6_9_45_48",
                                "children": [
                                    {
                                        "id": "_r_1_2_6_9_45_48_49_50"
                                    },
                                    {
                                        "id": "_r_1_2_6_9_45_48_49_51"
                                    }
                                ]
                            }
                        ]
                    }
                ]
            },
            {
                "id": "_r_1_3",
                "children": [
                    {
                        "id": "_r_1_3_52_53"
                    },
                    {
                        "id": "_r_1_3_52_54",
                        "children": [
                            {
                                "id": "_r_1_3_52_54_64_65"
                            },
                            {
                                "id": "_r_1_3_52_54_64_66"
                            },
                            {
                                "id": "_r_1_3_52_54_64_67"
                            },
                            {
                                "id": "_r_1_3_52_54_64_68"
                            },
                            {
                                "id": "_r_1_3_52_54_73"
                            },
                            {
                                "id": "_r_1_3_52_54_74_75"
                            },
                            {
                                "id": "_r_1_3_52_54_74_76",
                                "children": [
                                    {
                                        "id": "_r_1_3_52_54_74_76_77"
                                    }
                                ]
                            }
                        ]
                    },
                    {
                        "id": "_r_1_3_52_55",
                        "children": [
                            {
                                "id": "_r_1_3_52_55_60_61"
                            },
                            {
                                "id": "_r_1_3_52_55_60_62"
                            },
                            {
                                "id": "_r_1_3_52_55_60_63"
                            },
                            {
                                "id": "_r_1_3_52_55_60_69"
                            }
                        ]
                    },
                    {
                        "id": "_r_1_3_52_56"
                    },
                    {
                        "id": "_r_1_3_52_57",
                        "children": [
                            {
                                "id": "_r_1_3_52_57_72"
                            }
                        ]
                    },
                    {
                        "id": "_r_1_3_52_58",
                        "children": [
                            {
                                "id": "_r_1_3_52_58_59"
                            }
                        ]
                    }
                ]
            },
            {
                "id": "_r_1_4",
                "children": [
                    {
                        "id": "_r_1_4_78_79",
                        "children": [
                            {
                                "id": "_r_1_4_78_79_82"
                            }
                        ]
                    },
                    {
                        "id": "_r_1_4_78_80",
                        "children": [
                            {
                                "id": "_r_1_4_78_80_84"
                            },
                            {
                                "id": "_r_1_4_78_80_85"
                            }
                        ]
                    },
                    {
                        "id": "_r_1_4_78_81",
                        "children": [
                            {
                                "id": "_r_1_4_78_81_83"
                            }
                        ]
                    }
                ]
            },
            {
                "id": "_r_1_5",
                "children": [
                    {
                        "id": "_r_1_5_86_87",
                        "children": [
                            {
                                "id": "_r_1_5_86_87_88_89"
                            },
                            {
                                "id": "_r_1_5_86_87_88_90"
                            }
                        ]
                    },
                    {
                        "id": "_r_1_5_86_91"
                    },
                    {
                        "id": "_r_1_5_86_92"
                    },
                    {
                        "id": "_r_1_5_86_93"
                    },
                    {
                        "id": "_r_1_5_86_94"
                    }
                ]
            }
        ]
    },
    "constraints": {}
}