{
    "id": "FM__r",
    "name": "FM__r",
    "features": {
        "_r": {
            "name": "_r",
            "optional": true,
            "type": "FEATURE",
            "note": ""
        },
        "_r_1": {
            "name": "_r_1",
            "optional": false,
            "type": "XOR",
            "note": ""
        },
        "_r_1_2_3": {
            "name": "_r_1_2_3",
            "optional": true,
            "type": "FEATURE",
            "note": ""
        },
        "_r_1_2_4": {
            "name": "_r_1_2_4",
            "optional": true,
            "type": "FEATURE",
            "note": ""
        },
        "_r_1_2_5": {
            "name": "_r_1_2_5",
            "optional": true,
            "type": "FEATURE",
            "note": ""
        },
        "_r_21": {
            "name": "_r_21",
            "optional": true,
            "type": "FEATURE",
            "note": ""
        },
        "_r_22": {
            "name": "_r_22",
            "optional": true,
            "type": "XOR",
            "note": ""
        },
        "_r_22_23_24": {
            "name": "_r_22_23_24",
            "optional": true,
            "type": "FEATURE",
            "note": ""
        },
        "_r_22_23_25": {
            "name": "_r_22_23_25",
            "optional": true,
            "type": "FEATURE",
            "note": ""
        },
        "_r_6": {
            "name": "_r_6",
            "optional": true,
            "type": "FEATURE",
            "note": ""
        },
        "_r_7": {
            "name": "_r_7",
            "optional": true,
            "type": "OR",
            "note": ""
        },
        "_r_7_8_10": {
            "name": "_r_7_8_10",
            "optional": true,
            "type": "FEATURE",
            "note": ""
        },
        "_r_7_8_9": {
            "name": "_r_7_8_9",
            "optional": true,
            "type": "XOR",
            "note": ""
        },
        "_r_7_8_9_15_16": {
            "name": "_r_7_8_9_15_16",
            "optional": true,
            "type": "FEATURE",
            "note": ""
        },
        "_r_7_8_9_15_20": {
            "name": "_r_7_8_9_15_20",
            "optional": true,
            "type": "FEATURE",
            "note": ""
        }
    },
    "tree": {
        "id": "_r",
        "children": [
            {
                "id": "_r_1",
                "children": [
                    {
                        "id": "_r_1_2_3"
                    },
                    {
                        "id": "_r_1_2_4"
                    },
                    {
                        "id": "_r_1_2_5"
                    }
                ]
            },
            {
                "id": "_r_21"
            },
            {
                "id": "_r_22",
                "children": [
                    {
                        "id": "_r_22_23_24"
                    },
                    {
                        "id": "_r_22_23_25"
                    }
                ]
            },
            {
                "id": "_r_6"
            },
            {
                "id": "_r_7",
                "children": [
                    {
                        "id": "_r_7_8_10"
                    },
                    {
                        "id": "_r_7_8_9",
                        "children": [
                            {
                                "id": "_r_7_8_9_15_16"
                            },
                            {
                                "id": "_r_7_8_9_15_20"
                            }
                        ]
                    }
                ]
            }
        ]
    },
    "constraints": {
        "Constraint 0": {
            "type": "ImpliesTerm",
            "operands": [
                {
                    "type": "FeatureTerm",
                    "operands": [
                        "_r_1_2_4"
                    ]
                },
                {
                    "type": "FeatureTerm",
                    "operands": [
                        "_r_7"
                    ]
                }
            ]
        },
        "Constraint 1": {
            "type": "ImpliesTerm",
            "operands": [
                {
                    "type": "FeatureTerm",
                    "operands": [
                        "_r_1_2_5"
                    ]
                },
                {
                    "type": "FeatureTerm",
                    "operands": [
                        "_r_6"
                    ]
                }
            ]
        },
        "Constraint 2": {
            "type": "ImpliesTerm",
            "operands": [
                {
                    "type": "FeatureTerm",
                    "operands": [
                        "_r_1_2_3"
                    ]
                },
                {
                    "type": "FeatureTerm",
                    "operands": [
                        "_r_7"
                    ]
                }
            ]
        },
        "Constraint 3": {
            "type": "ImpliesTerm",
            "operands": [
                {
                    "type": "FeatureTerm",
                    "operands": [
                        "_r_7_8_9"
                    ]
                },
                {
                    "type": "FeatureTerm",
                    "operands": [
                        "_r_22_23_24"
                    ]
                }
            ]
        },
        "Constraint 4": {
            "type": "ImpliesTerm",
            "operands": [
                {
                    "type": "FeatureTerm",
                    "operands": [
                        "_r_7_8_10"
                    ]
                },
                {
                    "type": "FeatureTerm",
                    "operands": [
                        "_r_22_23_25"
                    ]
                }
            ]
        }
    }
}