{
    "id": "FM__r",
    "name": "FM__r",
    "features": {
        "_r": {
            "name": "_r",
            "optional": true,
            "type": "OR",
            "note": ""
        },
        "_r_1_2": {
            "name": "_r_1_2",
            "optional": true,
            "type": "OR",
            "note": ""
        },
        "_r_1_2_8_10": {
            "name": "_r_1_2_8_10",
            "optional": true,
            "type": "FEATURE",
            "note": ""
        },
        "_r_1_2_8_11": {
            "name": "_r_1_2_8_11",
            "optional": true,
            "type": "FEATURE",
            "note": ""
        },
        "_r_1_2_8_12": {
            "name": "_r_1_2_8_12",
            "optional": true,
            "type": "FEATURE",
            "note": ""
        },
        "_r_1_2_8_13": {
            "name": "_r_1_2_8_13",
            "optional": true,
            "type": "FEATURE",
            "note": ""
        },
        "_r_1_2_8_9": {
            "name": "_r_1_2_8_9",
            "optional": true,
            "type": "FEATURE",
            "note": ""
        },
        "_r_1_3": {
            "name": "_r_1_3",
            "optional": true,
            "type": "OR",
            "note": ""
        },
        "_r_1_3_15_16": {
            "name": "_r_1_3_15_16",
            "optional": true,
            "type": "FEATURE",
            "note": ""
        },
        "_r_1_3_15_18": {
            "name": "_r_1_3_15_18",
            "optional": true,
            "type": "FEATURE",
            "note": ""
        },
        "_r_1_3_15_19": {
            "name": "_r_1_3_15_19",
            "optional": true,
            "type": "FEATURE",
            "note": ""
        },
        "_r_1_3_15_20": {
            "name": "_r_1_3_15_20",
            "optional": true,
            "type": "FEATURE",
            "note": ""
        },
        "_r_1_4": {
            "name": "_r_1_4",
            "optional": true,
            "type": "OR",
            "note": ""
        },
        "_r_1_4_21_22": {
            "name": "_r_1_4_21_22",
            "optional": true,
            "type": "FEATURE",
            "note": ""
        },
        "_r_1_4_21_23": {
            "name": "_r_1_4_21_23",
            "optional": true,
            "type": "FEATURE",
            "note": ""
        },
        "_r_1_4_21_24": {
            "name": "_r_1_4_21_24",
            "optional": true,
            "type": "FEATURE",
            "note": ""
        },
        "_r_1_4_21_25": {
            "name": "_r_1_4_21_25",
            "optional": true,
            "type": "FEATURE",
            "note": ""
        },
        "_r_1_4_21_26": {
            "name": "_r_1_4_21_26",
            "optional": true,
            "type": "FEATURE",
            "note": ""
        },
        "_r_1_5": {
            "name": "_r_1_5",
            "optional": true,
            "type": "OR",
            "note": ""
        },
        "_r_1_5_27_28": {
            "name": "_r_1_5_27_28",
            "optional": true,
            "type": "FEATURE",
            "note": ""
        },
        "_r_1_5_27_29": {
            "name": "_r_1_5_27_29",
            "optional": true,
            "type": "FEATURE",
            "note": ""
        },
        "_r_1_5_27_30": {
            "name": "_r_1_5_27_30",
            "optional": true,
            "type": "FEATURE",
            "note": ""
        },
        "_r_1_6": {
            "name": "_r_1_6",
            "optional": true,
            "type": "OR",
            "note": ""
        },
        "_r_1_6_31_32": {
            "name": "_r_1_6_31_32",
            "optional": true,
            "type": "FEATURE",
            "note": ""
        },
        "_r_1_6_31_33": {
            "name": "_r_1_6_31_33",
            "optional": true,
            "type": "FEATURE",
            "note": ""
        },
        "_r_1_6_31_34": {
            "name": "_r_1_6_31_34",
            "optional": true,
            "type": "FEATURE",
            "note": ""
        },
        "_r_1_6_31_35": {
            "name": "_r_1_6_31_35",
            "optional": true,
            "type": "FEATURE",
            "note": ""
        },
        "_r_1_6_31_36": {
            "name": "_r_1_6_31_36",
            "optional": true,
            "type": "FEATURE",
            "note": ""
        },
        "_r_1_7": {
            "name": "_r_1_7",
            "optional": true,
            "type": "OR",
            "note": ""
        },
        "_r_1_7_37_38": {
            "name": "_r_1_7_37_38",
            "optional": true,
            "type": "FEATURE",
            "note": ""
        },
        "_r_1_7_37_39": {
            "name": "_r_1_7_37_39",
            "optional": true,
            "type": "FEATURE",
            "note": ""
        },
        "_r_1_7_37_40": {
            "name": "_r_1_7_37_40",
            "optional": true,
            "type": "FEATURE",
            "note": ""
        },
        "_r_1_7_37_41": {
            "name": "_r_1_7_37_41",
            "optional": true,
            "type": "FEATURE",
            "note": ""
        },
        "_r_1_7_37_42": {
            "name": "_r_1_7_37_42",
            "optional": true,
            "type": "FEATURE",
            "note": ""
        }
    },
    "tree": {
        "id": "_r",
        "children": [
            {
                "id": "_r_1_2",
                "children": [
                    {
                        "id": "_r_1_2_8_10"
                    },
                    {
                        "id": "_r_1_2_8_11"
                    },
                    {
                        "id": "_r_1_2_8_12"
                    },
                    {
                        "id": "_r_1_2_8_13"
                    },
                    {
                        "id": "_r_1_2_8_9"
                    }
                ]
            },
            {
                "id": "_r_1_3",
                "children": [
                    {
                        "id": "_r_1_3_15_16"
                    },
                    {
                        "id": "_r_1_3_15_18"
                    },
                    {
                        "id": "_r_1_3_15_19"
                    },
                    {
                        "id": "_r_1_3_15_20"
                    }
                ]
            },
            {
                "id": "_r_1_4",
                "children": [
                    {
                        "id": "_r_1_4_21_22"
                    },
                    {
                        "id": "_r_1_4_21_23"
                    },
                    {
                        "id": "_r_1_4_21_24"
                    },
                    {
                        "id": "_r_1_4_21_25"
                    },
                    {
                        "id": "_r_1_4_21_26"
                    }
                ]
            },
            {
                "id": "_r_1_5",
                "children": [
                    {
                        "id": "_r_1_5_27_28"
                    },
                    {
                        "id": "_r_1_5_27_29"
                    },
                    {
                        "id": "_r_1_5_27_30"
                    }
                ]
            },
            {
                "id": "_r_1_6",
                "children": [
                    {
                        "id": "_r_1_6_31_32"
                    },
                    {
                        "id": "_r_1_6_31_33"
                    },
                    {
                        "id": "_r_1_6_31_34"
                    },
                    {
                        "id": "_r_1_6_31_35"
                    },
                    {
                        "id": "_r_1_6_31_36"
                    }
                ]
            },
            {
                "id": "_r_1_7",
                "children": [
                    {
                        "id": "_r_1_7_37_38"
                    },
                    {
                        "id": "_r_1_7_37_39"
                    },
                    {
                        "id": "_r_1_7_37_40"
                    },
                    {
                        "id": "_r_1_7_37_41"
                    },
                    {
                        "id": "_r_1_7_37_42"
                    }
                ]
            }
        ]
    },
    "constraints": {}
}