{
    "id": "FM__r",
    "name": "FM__r",
    "features": {
        "_r": {
            "name": "_r",
            "optional": true,
            "type": "FEATURE",
            "note": ""
        },
        "_r_1": {
            "name": "_r_1",
            "optional": false,
            "type": "FEATURE",
            "note": ""
        },
        "_r_1_23": {
            "name": "_r_1_23",
            "optional": false,
            "type": "FEATURE",
            "note": ""
        },
        "_r_1_23_24": {
            "name": "_r_1_23_24",
            "optional": true,
            "type": "FEATURE",
            "note": ""
        },
        "_r_1_23_26": {
            "name": "_r_1_23_26",
            "optional": true,
            "type": "FEATURE",
            "note": ""
        },
        "_r_1_23_27": {
            "name": "_r_1_23_27",
            "optional": true,
            "type": "FEATURE",
            "note": ""
        },
        "_r_1_30": {
            "name": "_r_1_30",
            "optional": true,
            "type": "FEATURE",
            "note": ""
        },
        "_r_1_31": {
            "name": "_r_1_31",
            "optional": true,
            "type": "FEATURE",
            "note": ""
        },
        "_r_1_31_51": {
            "name": "_r_1_31_51",
            "optional": true,
            "type": "FEATURE",
            "note": ""
        },
        "_r_1_31_52": {
            "name": "_r_1_31_52",
            "optional": true,
            "type": "FEATURE",
            "note": ""
        },
        "_r_1_32": {
            "name": "_r_1_32",
            "optional": true,
            "type": "FEATURE",
            "note": ""
        },
        "_r_2": {
            "name": "_r_2",
            "optional": false,
            "type": "FEATURE",
            "note": ""
        },
        "_r_2_10": {
            "name": "_r_2_10",
            "optional": true,
            "type": "FEATURE",
            "note": ""
        },
        "_r_2_4": {
            "name": "_r_2_4",
            "optional": false,
            "type": "XOR",
            "note": ""
        },
        "_r_2_4_11_12": {
            "name": "_r_2_4_11_12",
            "optional": true,
            "type": "OR",
            "note": ""
        },
        "_r_2_4_11_12_14_15": {
            "name": "_r_2_4_11_12_14_15",
            "optional": true,
            "type": "FEATURE",
            "note": ""
        },
        "_r_2_4_11_12_14_16": {
            "name": "_r_2_4_11_12_14_16",
            "optional": true,
            "type": "FEATURE",
            "note": ""
        },
        "_r_2_4_11_12_14_17": {
            "name": "_r_2_4_11_12_14_17",
            "optional": true,
            "type": "FEATURE",
            "note": ""
        },
        "_r_2_4_11_12_14_19": {
            "name": "_r_2_4_11_12_14_19",
            "optional": true,
            "type": "FEATURE",
            "note": ""
        },
        "_r_2_4_11_13": {
            "name": "_r_2_4_11_13",
            "optional": true,
            "type": "FEATURE",
            "note": ""
        },
        "_r_2_7": {
            "name": "_r_2_7",
            "optional": true,
            "type": "FEATURE",
            "note": ""
        },
        "_r_2_8": {
            "name": "_r_2_8",
            "optional": true,
            "type": "FEATURE",
            "note": ""
        },
        "_r_2_9": {
            "name": "_r_2_9",
            "optional": false,
            "type": "FEATURE",
            "note": ""
        },
        "_r_3": {
            "name": "_r_3",
            "optional": false,
            "type": "FEATURE",
            "note": ""
        },
        "_r_3_33": {
            "name": "_r_3_33",
            "optional": false,
            "type": "FEATURE",
            "note": ""
        },
        "_r_3_34": {
            "name": "_r_3_34",
            "optional": false,
            "type": "FEATURE",
            "note": ""
        },
        "_r_3_35": {
            "name": "_r_3_35",
            "optional": false,
            "type": "XOR",
            "note": ""
        },
        "_r_3_35_36_37": {
            "name": "_r_3_35_36_37",
            "optional": true,
            "type": "FEATURE",
            "note": ""
        },
        "_r_3_35_36_38": {
            "name": "_r_3_35_36_38",
            "optional": true,
            "type": "FEATURE",
            "note": ""
        },
        "_r_3_40": {
            "name": "_r_3_40",
            "optional": true,
            "type": "FEATURE",
            "note": ""
        },
        "_r_3_41": {
            "name": "_r_3_41",
            "optional": true,
            "type": "FEATURE",
            "note": ""
        },
        "_r_3_42": {
            "name": "_r_3_42",
            "optional": true,
            "type": "FEATURE",
            "note": ""
        },
        "_r_3_43": {
            "name": "_r_3_43",
            "optional": true,
            "type": "FEATURE",
            "note": ""
        },
        "_r_3_44": {
            "name": "_r_3_44",
            "optional": true,
            "type": "FEATURE",
            "note": ""
        },
        "_r_3_45": {
            "name": "_r_3_45",
            "optional": true,
            "type": "FEATURE",
            "note": ""
        }
    },
    "tree": {
        "id": "_r",
        "children": [
            {
                "id": "_r_1",
                "children": [
                    {
                        "id": "_r_1_23",
                        "children": [
                            {
                                "id": "_r_1_23_24"
                            },
                            {
                                "id": "_r_1_23_26"
                            },
                            {
                                "id": "_r_1_23_27"
                            }
                        ]
                    },
                    {
                        "id": "_r_1_30"
                    },
                    {
                        "id": "_r_1_31",
                        "children": [
                            {
                                "id": "_r_1_31_51"
                            },
                            {
                                "id": "_r_1_31_52"
                            }
                        ]
                    },
                    {
                        "id": "_r_1_32"
                    }
                ]
            },
            {
                "id": "_r_2",
                "children": [
                    {
                        "id": "_r_2_10"
                    },
                    {
                        "id": "_r_2_4",
                        "children": [
                            {
                                "id": "_r_2_4_11_12",
                                "children": [
                                    {
                                        "id": "_r_2_4_11_12_14_15"
                                    },
                                    {
                                        "id": "_r_2_4_11_12_14_16"
                                    },
                                    {
                                        "id": "_r_2_4_11_12_14_17"
                                    },
                                    {
                                        "id": "_r_2_4_11_12_14_19"
                                    }
                                ]
                            },
                            {
                                "id": "_r_2_4_11_13"
                            }
                        ]
                    },
                    {
                        "id": "_r_2_7"
                    },
                    {
                        "id": "_r_2_8"
                    },
                    {
                        "id": "_r_2_9"
                    }
                ]
            },
            {
                "id": "_r_3",
                "children": [
                    {
                        "id": "_r_3_33"
                    },
                    {
                        "id": "_r_3_34"
                    },
                    {
                        "id": "_r_3_35",
                        "children": [
                            {
                                "id": "_r_3_35_36_37"
                            },
                            {
                                "id": "_r_3_35_36_38"
                            }
                        ]
                    },
                    {
                        "id": "_r_3_40"
                    },
                    {
                        "id": "_r_3_41"
                    },
                    {
                        "id": "_r_3_42"
                    },
                    {
                        "id": "_r_3_43"
                    },
                    {
                        "id": "_r_3_44"
                    },
                    {
                        "id": "_r_3_45"
                    }
                ]
            }
        ]
    },
    "constraints": {
        "Constraint 0": {
            "type": "ImpliesTerm",
            "operands": [
                {
                    "type": "FeatureTerm",
                    "operands": [
                        "_r_2_7"
                    ]
                },
                {
                    "type": "FeatureTerm",
                    "operands": [
                        "_r_2_8"
                    ]
                }
            ]
        },
        "Constraint 1": {
            "type": "ImpliesTerm",
            "operands": [
                {
                    "type": "FeatureTerm",
                    "operands": [
                        "_r_1_23_24"
                    ]
                },
                {
                    "type": "FeatureTerm",
                    "operands": [
                        "_r_1_23_26"
                    ]
                }
            ]
        },
        "Constraint 2": {
            "type": "ImpliesTerm",
            "operands": [
                {
                    "type": "FeatureTerm",
                    "operands": [
                        "_r_2_10"
                    ]
                },
                {
                    "type": "FeatureTerm",
                    "operands": [
                        "_r_3_43"
                    ]
                }
            ]
        },
        "Constraint 3": {
            "type": "ImpliesTerm",
            "operands": [
                {
                    "type": "FeatureTerm",
                    "operands": [
                        "_r_1_23_26"
                    ]
                },
                {
                    "type": "FeatureTerm",
                    "operands": [
                        "_r_1_23_27"
                    ]
                }
            ]
        },
        "Constraint 4": {
            "type": "ImpliesTerm",
            "operands": [
                {
                    "type": "FeatureTerm",
                    "operands": [
                        "_r_3_40"
                    ]
                },
                {
                    "type": "FeatureTerm",
                    "operands": [
                        "_r_3_41"
                    ]
                }
            ]
        },
        "Constraint 5": {
            "type": "ImpliesTerm",
            "operands": [
                {
                    "type": "FeatureTerm",
                    "operands": [
                        "_r_3_40"
                    ]
                },
                {
                    "type": "FeatureTerm",
                    "operands": [
                        "_r_3_42"
                    ]
                }
            ]
        }
    }
}