{
    "id": "FM__r",
    "name": "FM__r",
    "features": {
        "_r": {
            "name": "_r",
            "optional": true,
            "type": "FEATURE",
            "note": ""
        },
        "_r_1": {
            "name": "_r_1",
            "optional": false,
            "type": "XOR",
            "note": ""
        },
        "_r_18": {
            "name": "_r_18",
            "optional": true,
            "type": "FEATURE",
            "note": ""
        },
        "_r_19": {
            "name": "_r_19",
            "optional": false,
            "type": "FEATURE",
            "note": ""
        },
        "_r_1_10_11": {
            "name": "_r_1_10_11",
            "optional": true,
            "type": "FEATURE",
            "note": ""
        },
        "_r_1_10_12": {
            "name": "_r_1_10_12",
            "optional": true,
            "type": "XOR",
            "note": ""
        },
        "_r_1_10_12_15_16": {
            "name": "_r_1_10_12_15_16",
            "optional": true,
            "type": "FEATURE",
            "note": ""
        },
        "_r_1_10_12_15_17": {
            "name": "_r_1_10_12_15_17",
            "optional": true,
            "type": "FEATURE",
            "note": ""
        },
        "_r_20": {
            "name": "_r_20",
            "optional": true,
            "type": "FEATURE",
            "note": ""
        },
        "_r_22": {
            "name": "_r_22",
            "optional": false,
            "type": "FEATURE",
            "note": ""
        },
        "_r_23": {
            "name": "_r_23",
            "optional": true,
            "type": "FEATURE",
            "note": ""
        }
    },
    "tree": {
        "id": "_r",
        "children": [
            {
                "id": "_r_1",
                "children": [
                    {
                        "id": "_r_1_10_11"
                    },
                    {
                        "id": "_r_1_10_12",
                        "children": [
                            {
                                "id": "_r_1_10_12_15_16"
                            },
                            {
                                "id": "_r_1_10_12_15_17"
                            }
                        ]
                    }
                ]
            },
            {
                "id": "_r_18"
            },
            {
                "id": "_r_19"
            },
            {
                "id": "_r_20"
            },
            {
                "id": "_r_22"
            },
            {
                "id": "_r_23"
            }
        ]
    },
    "constraints": {
        "Constraint 0": {
            "type": "ImpliesTerm",
            "operands": [
                {
                    "type": "FeatureTerm",
                    "operands": [
                        "_r_1_10_11"
                    ]
                },
                {
                    "type": "NotTerm",
                    "operands": [
                        {
                            "type": "FeatureTerm",
                            "operands": [
                                "_r_20"
                            ]
                        }
                    ]
                }
            ]
        }
    }
}