{
    "id": "FM__r",
    "name": "FM__r",
    "features": {
        "_r": {
            "name": "_r",
            "optional": true,
            "type": "FEATURE",
            "note": ""
        },
        "_r_12": {
            "name": "_r_12",
            "optional": false,
            "type": "OR",
            "note": ""
        },
        "_r_12_15_16": {
            "name": "_r_12_15_16",
            "optional": true,
            "type": "OR",
            "note": ""
        },
        "_r_12_15_16_17_18": {
            "name": "_r_12_15_16_17_18",
            "optional": true,
            "type": "FEATURE",
            "note": ""
        },
        "_r_12_15_16_17_19": {
            "name": "_r_12_15_16_17_19",
            "optional": true,
            "type": "FEATURE",
            "note": ""
        },
        "_r_12_15_21": {
            "name": "_r_12_15_21",
            "optional": true,
            "type": "FEATURE",
            "note": ""
        },
        "_r_13": {
            "name": "_r_13",
            "optional": false,
            "type": "FEATURE",
            "note": ""
        },
        "_r_14": {
            "name": "_r_14",
            "optional": false,
            "type": "FEATURE",
            "note": ""
        },
        "_r_14_22": {
            "name": "_r_14_22",
            "optional": true,
            "type": "FEATURE",
            "note": ""
        },
        "_r_2": {
            "name": "_r_2",
            "optional": false,
            "type": "FEATURE",
            "note": ""
        },
        "_r_20": {
            "name": "_r_20",
            "optional": true,
            "type": "FEATURE",
            "note": ""
        },
        "_r_3": {
            "name": "_r_3",
            "optional": false,
            "type": "FEATURE",
            "note": ""
        },
        "_r_4": {
            "name": "_r_4",
            "optional": false,
            "type": "FEATURE",
            "note": ""
        },
        "_r_5": {
            "name": "_r_5",
            "optional": false,
            "type": "OR",
            "note": ""
        },
        "_r_5_6_10": {
            "name": "_r_5_6_10",
            "optional": true,
            "type": "FEATURE",
            "note": ""
        },
        "_r_5_6_11": {
            "name": "_r_5_6_11",
            "optional": true,
            "type": "FEATURE",
            "note": ""
        },
        "_r_5_6_7": {
            "name": "_r_5_6_7",
            "optional": true,
            "type": "FEATURE",
            "note": ""
        }
    },
    "tree": {
        "id": "_r",
        "children": [
            {
                "id": "_r_12",
                "children": [
                    {
                        "id": "_r_12_15_16",
                        "children": [
                            {
                                "id": "_r_12_15_16_17_18"
                            },
                            {
                                "id": "_r_12_15_16_17_19"
                            }
                        ]
                    },
                    {
                        "id": "_r_12_15_21"
                    }
                ]
            },
            {
                "id": "_r_13"
            },
            {
                "id": "_r_14",
                "children": [
                    {
                        "id": "_r_14_22"
                    }
                ]
            },
            {
                "id": "_r_2"
            },
            {
                "id": "_r_20"
            },
            {
                "id": "_r_3"
            },
            {
                "id": "_r_4"
            },
            {
                "id": "_r_5",
                "children": [
                    {
                        "id": "_r_5_6_10"
                    },
                    {
                        "id": "_r_5_6_11"
                    },
                    {
                        "id": "_r_5_6_7"
                    }
                ]
            }
        ]
    },
    "constraints": {}
}