{
    "id": "FM__r",
    "name": "FM__r",
    "features": {
        "_r": {
            "name": "_r",
            "optional": true,
            "type": "FEATURE",
            "note": ""
        },
        "_r_1": {
            "name": "_r_1",
            "optional": false,
            "type": "FEATURE",
            "note": ""
        },
        "_r_1_32": {
            "name": "_r_1_32",
            "optional": false,
            "type": "FEATURE",
            "note": ""
        },
        "_r_1_33": {
            "name": "_r_1_33",
            "optional": false,
            "type": "FEATURE",
            "note": ""
        },
        "_r_1_34": {
            "name": "_r_1_34",
            "optional": false,
            "type": "FEATURE",
            "note": ""
        },
        "_r_23": {
            "name": "_r_23",
            "optional": false,
            "type": "XOR",
            "note": ""
        },
        "_r_23_24_25": {
            "name": "_r_23_24_25",
            "optional": true,
            "type": "FEATURE",
            "note": ""
        },
        "_r_23_24_26": {
            "name": "_r_23_24_26",
            "optional": true,
            "type": "FEATURE",
            "note": ""
        },
        "_r_7": {
            "name": "_r_7",
            "optional": false,
            "type": "XOR",
            "note": ""
        },
        "_r_7_11_12": {
            "name": "_r_7_11_12",
            "optional": true,
            "type": "FEATURE",
            "note": ""
        },
        "_r_7_11_13": {
            "name": "_r_7_11_13",
            "optional": true,
            "type": "FEATURE",
            "note": ""
        },
        "_r_7_11_14": {
            "name": "_r_7_11_14",
            "optional": true,
            "type": "FEATURE",
            "note": ""
        },
        "_r_7_15": {
            "name": "_r_7_15",
            "optional": false,
            "type": "FEATURE",
            "note": ""
        },
        "_r_7_15_16": {
            "name": "_r_7_15_16",
            "optional": false,
            "type": "FEATURE",
            "note": ""
        },
        "_r_7_15_17": {
            "name": "_r_7_15_17",
            "optional": false,
            "type": "FEATURE",
            "note": ""
        },
        "_r_7_15_18": {
            "name": "_r_7_15_18",
            "optional": false,
            "type": "FEATURE",
            "note": ""
        },
        "_r_7_15_31": {
            "name": "_r_7_15_31",
            "optional": true,
            "type": "FEATURE",
            "note": ""
        },
        "_r_7_23": {
            "name": "_r_7_23",
            "optional": false,
            "type": "OR",
            "note": ""
        },
        "_r_7_23_25_26": {
            "name": "_r_7_23_25_26",
            "optional": true,
            "type": "FEATURE",
            "note": ""
        },
        "_r_7_23_25_29": {
            "name": "_r_7_23_25_29",
            "optional": true,
            "type": "FEATURE",
            "note": ""
        },
        "_r_7_23_25_30": {
            "name": "_r_7_23_25_30",
            "optional": true,
            "type": "FEATURE",
            "note": ""
        },
        "_r_7_27": {
            "name": "_r_7_27",
            "optional": false,
            "type": "XOR",
            "note": ""
        },
        "_r_7_27_28_29": {
            "name": "_r_7_27_28_29",
            "optional": true,
            "type": "FEATURE",
            "note": ""
        },
        "_r_7_27_28_30": {
            "name": "_r_7_27_28_30",
            "optional": true,
            "type": "FEATURE",
            "note": ""
        }
    },
    "tree": {
        "id": "_r",
        "children": [
            {
                "id": "_r_1",
                "children": [
                    {
                        "id": "_r_1_32"
                    },
                    {
                        "id": "_r_1_33"
                    },
                    {
                        "id": "_r_1_34"
                    }
                ]
            },
            {
                "id": "_r_23",
                "children": [
                    {
                        "id": "_r_23_24_25"
                    },
                    {
                        "id": "_r_23_24_26"
                    }
                ]
            },
            {
                "id": "_r_7",
                "children": [
                    {
                        "id": "_r_7_11_12"
                    },
                    {
                        "id": "_r_7_11_13"
                    },
                    {
                        "id": "_r_7_11_14"
                    },
                    {
                        "id": "_r_7_15",
                        "children": [
                            {
                                "id": "_r_7_15_16"
                            },
                            {
                                "id": "_r_7_15_17"
                            },
                            {
                                "id": "_r_7_15_18"
                            },
                            {
                                "id": "_r_7_15_31"
                            }
                        ]
                    },
                    {
                        "id": "_r_7_23",
                        "children": [
                            {
                                "id": "_r_7_23_25_26"
                            },
                            {
                                "id": "_r_7_23_25_29"
                            },
                            {
                                "id": "_r_7_23_25_30"
                            }
                        ]
                    },
                    {
                        "id": "_r_7_27",
                        "children": [
                            {
                                "id": "_r_7_27_28_29"
                            },
                            {
                                "id": "_r_7_27_28_30"
                            }
                        ]
                    }
                ]
            }
        ]
    },
    "constraints": {}
}