{
    "id": "FM__r",
    "name": "FM__r",
    "features": {
        "_r": {
            "name": "_r",
            "optional": true,
            "type": "FEATURE",
            "note": ""
        },
        "_r_1": {
            "name": "_r_1",
            "optional": false,
            "type": "FEATURE",
            "note": ""
        },
        "_r_1_10": {
            "name": "_r_1_10",
            "optional": false,
            "type": "FEATURE",
            "note": ""
        },
        "_r_1_9": {
            "name": "_r_1_9",
            "optional": false,
            "type": "FEATURE",
            "note": ""
        },
        "_r_1_9_11": {
            "name": "_r_1_9_11",
            "optional": false,
            "type": "FEATURE",
            "note": ""
        },
        "_r_1_9_12": {
            "name": "_r_1_9_12",
            "optional": true,
            "type": "FEATURE",
            "note": ""
        },
        "_r_39": {
            "name": "_r_39",
            "optional": false,
            "type": "OR",
            "note": ""
        },
        "_r_39_40_41": {
            "name": "_r_39_40_41",
            "optional": true,
            "type": "OR",
            "note": ""
        },
        "_r_39_40_41_44_45": {
            "name": "_r_39_40_41_44_45",
            "optional": true,
            "type": "FEATURE",
            "note": ""
        },
        "_r_39_40_41_44_46": {
            "name": "_r_39_40_41_44_46",
            "optional": true,
            "type": "FEATURE",
            "note": ""
        },
        "_r_39_40_42": {
            "name": "_r_39_40_42",
            "optional": true,
            "type": "OR",
            "note": ""
        },
        "_r_39_40_42_49_50": {
            "name": "_r_39_40_42_49_50",
            "optional": true,
            "type": "FEATURE",
            "note": ""
        },
        "_r_39_40_42_49_51": {
            "name": "_r_39_40_42_49_51",
            "optional": true,
            "type": "FEATURE",
            "note": ""
        },
        "_r_39_40_43": {
            "name": "_r_39_40_43",
            "optional": true,
            "type": "FEATURE",
            "note": ""
        },
        "_r_53": {
            "name": "_r_53",
            "optional": true,
            "type": "FEATURE",
            "note": ""
        },
        "_r_54": {
            "name": "_r_54",
            "optional": true,
            "type": "FEATURE",
            "note": ""
        },
        "_r_55": {
            "name": "_r_55",
            "optional": true,
            "type": "OR",
            "note": ""
        },
        "_r_55_56_57": {
            "name": "_r_55_56_57",
            "optional": true,
            "type": "FEATURE",
            "note": ""
        },
        "_r_55_56_58": {
            "name": "_r_55_56_58",
            "optional": true,
            "type": "FEATURE",
            "note": ""
        },
        "_r_6": {
            "name": "_r_6",
            "optional": false,
            "type": "FEATURE",
            "note": ""
        }
    },
    "tree": {
        "id": "_r",
        "children": [
            {
                "id": "_r_1",
                "children": [
                    {
                        "id": "_r_1_10"
                    },
                    {
                        "id": "_r_1_9",
                        "children": [
                            {
                                "id": "_r_1_9_11"
                            },
                            {
                                "id": "_r_1_9_12"
                            }
                        ]
                    }
                ]
            },
            {
                "id": "_r_39",
                "children": [
                    {
                        "id": "_r_39_40_41",
                        "children": [
                            {
                                "id": "_r_39_40_41_44_45"
                            },
                            {
                                "id": "_r_39_40_41_44_46"
                            }
                        ]
                    },
                    {
                        "id": "_r_39_40_42",
                        "children": [
                            {
                                "id": "_r_39_40_42_49_50"
                            },
                            {
                                "id": "_r_39_40_42_49_51"
                            }
                        ]
                    },
                    {
                        "id": "_r_39_40_43"
                    }
                ]
            },
            {
                "id": "_r_53"
            },
            {
                "id": "_r_54"
            },
            {
                "id": "_r_55",
                "children": [
                    {
                        "id": "_r_55_56_57"
                    },
                    {
                        "id": "_r_55_56_58"
                    }
                ]
            },
            {
                "id": "_r_6"
            }
        ]
    },
    "constraints": {}
}