{
    "id": "FM__r",
    "name": "FM__r",
    "features": {
        "_r": {
            "name": "_r",
            "optional": true,
            "type": "OR",
            "note": ""
        },
        "_r_40_41": {
            "name": "_r_40_41",
            "optional": true,
            "type": "FEATURE",
            "note": ""
        },
        "_r_40_41_42": {
            "name": "_r_40_41_42",
            "optional": false,
            "type": "FEATURE",
            "note": ""
        },
        "_r_40_43": {
            "name": "_r_40_43",
            "optional": true,
            "type": "FEATURE",
            "note": ""
        },
        "_r_40_43_45": {
            "name": "_r_40_43_45",
            "optional": false,
            "type": "FEATURE",
            "note": ""
        },
        "_r_40_43_45_49": {
            "name": "_r_40_43_45_49",
            "optional": false,
            "type": "FEATURE",
            "note": ""
        },
        "_r_40_43_45_50": {
            "name": "_r_40_43_45_50",
            "optional": false,
            "type": "FEATURE",
            "note": ""
        },
        "_r_40_43_45_51": {
            "name": "_r_40_43_45_51",
            "optional": false,
            "type": "FEATURE",
            "note": ""
        },
        "_r_40_43_45_53": {
            "name": "_r_40_43_45_53",
            "optional": false,
            "type": "FEATURE",
            "note": ""
        },
        "_r_40_46": {
            "name": "_r_40_46",
            "optional": true,
            "type": "FEATURE",
            "note": ""
        },
        "_r_40_46_47": {
            "name": "_r_40_46_47",
            "optional": false,
            "type": "FEATURE",
            "note": ""
        },
        "_r_40_46_47_48": {
            "name": "_r_40_46_47_48",
            "optional": false,
            "type": "FEATURE",
            "note": ""
        },
        "_r_40_54": {
            "name": "_r_40_54",
            "optional": true,
            "type": "FEATURE",
            "note": ""
        },
        "_r_40_54_55": {
            "name": "_r_40_54_55",
            "optional": false,
            "type": "FEATURE",
            "note": ""
        },
        "_r_40_54_56": {
            "name": "_r_40_54_56",
            "optional": false,
            "type": "FEATURE",
            "note": ""
        }
    },
    "tree": {
        "id": "_r",
        "children": [
            {
                "id": "_r_40_41",
                "children": [
                    {
                        "id": "_r_40_41_42"
                    }
                ]
            },
            {
                "id": "_r_40_43",
                "children": [
                    {
                        "id": "_r_40_43_45",
                        "children": [
                            {
                                "id": "_r_40_43_45_49"
                            },
                            {
                                "id": "_r_40_43_45_50"
                            },
                            {
                                "id": "_r_40_43_45_51"
                            },
                            {
                                "id": "_r_40_43_45_53"
                            }
                        ]
                    }
                ]
            },
            {
                "id": "_r_40_46",
                "children": [
                    {
                        "id": "_r_40_46_47",
                        "children": [
                            {
                                "id": "_r_40_46_47_48"
                            }
                        ]
                    }
                ]
            },
            {
                "id": "_r_40_54",
                "children": [
                    {
                        "id": "_r_40_54_55"
                    },
                    {
                        "id": "_r_40_54_56"
                    }
                ]
            }
        ]
    },
    "constraints": {}
}