{
    "id": "FM__r",
    "name": "FM__r",
    "features": {
        "_r": {
            "name": "_r",
            "optional": true,
            "type": "FEATURE",
            "note": ""
        },
        "_r_1": {
            "name": "_r_1",
            "optional": false,
            "type": "OR",
            "note": ""
        },
        "_r_1_3_4": {
            "name": "_r_1_3_4",
            "optional": true,
            "type": "FEATURE",
            "note": ""
        },
        "_r_1_3_5": {
            "name": "_r_1_3_5",
            "optional": true,
            "type": "FEATURE",
            "note": ""
        },
        "_r_2": {
            "name": "_r_2",
            "optional": false,
            "type": "OR",
            "note": ""
        },
        "_r_2_32_33": {
            "name": "_r_2_32_33",
            "optional": true,
            "type": "FEATURE",
            "note": ""
        },
        "_r_2_32_34": {
            "name": "_r_2_32_34",
            "optional": true,
            "type": "FEATURE",
            "note": ""
        },
        "_r_2_32_35": {
            "name": "_r_2_32_35",
            "optional": true,
            "type": "FEATURE",
            "note": ""
        },
        "_r_2_32_36": {
            "name": "_r_2_32_36",
            "optional": true,
            "type": "FEATURE",
            "note": ""
        },
        "_r_6": {
            "name": "_r_6",
            "optional": false,
            "type": "FEATURE",
            "note": ""
        },
        "_r_6_14": {
            "name": "_r_6_14",
            "optional": true,
            "type": "OR",
            "note": ""
        },
        "_r_6_14_19_20": {
            "name": "_r_6_14_19_20",
            "optional": true,
            "type": "FEATURE",
            "note": ""
        },
        "_r_6_14_19_21": {
            "name": "_r_6_14_19_21",
            "optional": true,
            "type": "FEATURE",
            "note": ""
        },
        "_r_6_14_19_22": {
            "name": "_r_6_14_19_22",
            "optional": true,
            "type": "FEATURE",
            "note": ""
        },
        "_r_6_14_19_23": {
            "name": "_r_6_14_19_23",
            "optional": true,
            "type": "FEATURE",
            "note": ""
        },
        "_r_6_16": {
            "name": "_r_6_16",
            "optional": true,
            "type": "OR",
            "note": ""
        },
        "_r_6_16_24_25": {
            "name": "_r_6_16_24_25",
            "optional": true,
            "type": "FEATURE",
            "note": ""
        },
        "_r_6_16_24_26": {
            "name": "_r_6_16_24_26",
            "optional": true,
            "type": "FEATURE",
            "note": ""
        },
        "_r_6_16_24_27": {
            "name": "_r_6_16_24_27",
            "optional": true,
            "type": "FEATURE",
            "note": ""
        },
        "_r_6_17": {
            "name": "_r_6_17",
            "optional": false,
            "type": "FEATURE",
            "note": ""
        },
        "_r_6_18": {
            "name": "_r_6_18",
            "optional": true,
            "type": "OR",
            "note": ""
        },
        "_r_6_18_28_29": {
            "name": "_r_6_18_28_29",
            "optional": true,
            "type": "FEATURE",
            "note": ""
        },
        "_r_6_18_28_30": {
            "name": "_r_6_18_28_30",
            "optional": true,
            "type": "FEATURE",
            "note": ""
        },
        "_r_6_18_28_31": {
            "name": "_r_6_18_28_31",
            "optional": true,
            "type": "FEATURE",
            "note": ""
        }
    },
    "tree": {
        "id": "_r",
        "children": [
            {
                "id": "_r_1",
                "children": [
                    {
                        "id": "_r_1_3_4"
                    },
                    {
                        "id": "_r_1_3_5"
                    }
                ]
            },
            {
                "id": "_r_2",
                "children": [
                    {
                        "id": "_r_2_32_33"
                    },
                    {
                        "id": "_r_2_32_34"
                    },
                    {
                        "id": "_r_2_32_35"
                    },
                    {
                        "id": "_r_2_32_36"
                    }
                ]
            },
            {
                "id": "_r_6",
                "children": [
                    {
                        "id": "_r_6_14",
                        "children": [
                            {
                                "id": "_r_6_14_19_20"
                            },
                            {
                                "id": "_r_6_14_19_21"
                            },
                            {
                                "id": "_r_6_14_19_22"
                            },
                            {
                                "id": "_r_6_14_19_23"
                            }
                        ]
                    },
                    {
                        "id": "_r_6_16",
                        "children": [
                            {
                                "id": "_r_6_16_24_25"
                            },
                            {
                                "id": "_r_6_16_24_26"
                            },
                            {
                                "id": "_r_6_16_24_27"
                            }
                        ]
                    },
                    {
                        "id": "_r_6_17"
                    },
                    {
                        "id": "_r_6_18",
                        "children": [
                            {
                                "id": "_r_6_18_28_29"
                            },
                            {
                                "id": "_r_6_18_28_30"
                            },
                            {
                                "id": "_r_6_18_28_31"
                            }
                        ]
                    }
                ]
            }
        ]
    },
    "constraints": {
        "Constraint 0": {
            "type": "ImpliesTerm",
            "operands": [
                {
                    "type": "FeatureTerm",
                    "operands": [
                        "_r_1_3_4"
                    ]
                },
                {
                    "type": "FeatureTerm",
                    "operands": [
                        "_r_1_3_5"
                    ]
                }
            ]
        }
    }
}