{
    "id": "FM__r",
    "name": "FM__r",
    "features": {
        "_r": {
            "name": "_r",
            "optional": true,
            "type": "FEATURE",
            "note": ""
        },
        "_r_1": {
            "name": "_r_1",
            "optional": false,
            "type": "FEATURE",
            "note": ""
        },
        "_r_1_14": {
            "name": "_r_1_14",
            "optional": true,
            "type": "FEATURE",
            "note": ""
        },
        "_r_1_15": {
            "name": "_r_1_15",
            "optional": true,
            "type": "FEATURE",
            "note": ""
        },
        "_r_1_15_16_17": {
            "name": "_r_1_15_16_17",
            "optional": false,
            "type": "FEATURE",
            "note": ""
        },
        "_r_1_15_18_19": {
            "name": "_r_1_15_18_19",
            "optional": false,
            "type": "FEATURE",
            "note": ""
        },
        "_r_1_7": {
            "name": "_r_1_7",
            "optional": false,
            "type": "FEATURE",
            "note": ""
        },
        "_r_1_7_10_11": {
            "name": "_r_1_7_10_11",
            "optional": false,
            "type": "FEATURE",
            "note": ""
        },
        "_r_1_7_12_13": {
            "name": "_r_1_7_12_13",
            "optional": false,
            "type": "FEATURE",
            "note": ""
        },
        "_r_1_7_8_9": {
            "name": "_r_1_7_8_9",
            "optional": false,
            "type": "FEATURE",
            "note": ""
        },
        "_r_2": {
            "name": "_r_2",
            "optional": false,
            "type": "FEATURE",
            "note": ""
        },
        "_r_2_20_21": {
            "name": "_r_2_20_21",
            "optional": false,
            "type": "FEATURE",
            "note": ""
        },
        "_r_2_22_23": {
            "name": "_r_2_22_23",
            "optional": false,
            "type": "FEATURE",
            "note": ""
        },
        "_r_2_22_23_24_25": {
            "name": "_r_2_22_23_24_25",
            "optional": false,
            "type": "FEATURE",
            "note": ""
        },
        "_r_2_22_23_26_27": {
            "name": "_r_2_22_23_26_27",
            "optional": false,
            "type": "FEATURE",
            "note": ""
        },
        "_r_3": {
            "name": "_r_3",
            "optional": false,
            "type": "FEATURE",
            "note": ""
        },
        "_r_3_28_29": {
            "name": "_r_3_28_29",
            "optional": false,
            "type": "FEATURE",
            "note": ""
        },
        "_r_3_30_31": {
            "name": "_r_3_30_31",
            "optional": false,
            "type": "FEATURE",
            "note": ""
        },
        "_r_5": {
            "name": "_r_5",
            "optional": true,
            "type": "FEATURE",
            "note": ""
        },
        "_r_5_32_33": {
            "name": "_r_5_32_33",
            "optional": false,
            "type": "FEATURE",
            "note": ""
        },
        "_r_5_34_35": {
            "name": "_r_5_34_35",
            "optional": false,
            "type": "FEATURE",
            "note": ""
        },
        "_r_6": {
            "name": "_r_6",
            "optional": true,
            "type": "FEATURE",
            "note": ""
        }
    },
    "tree": {
        "id": "_r",
        "children": [
            {
                "id": "_r_1",
                "children": [
                    {
                        "id": "_r_1_14"
                    },
                    {
                        "id": "_r_1_15",
                        "children": [
                            {
                                "id": "_r_1_15_16_17"
                            },
                            {
                                "id": "_r_1_15_18_19"
                            }
                        ]
                    },
                    {
                        "id": "_r_1_7",
                        "children": [
                            {
                                "id": "_r_1_7_10_11"
                            },
                            {
                                "id": "_r_1_7_12_13"
                            },
                            {
                                "id": "_r_1_7_8_9"
                            }
                        ]
                    }
                ]
            },
            {
                "id": "_r_2",
                "children": [
                    {
                        "id": "_r_2_20_21"
                    },
                    {
                        "id": "_r_2_22_23",
                        "children": [
                            {
                                "id": "_r_2_22_23_24_25"
                            },
                            {
                                "id": "_r_2_22_23_26_27"
                            }
                        ]
                    }
                ]
            },
            {
                "id": "_r_3",
                "children": [
                    {
                        "id": "_r_3_28_29"
                    },
                    {
                        "id": "_r_3_30_31"
                    }
                ]
            },
            {
                "id": "_r_5",
                "children": [
                    {
                        "id": "_r_5_32_33"
                    },
                    {
                        "id": "_r_5_34_35"
                    }
                ]
            },
            {
                "id": "_r_6"
            }
        ]
    },
    "constraints": {}
}