{
    "id": "FM__r",
    "name": "FM__r",
    "features": {
        "_r": {
            "name": "_r",
            "optional": true,
            "type": "FEATURE",
            "note": ""
        },
        "_r_1": {
            "name": "_r_1",
            "optional": true,
            "type": "OR",
            "note": ""
        },
        "_r_1_32_33": {
            "name": "_r_1_32_33",
            "optional": true,
            "type": "FEATURE",
            "note": ""
        },
        "_r_1_32_34": {
            "name": "_r_1_32_34",
            "optional": true,
            "type": "FEATURE",
            "note": ""
        },
        "_r_1_32_35": {
            "name": "_r_1_32_35",
            "optional": true,
            "type": "FEATURE",
            "note": ""
        },
        "_r_1_32_36": {
            "name": "_r_1_32_36",
            "optional": true,
            "type": "FEATURE",
            "note": ""
        },
        "_r_24": {
            "name": "_r_24",
            "optional": true,
            "type": "OR",
            "note": ""
        },
        "_r_24_25": {
            "name": "_r_24_25",
            "optional": false,
            "type": "FEATURE",
            "note": ""
        },
        "_r_24_26_27": {
            "name": "_r_24_26_27",
            "optional": true,
            "type": "FEATURE",
            "note": ""
        },
        "_r_24_26_28": {
            "name": "_r_24_26_28",
            "optional": true,
            "type": "FEATURE",
            "note": ""
        },
        "_r_24_26_29": {
            "name": "_r_24_26_29",
            "optional": true,
            "type": "FEATURE",
            "note": ""
        },
        "_r_37": {
            "name": "_r_37",
            "optional": true,
            "type": "OR",
            "note": ""
        },
        "_r_37_38_39": {
            "name": "_r_37_38_39",
            "optional": true,
            "type": "FEATURE",
            "note": ""
        },
        "_r_37_38_40": {
            "name": "_r_37_38_40",
            "optional": true,
            "type": "FEATURE",
            "note": ""
        },
        "_r_37_38_41": {
            "name": "_r_37_38_41",
            "optional": true,
            "type": "FEATURE",
            "note": ""
        },
        "_r_37_38_42": {
            "name": "_r_37_38_42",
            "optional": true,
            "type": "FEATURE",
            "note": ""
        },
        "_r_37_38_43": {
            "name": "_r_37_38_43",
            "optional": true,
            "type": "FEATURE",
            "note": ""
        }
    },
    "tree": {
        "id": "_r",
        "children": [
            {
                "id": "_r_1",
                "children": [
                    {
                        "id": "_r_1_32_33"
                    },
                    {
                        "id": "_r_1_32_34"
                    },
                    {
                        "id": "_r_1_32_35"
                    },
                    {
                        "id": "_r_1_32_36"
                    }
                ]
            },
            {
                "id": "_r_24",
                "children": [
                    {
                        "id": "_r_24_25"
                    },
                    {
                        "id": "_r_24_26_27"
                    },
                    {
                        "id": "_r_24_26_28"
                    },
                    {
                        "id": "_r_24_26_29"
                    }
                ]
            },
            {
                "id": "_r_37",
                "children": [
                    {
                        "id": "_r_37_38_39"
                    },
                    {
                        "id": "_r_37_38_40"
                    },
                    {
                        "id": "_r_37_38_41"
                    },
                    {
                        "id": "_r_37_38_42"
                    },
                    {
                        "id": "_r_37_38_43"
                    }
                ]
            }
        ]
    },
    "constraints": {}
}