{
    "id": "FM__r",
    "name": "FM__r",
    "features": {
        "_r": {
            "name": "_r",
            "optional": true,
            "type": "FEATURE",
            "note": ""
        },
        "_r_1": {
            "name": "_r_1",
            "optional": false,
            "type": "OR",
            "note": ""
        },
        "_r_13": {
            "name": "_r_13",
            "optional": true,
            "type": "FEATURE",
            "note": ""
        },
        "_r_14": {
            "name": "_r_14",
            "optional": true,
            "type": "FEATURE",
            "note": ""
        },
        "_r_16": {
            "name": "_r_16",
            "optional": false,
            "type": "FEATURE",
            "note": ""
        },
        "_r_16_17": {
            "name": "_r_16_17",
            "optional": true,
            "type": "FEATURE",
            "note": ""
        },
        "_r_16_18": {
            "name": "_r_16_18",
            "optional": true,
            "type": "FEATURE",
            "note": ""
        },
        "_r_1_27_28": {
            "name": "_r_1_27_28",
            "optional": true,
            "type": "FEATURE",
            "note": ""
        },
        "_r_1_27_30": {
            "name": "_r_1_27_30",
            "optional": true,
            "type": "FEATURE",
            "note": ""
        },
        "_r_1_27_31": {
            "name": "_r_1_27_31",
            "optional": true,
            "type": "FEATURE",
            "note": ""
        },
        "_r_22": {
            "name": "_r_22",
            "optional": true,
            "type": "FEATURE",
            "note": ""
        },
        "_r_23": {
            "name": "_r_23",
            "optional": false,
            "type": "FEATURE",
            "note": ""
        },
        "_r_23_24": {
            "name": "_r_23_24",
            "optional": true,
            "type": "FEATURE",
            "note": ""
        },
        "_r_23_25": {
            "name": "_r_23_25",
            "optional": true,
            "type": "FEATURE",
            "note": ""
        },
        "_r_23_26": {
            "name": "_r_23_26",
            "optional": true,
            "type": "FEATURE",
            "note": ""
        },
        "_r_3": {
            "name": "_r_3",
            "optional": false,
            "type": "FEATURE",
            "note": ""
        },
        "_r_7": {
            "name": "_r_7",
            "optional": false,
            "type": "FEATURE",
            "note": ""
        }
    },
    "tree": {
        "id": "_r",
        "children": [
            {
                "id": "_r_1",
                "children": [
                    {
                        "id": "_r_1_27_28"
                    },
                    {
                        "id": "_r_1_27_30"
                    },
                    {
                        "id": "_r_1_27_31"
                    }
                ]
            },
            {
                "id": "_r_13"
            },
            {
                "id": "_r_14"
            },
            {
                "id": "_r_16",
                "children": [
                    {
                        "id": "_r_16_17"
                    },
                    {
                        "id": "_r_16_18"
                    }
                ]
            },
            {
                "id": "_r_22"
            },
            {
                "id": "_r_23",
                "children": [
                    {
                        "id": "_r_23_24"
                    },
                    {
                        "id": "_r_23_25"
                    },
                    {
                        "id": "_r_23_26"
                    }
                ]
            },
            {
                "id": "_r_3"
            },
            {
                "id": "_r_7"
            }
        ]
    },
    "constraints": {
        "Constraint 0": {
            "type": "ImpliesTerm",
            "operands": [
                {
                    "type": "FeatureTerm",
                    "operands": [
                        "_r_1"
                    ]
                },
                {
                    "type": "FeatureTerm",
                    "operands": [
                        "_r_1_27_31"
                    ]
                }
            ]
        }
    }
}