{
    "id": "FM__r",
    "name": "FM__r",
    "features": {
        "_r": {
            "name": "_r",
            "optional": true,
            "type": "FEATURE",
            "note": ""
        },
        "_r_11": {
            "name": "_r_11",
            "optional": false,
            "type": "XOR",
            "note": ""
        },
        "_r_11_12_13": {
            "name": "_r_11_12_13",
            "optional": true,
            "type": "FEATURE",
            "note": ""
        },
        "_r_11_12_16": {
            "name": "_r_11_12_16",
            "optional": true,
            "type": "FEATURE",
            "note": ""
        },
        "_r_17": {
            "name": "_r_17",
            "optional": true,
            "type": "FEATURE",
            "note": ""
        },
        "_r_18": {
            "name": "_r_18",
            "optional": true,
            "type": "OR",
            "note": ""
        },
        "_r_18_19_20": {
            "name": "_r_18_19_20",
            "optional": true,
            "type": "FEATURE",
            "note": ""
        },
        "_r_18_19_21": {
            "name": "_r_18_19_21",
            "optional": true,
            "type": "FEATURE",
            "note": ""
        },
        "_r_18_19_22": {
            "name": "_r_18_19_22",
            "optional": true,
            "type": "FEATURE",
            "note": ""
        },
        "_r_2": {
            "name": "_r_2",
            "optional": false,
            "type": "FEATURE",
            "note": ""
        },
        "_r_23": {
            "name": "_r_23",
            "optional": false,
            "type": "OR",
            "note": ""
        },
        "_r_23_24_25": {
            "name": "_r_23_24_25",
            "optional": true,
            "type": "FEATURE",
            "note": ""
        },
        "_r_23_24_26": {
            "name": "_r_23_24_26",
            "optional": true,
            "type": "XOR",
            "note": ""
        },
        "_r_23_24_26_27_28": {
            "name": "_r_23_24_26_27_28",
            "optional": true,
            "type": "FEATURE",
            "note": ""
        },
        "_r_23_24_26_27_29": {
            "name": "_r_23_24_26_27_29",
            "optional": true,
            "type": "FEATURE",
            "note": ""
        },
        "_r_3": {
            "name": "_r_3",
            "optional": false,
            "type": "XOR",
            "note": ""
        },
        "_r_30": {
            "name": "_r_30",
            "optional": true,
            "type": "FEATURE",
            "note": ""
        },
        "_r_31": {
            "name": "_r_31",
            "optional": true,
            "type": "FEATURE",
            "note": ""
        },
        "_r_32": {
            "name": "_r_32",
            "optional": true,
            "type": "FEATURE",
            "note": ""
        },
        "_r_3_8_10": {
            "name": "_r_3_8_10",
            "optional": true,
            "type": "FEATURE",
            "note": ""
        },
        "_r_3_8_9": {
            "name": "_r_3_8_9",
            "optional": true,
            "type": "FEATURE",
            "note": ""
        }
    },
    "tree": {
        "id": "_r",
        "children": [
            {
                "id": "_r_11",
                "children": [
                    {
                        "id": "_r_11_12_13"
                    },
                    {
                        "id": "_r_11_12_16"
                    }
                ]
            },
            {
                "id": "_r_17"
            },
            {
                "id": "_r_18",
                "children": [
                    {
                        "id": "_r_18_19_20"
                    },
                    {
                        "id": "_r_18_19_21"
                    },
                    {
                        "id": "_r_18_19_22"
                    }
                ]
            },
            {
                "id": "_r_2"
            },
            {
                "id": "_r_23",
                "children": [
                    {
                        "id": "_r_23_24_25"
                    },
                    {
                        "id": "_r_23_24_26",
                        "children": [
                            {
                                "id": "_r_23_24_26_27_28"
                            },
                            {
                                "id": "_r_23_24_26_27_29"
                            }
                        ]
                    }
                ]
            },
            {
                "id": "_r_3",
                "children": [
                    {
                        "id": "_r_3_8_10"
                    },
                    {
                        "id": "_r_3_8_9"
                    }
                ]
            },
            {
                "id": "_r_30"
            },
            {
                "id": "_r_31"
            },
            {
                "id": "_r_32"
            }
        ]
    },
    "constraints": {
        "Constraint 0": {
            "type": "ImpliesTerm",
            "operands": [
                {
                    "type": "FeatureTerm",
                    "operands": [
                        "_r_31"
                    ]
                },
                {
                    "type": "FeatureTerm",
                    "operands": [
                        "_r_32"
                    ]
                }
            ]
        },
        "Constraint 1": {
            "type": "ImpliesTerm",
            "operands": [
                {
                    "type": "FeatureTerm",
                    "operands": [
                        "_r_30"
                    ]
                },
                {
                    "type": "FeatureTerm",
                    "operands": [
                        "_r_32"
                    ]
                }
            ]
        }
    }
}