{
    "id": "FM__r",
    "name": "FM__r",
    "features": {
        "_r": {
            "name": "_r",
            "optional": true,
            "type": "FEATURE",
            "note": ""
        },
        "_r_1": {
            "name": "_r_1",
            "optional": false,
            "type": "FEATURE",
            "note": ""
        },
        "_r_19": {
            "name": "_r_19",
            "optional": false,
            "type": "OR",
            "note": ""
        },
        "_r_19_20_21": {
            "name": "_r_19_20_21",
            "optional": true,
            "type": "FEATURE",
            "note": ""
        },
        "_r_19_20_23": {
            "name": "_r_19_20_23",
            "optional": true,
            "type": "FEATURE",
            "note": ""
        },
        "_r_19_20_24": {
            "name": "_r_19_20_24",
            "optional": true,
            "type": "FEATURE",
            "note": ""
        },
        "_r_3": {
            "name": "_r_3",
            "optional": false,
            "type": "FEATURE",
            "note": ""
        },
        "_r_3_10": {
            "name": "_r_3_10",
            "optional": true,
            "type": "FEATURE",
            "note": ""
        },
        "_r_3_7": {
            "name": "_r_3_7",
            "optional": false,
            "type": "FEATURE",
            "note": ""
        },
        "_r_4": {
            "name": "_r_4",
            "optional": false,
            "type": "FEATURE",
            "note": ""
        },
        "_r_4_9": {
            "name": "_r_4_9",
            "optional": true,
            "type": "FEATURE",
            "note": ""
        },
        "_r_5": {
            "name": "_r_5",
            "optional": false,
            "type": "FEATURE",
            "note": ""
        },
        "_r_5_12": {
            "name": "_r_5_12",
            "optional": false,
            "type": "FEATURE",
            "note": ""
        },
        "_r_5_12_13": {
            "name": "_r_5_12_13",
            "optional": false,
            "type": "FEATURE",
            "note": ""
        },
        "_r_5_12_14": {
            "name": "_r_5_12_14",
            "optional": false,
            "type": "FEATURE",
            "note": ""
        },
        "_r_5_15": {
            "name": "_r_5_15",
            "optional": false,
            "type": "FEATURE",
            "note": ""
        },
        "_r_5_16": {
            "name": "_r_5_16",
            "optional": false,
            "type": "FEATURE",
            "note": ""
        },
        "_r_5_17": {
            "name": "_r_5_17",
            "optional": true,
            "type": "FEATURE",
            "note": ""
        },
        "_r_5_18": {
            "name": "_r_5_18",
            "optional": false,
            "type": "FEATURE",
            "note": ""
        }
    },
    "tree": {
        "id": "_r",
        "children": [
            {
                "id": "_r_1"
            },
            {
                "id": "_r_19",
                "children": [
                    {
                        "id": "_r_19_20_21"
                    },
                    {
                        "id": "_r_19_20_23"
                    },
                    {
                        "id": "_r_19_20_24"
                    }
                ]
            },
            {
                "id": "_r_3",
                "children": [
                    {
                        "id": "_r_3_10"
                    },
                    {
                        "id": "_r_3_7"
                    }
                ]
            },
            {
                "id": "_r_4",
                "children": [
                    {
                        "id": "_r_4_9"
                    }
                ]
            },
            {
                "id": "_r_5",
                "children": [
                    {
                        "id": "_r_5_12",
                        "children": [
                            {
                                "id": "_r_5_12_13"
                            },
                            {
                                "id": "_r_5_12_14"
                            }
                        ]
                    },
                    {
                        "id": "_r_5_15"
                    },
                    {
                        "id": "_r_5_16"
                    },
                    {
                        "id": "_r_5_17"
                    },
                    {
                        "id": "_r_5_18"
                    }
                ]
            }
        ]
    },
    "constraints": {}
}